{"type":"FeatureCollection","features":[{"type":"Feature","properties":{},"geometry":{"type":"MultiLineString","coordinates":[[[-77.1820385,-11.813175],[-77.1815492,-11.8127117],[-77.18106,-11.8121487],[-77.1811573,-11.8119348],[-77.1815118,-11.8119562],[-77.181599,-11.8122427],[-77.1819051,-11.8125272],[-77.1819781,-11.8126623],[-77.1820728,-11.8128723],[-77.1823093,-11.8130415],[-77.182444,-11.8132676],[-77.1820385,-11.813175]],[[-77.2597164,-11.7721089],[-77.2594535,-11.7718726],[-77.2593731,-11.771652],[-77.2592765,-11.7713737],[-77.2593087,-11.7711636],[-77.2590941,-11.7712214],[-77.25896,-11.7711846],[-77.2588366,-11.7709641],[-77.2588366,-11.7707592],[-77.2589815,-11.7703654],[-77.2591102,-11.7702341],[-77.2592229,-11.7702341],[-77.2594321,-11.7703811],[-77.2597003,-11.7705387],[-77.2599417,-11.7706805],[-77.2600758,-11.7709168],[-77.2601777,-11.7711531],[-77.2603655,-11.7713737],[-77.260403,-11.771442],[-77.2604406,-11.771568],[-77.2602,-11.7718901],[-77.260167,-11.7718201],[-77.2599578,-11.7718673],[-77.2597164,-11.7721089]],[[-77.2233617,-11.7986413],[-77.2236487,-11.7983262],[-77.2236836,-11.7983393],[-77.2237426,-11.7984207],[-77.2237453,-11.7985468],[-77.2237051,-11.7986649],[-77.2235897,-11.7991743],[-77.22363,-11.7993397],[-77.2236729,-11.7994867],[-77.2236648,-11.799618],[-77.2235924,-11.799954],[-77.2235817,-11.80013],[-77.2236353,-11.800298],[-77.2236595,-11.8004424],[-77.2236112,-11.8006682],[-77.2235012,-11.8007443],[-77.223469,-11.8006104],[-77.2234502,-11.8005002],[-77.223402,-11.8002586],[-77.2234181,-11.8001405],[-77.223402,-11.8000669],[-77.2233161,-11.7998989],[-77.2232732,-11.7998805],[-77.2231069,-11.8002008],[-77.2230318,-11.8003137],[-77.2229058,-11.8003295],[-77.2228655,-11.8002429],[-77.2229943,-11.8000696],[-77.2230747,-11.7998937],[-77.2230828,-11.7996862],[-77.2230774,-11.7995786],[-77.2230801,-11.7991323],[-77.2230962,-11.798959],[-77.2230989,-11.7989196],[-77.2231874,-11.7987437],[-77.2233617,-11.7986413]],[[-77.2581929,-11.7739154],[-77.2581285,-11.7735951],[-77.2581393,-11.773364],[-77.258665,-11.7730594],[-77.2589171,-11.7730279],[-77.2591478,-11.7730332],[-77.2593302,-11.773091],[-77.25943,-11.7734501],[-77.2591746,-11.7737842],[-77.2589976,-11.773947],[-77.2587186,-11.773989],[-77.2585148,-11.7739732],[-77.2581929,-11.7739154]],[[-77.2407317,-11.7873223],[-77.2405708,-11.7874484],[-77.2404903,-11.7873538],[-77.2403699,-11.7875899],[-77.2400558,-11.7877477],[-77.2397232,-11.7878842],[-77.2394496,-11.7876794],[-77.2396642,-11.7871648],[-77.2397554,-11.7869495],[-77.2398412,-11.7868655],[-77.2400558,-11.7867762],[-77.240088,-11.7865924],[-77.2401792,-11.7863561],[-77.2406083,-11.7861828],[-77.2407264,-11.7860095],[-77.24078,-11.7857312],[-77.2408336,-11.7856104],[-77.2410214,-11.7855947],[-77.2414899,-11.7856899],[-77.2414899,-11.78621],[-77.2410858,-11.7864244],[-77.2409141,-11.7866397],[-77.2408283,-11.7869547],[-77.2406942,-11.7871648],[-77.2407317,-11.7873223]],[[-77.1981677,-11.7764283],[-77.197988,-11.7762786],[-77.1978968,-11.7761789],[-77.1979263,-11.7760948],[-77.1980202,-11.7760423],[-77.1981034,-11.7760423],[-77.1982099,-11.7760053],[-77.1987042,-11.7761263],[-77.1987793,-11.7763338],[-77.1986908,-11.7764519],[-77.1981677,-11.7764283]],[[-76.8990445,-12.3067422],[-76.8990547,-12.3067581],[-76.8990679,-12.3067691],[-76.8990699,-12.3067859],[-76.8990587,-12.3067979],[-76.8990323,-12.3067969],[-76.8990282,-12.3068068],[-76.8990089,-12.3068167],[-76.8989957,-12.3068306],[-76.8989988,-12.3068435],[-76.8990099,-12.3068495],[-76.899012,-12.3068604],[-76.8989947,-12.3068684],[-76.899001,-12.3068969],[-76.8990365,-12.3068966],[-76.8991289,-12.3068847],[-76.8991926,-12.3069037],[-76.8992719,-12.3069231],[-76.8993004,-12.3069614],[-76.899334,-12.3069892],[-76.8993349,-12.3070058],[-76.8993328,-12.3070201],[-76.8993208,-12.3070359],[-76.8992943,-12.3070498],[-76.8992659,-12.3070498],[-76.8992344,-12.3070776],[-76.8992039,-12.3070895],[-76.8991724,-12.3070985],[-76.8991368,-12.3071064],[-76.8991155,-12.3071193],[-76.899066,-12.307147],[-76.8990473,-12.3071721],[-76.8990379,-12.3071915],[-76.8990064,-12.3072029],[-76.8989609,-12.3071994],[-76.898948,-12.3071846],[-76.8989107,-12.3071766],[-76.898885,-12.3071607],[-76.898857,-12.3071207],[-76.8988465,-12.3070865],[-76.8988558,-12.3070158],[-76.8988687,-12.3069918],[-76.8988803,-12.3069702],[-76.8988897,-12.3069531],[-76.89888,-12.3069069],[-76.8988759,-12.306888],[-76.8988851,-12.3068751],[-76.8989156,-12.3068732],[-76.8989359,-12.3068692],[-76.898943,-12.3068612],[-76.8989481,-12.3068444],[-76.8989389,-12.3068275],[-76.8989501,-12.3068175],[-76.8989532,-12.3068076],[-76.8989247,-12.3067907],[-76.8989095,-12.3067838],[-76.8988932,-12.3067878],[-76.8988627,-12.3067897],[-76.8988404,-12.3067778],[-76.8988383,-12.3067599],[-76.8988464,-12.3067381],[-76.8988464,-12.3067232],[-76.8988627,-12.3067123],[-76.8988922,-12.3067182],[-76.8988922,-12.3067371],[-76.8989054,-12.3067381],[-76.8989176,-12.3067321],[-76.8989278,-12.3067242],[-76.8989552,-12.3067113],[-76.8989765,-12.3067143],[-76.8989979,-12.3067242],[-76.8990445,-12.3067422]],[[-77.2395918,-12.0949309],[-77.2395549,-12.0949007],[-77.2395388,-12.0948797],[-77.2395341,-12.0948561],[-77.2395448,-12.0948318],[-77.239581,-12.0947827],[-77.2396427,-12.0947473],[-77.239683,-12.0947184],[-77.2397064,-12.094702],[-77.2397232,-12.0946751],[-77.23974,-12.0946522],[-77.2397487,-12.0946319],[-77.2397473,-12.0946148],[-77.23974,-12.0946004],[-77.2397286,-12.0945906],[-77.2397162,-12.0945817],[-77.2396977,-12.0945892],[-77.2396823,-12.0945886],[-77.2396692,-12.094585],[-77.2396518,-12.0945558],[-77.2396414,-12.0945512],[-77.239624,-12.0945532],[-77.2395878,-12.0945571],[-77.2395871,-12.0945276],[-77.2395854,-12.0945119],[-77.2395816,-12.0945071],[-77.2395764,-12.094504],[-77.2395677,-12.0945024],[-77.2395583,-12.0945066],[-77.2395445,-12.0945237],[-77.2395267,-12.0945486],[-77.2394909,-12.0946509],[-77.2394738,-12.0946666],[-77.2394642,-12.0946722],[-77.239455,-12.0946728],[-77.2394474,-12.0946701],[-77.2394433,-12.0946663],[-77.2394422,-12.0946568],[-77.2394791,-12.0945965],[-77.2394979,-12.0945506],[-77.2395133,-12.0945197],[-77.239516,-12.0944804],[-77.2395281,-12.0944542],[-77.2395482,-12.094407],[-77.2395663,-12.0943945],[-77.2395945,-12.0943565],[-77.2397178,-12.094207],[-77.2397162,-12.0941775],[-77.2397162,-12.0941598],[-77.2397131,-12.094148],[-77.2397074,-12.0941375],[-77.2397026,-12.0941363],[-77.239694,-12.0941454],[-77.2396883,-12.0941458],[-77.2396852,-12.0941421],[-77.239684,-12.0941376],[-77.2396857,-12.0941326],[-77.23969,-12.0941276],[-77.2396937,-12.0941145],[-77.2396984,-12.0940978],[-77.2397068,-12.0940877],[-77.2397178,-12.0940834],[-77.2397353,-12.0940844],[-77.2398412,-12.0941034],[-77.239864,-12.0941099],[-77.2398875,-12.0941244],[-77.239901,-12.0941447],[-77.2398989,-12.0941742],[-77.2398603,-12.0942394],[-77.2398523,-12.0942758],[-77.2398593,-12.0943306],[-77.2398707,-12.0943696],[-77.2398784,-12.0943948],[-77.2398885,-12.0944089],[-77.2398999,-12.0944116],[-77.2399146,-12.0944086],[-77.2399267,-12.0944014],[-77.2399317,-12.0943935],[-77.2399336,-12.0943804],[-77.2399307,-12.0943676],[-77.2399364,-12.0943532],[-77.2399525,-12.0943362],[-77.2399747,-12.094327],[-77.2399975,-12.094328],[-77.2400451,-12.094326],[-77.2402016,-12.0943411],[-77.2402355,-12.0943499],[-77.2402684,-12.094386],[-77.240381,-12.0943991],[-77.2404729,-12.0944299],[-77.2404977,-12.0944332],[-77.2405299,-12.0944214],[-77.2405621,-12.0944175],[-77.2406103,-12.0944371],[-77.2406454,-12.094459],[-77.2406781,-12.0944889],[-77.2406955,-12.0945184],[-77.2407009,-12.0945394],[-77.2406942,-12.0945617],[-77.2406841,-12.0945794],[-77.2406694,-12.0945886],[-77.2406385,-12.0945912],[-77.2406144,-12.0945978],[-77.2405976,-12.0946194],[-77.2405802,-12.0946469],[-77.2405547,-12.0946634],[-77.2404447,-12.0947053],[-77.2403723,-12.0947368],[-77.240316,-12.0948312],[-77.2402959,-12.094843],[-77.2402664,-12.0948522],[-77.2402094,-12.0948509],[-77.2401269,-12.0948653],[-77.2400236,-12.0949243],[-77.239856,-12.0949466],[-77.2396709,-12.0949433],[-77.2395918,-12.0949309]],[[-76.7074976,-12.5892239],[-76.7073332,-12.589557],[-76.7070669,-12.5896964],[-76.706852,-12.5897309],[-76.7068037,-12.5894458],[-76.7068278,-12.589209],[-76.7069163,-12.5890193],[-76.7069163,-12.5887893],[-76.7070235,-12.5887901],[-76.7071199,-12.5888021],[-76.7073177,-12.5887088],[-76.7075202,-12.5886479],[-76.7076033,-12.5888716],[-76.7076302,-12.5890887],[-76.7076749,-12.5891905],[-76.7076749,-12.5892978],[-76.7075971,-12.5893188],[-76.7074976,-12.5892239]],[[-76.7899035,-12.4620577],[-76.7901411,-12.4620636],[-76.7902315,-12.4621649],[-76.7902744,-12.4623508],[-76.7905829,-12.4626651],[-76.7906365,-12.4627987],[-76.7904702,-12.462817],[-76.79032,-12.4628354],[-76.7900944,-12.4627441],[-76.7899158,-12.4627955],[-76.7896924,-12.4626835],[-76.7897192,-12.4625342],[-76.7897729,-12.4623875],[-76.7897594,-12.4622566],[-76.789805,-12.4621413],[-76.7899035,-12.4620577]],[[-76.80204,-12.47459],[-76.8022936,-12.4747483],[-76.8022775,-12.4749893],[-76.8023687,-12.4752878],[-76.8026101,-12.4752092],[-76.8027657,-12.475623],[-76.8026798,-12.4758273],[-76.8023419,-12.4760368],[-76.8022346,-12.475864],[-76.8021005,-12.4759268],[-76.8021702,-12.4761887],[-76.8020361,-12.4763039],[-76.8021434,-12.4766025],[-76.8020683,-12.4768696],[-76.8018484,-12.4771944],[-76.8015265,-12.4772991],[-76.8013548,-12.4769639],[-76.8012046,-12.4771472],[-76.8013495,-12.4773096],[-76.8013495,-12.4777181],[-76.8013334,-12.4783781],[-76.8011027,-12.4784933],[-76.8008899,-12.47846],[-76.8007004,-12.4783309],[-76.8005126,-12.4784619],[-76.80036,-12.47847],[-76.8002122,-12.478509],[-76.8002444,-12.4786714],[-76.8001425,-12.4788495],[-76.8002068,-12.479038],[-76.8001854,-12.479169],[-76.7998807,-12.4792764],[-76.7994087,-12.4789621],[-76.7995481,-12.4787422],[-76.799811,-12.478606],[-76.7996822,-12.4783389],[-76.7991243,-12.4780036],[-76.7987864,-12.4779617],[-76.7986415,-12.4780298],[-76.7986523,-12.4782132],[-76.7984538,-12.4780613],[-76.7983036,-12.4781084],[-76.7982285,-12.477946],[-76.7987059,-12.4776108],[-76.7986952,-12.4774118],[-76.7985718,-12.4771709],[-76.798266,-12.4770713],[-76.7981105,-12.4770556],[-76.7981212,-12.4768775],[-76.7981051,-12.476689],[-76.7977618,-12.4765842],[-76.7978637,-12.4764009],[-76.7977993,-12.4763223],[-76.7975257,-12.4764009],[-76.7974614,-12.4763276],[-76.7974345,-12.47616],[-76.7972897,-12.4761024],[-76.7972414,-12.476029],[-76.7973326,-12.4759347],[-76.7973112,-12.4757567],[-76.7973755,-12.4756886],[-76.7975901,-12.4756729],[-76.7976223,-12.4758667],[-76.7978197,-12.4758849],[-76.7980718,-12.475623],[-76.7982327,-12.4754554],[-76.7982381,-12.475204],[-76.7982971,-12.4750312],[-76.798442,-12.4750207],[-76.7984902,-12.4747902],[-76.7981255,-12.4741355],[-76.7979806,-12.4739836],[-76.7980021,-12.4738369],[-76.7980879,-12.4738212],[-76.7980289,-12.4737112],[-76.7981147,-12.4736536],[-76.7981898,-12.4737584],[-76.7982864,-12.4736955],[-76.7981523,-12.473486],[-76.7981952,-12.4733603],[-76.7981362,-12.4730513],[-76.7983937,-12.4731927],[-76.7986726,-12.4731456],[-76.7990267,-12.4732084],[-76.7994558,-12.4730879],[-76.7994344,-12.472847],[-76.7992305,-12.4724175],[-76.7990589,-12.4720351],[-76.7989087,-12.4717366],[-76.7991286,-12.4713699],[-76.7996919,-12.4714014],[-76.7999601,-12.4715218],[-76.8002176,-12.4718204],[-76.8003892,-12.4721347],[-76.800459,-12.4719304],[-76.8006843,-12.4720823],[-76.8008291,-12.4724804],[-76.8015035,-12.4728497],[-76.8016215,-12.4725773],[-76.8017464,-12.4725589],[-76.801902,-12.4727265],[-76.8020307,-12.4728522],[-76.8019878,-12.4730408],[-76.8020721,-12.4733106],[-76.8024583,-12.4738973],[-76.8024224,-12.4739417],[-76.8020147,-12.4737427],[-76.8018913,-12.4744236],[-76.80204,-12.47459]],[[-76.7077068,-12.5931058],[-76.7076283,-12.5928672],[-76.7074812,-12.5928539],[-76.7072576,-12.5928688],[-76.7071224,-12.5928124],[-76.7069873,-12.5928107],[-76.7067824,-12.5927755],[-76.7065588,-12.5922116],[-76.7065054,-12.5918291],[-76.7065758,-12.5916735],[-76.7066896,-12.5917382],[-76.7067789,-12.5917088],[-76.7067732,-12.5915846],[-76.706643,-12.5914616],[-76.7064845,-12.5913483],[-76.7065212,-12.5910428],[-76.7066105,-12.5908482],[-76.7066549,-12.5910466],[-76.7068478,-12.5913959],[-76.7071645,-12.5916434],[-76.707369,-12.5918525],[-76.7074885,-12.5920671],[-76.7075878,-12.5922729],[-76.7076086,-12.5920834],[-76.7075475,-12.5917135],[-76.7076774,-12.5917119],[-76.7078158,-12.5919915],[-76.7080272,-12.5920584],[-76.70831,-12.59242],[-76.7079597,-12.5928736],[-76.7078894,-12.5931458],[-76.7077068,-12.5931058]],[[-77.1902794,-11.8065834],[-77.1902096,-11.8068302],[-77.1900863,-11.806909],[-77.189916,-11.806876],[-77.1897268,-11.8069195],[-77.1896517,-11.8070507],[-77.189464,-11.8069142],[-77.1892816,-11.8069457],[-77.1891689,-11.8070245],[-77.1890509,-11.8068985],[-77.1883535,-11.8062368],[-77.1881926,-11.8060478],[-77.1882356,-11.805444],[-77.188257,-11.8049766],[-77.1883643,-11.8049294],[-77.1886378,-11.8050501],[-77.1902794,-11.8065834]],[[-77.1924855,-11.8380105],[-77.192324,-11.8380275],[-77.1922284,-11.8380224],[-77.1922243,-11.8380196],[-77.1922162,-11.8380205],[-77.1922129,-11.8380171],[-77.1922074,-11.8380179],[-77.1922046,-11.8380237],[-77.1921957,-11.838025],[-77.1921944,-11.8380279],[-77.1921919,-11.8380279],[-77.1921907,-11.8380259],[-77.1921684,-11.8380283],[-77.1921614,-11.8380247],[-77.1921567,-11.8380251],[-77.1921507,-11.8380222],[-77.1921454,-11.8380248],[-77.1921414,-11.8380299],[-77.1921365,-11.8380307],[-77.1921093,-11.8380084],[-77.192059,-11.8380137],[-77.1920044,-11.8379627],[-77.1919738,-11.8378631],[-77.1919678,-11.837815],[-77.1919082,-11.8377989],[-77.191908,-11.8377245],[-77.1918846,-11.8376976],[-77.1918448,-11.8376421],[-77.1918554,-11.8375506],[-77.1918404,-11.8374787],[-77.1918633,-11.8374461],[-77.1919924,-11.8373965],[-77.1919771,-11.8373767],[-77.1919699,-11.8373569],[-77.1919888,-11.8372859],[-77.1920029,-11.8372668],[-77.1920348,-11.8372704],[-77.1920426,-11.8372451],[-77.1920144,-11.8372395],[-77.1919697,-11.8371912],[-77.1919613,-11.8371907],[-77.1919517,-11.8371954],[-77.1919242,-11.8371631],[-77.1919025,-11.8371603],[-77.1918792,-11.8371402],[-77.1918649,-11.8371144],[-77.1918586,-11.8370887],[-77.1918698,-11.8370492],[-77.1918702,-11.837032],[-77.1918013,-11.8369388],[-77.1917844,-11.8369415],[-77.1917418,-11.836912],[-77.1917277,-11.836881],[-77.1917115,-11.8368685],[-77.1917157,-11.8368476],[-77.1917008,-11.8368239],[-77.1916576,-11.836791],[-77.1916821,-11.836761],[-77.1917171,-11.8367499],[-77.1917719,-11.8367576],[-77.1917897,-11.8367452],[-77.1918275,-11.8367478],[-77.1919207,-11.836815],[-77.1920743,-11.8367887],[-77.1921132,-11.8368024],[-77.1921712,-11.8368898],[-77.1921979,-11.8368924],[-77.1922199,-11.8367874],[-77.1922602,-11.8367497],[-77.1922484,-11.8366858],[-77.1923005,-11.8366044],[-77.192321,-11.8365843],[-77.192319,-11.8365594],[-77.1923273,-11.8365487],[-77.1923563,-11.8365349],[-77.1923679,-11.8365293],[-77.192425,-11.8365354],[-77.1924335,-11.8365168],[-77.1924612,-11.8365114],[-77.1925092,-11.8364772],[-77.1924855,-11.8364529],[-77.1924577,-11.8364265],[-77.1924218,-11.8364106],[-77.192384,-11.8364066],[-77.1923501,-11.8364104],[-77.19231,-11.836402],[-77.1922361,-11.8364173],[-77.1922312,-11.8363598],[-77.1922352,-11.8363145],[-77.1922947,-11.8362584],[-77.1923363,-11.8361355],[-77.1924012,-11.836087],[-77.19244,-11.8360028],[-77.1924939,-11.8359145],[-77.1924771,-11.8358878],[-77.1925987,-11.8356593],[-77.1926883,-11.8355582],[-77.1927177,-11.8354816],[-77.1927292,-11.835482],[-77.1927407,-11.8354685],[-77.1927827,-11.8354864],[-77.1928058,-11.8354853],[-77.1928097,-11.8355217],[-77.1927907,-11.8355409],[-77.1927775,-11.8355503],[-77.1927642,-11.8355665],[-77.1927752,-11.8355772],[-77.1927593,-11.8356076],[-77.1927519,-11.83563],[-77.1927585,-11.8356558],[-77.1927704,-11.8357046],[-77.1927931,-11.8357085],[-77.1928281,-11.8356478],[-77.1928383,-11.8356265],[-77.192916,-11.835553],[-77.1928951,-11.8355259],[-77.1929023,-11.8354844],[-77.1929506,-11.8354529],[-77.1929724,-11.8354628],[-77.1929786,-11.8354508],[-77.1929675,-11.8354277],[-77.1930322,-11.8353857],[-77.1931337,-11.8354228],[-77.1931266,-11.8354611],[-77.1931219,-11.8354985],[-77.1931283,-11.8355138],[-77.1931402,-11.8355174],[-77.1931456,-11.8355369],[-77.1931603,-11.8355302],[-77.1931715,-11.8354982],[-77.1931792,-11.8354188],[-77.1931887,-11.835413],[-77.1931948,-11.835421],[-77.1932082,-11.835421],[-77.1932152,-11.8354163],[-77.1932163,-11.8354048],[-77.1932231,-11.8353839],[-77.1932394,-11.8353855],[-77.1932416,-11.8353802],[-77.1932344,-11.8353765],[-77.1932269,-11.8353646],[-77.1932389,-11.8353567],[-77.19325,-11.8353547],[-77.1932546,-11.8353483],[-77.1932989,-11.835347],[-77.1933107,-11.8353392],[-77.1933226,-11.8353371],[-77.1933345,-11.8353408],[-77.1933479,-11.8353609],[-77.1933409,-11.8353691],[-77.1933221,-11.8353843],[-77.1933278,-11.835393],[-77.1933528,-11.8353865],[-77.193362,-11.8353897],[-77.1933653,-11.8353983],[-77.1933589,-11.8354076],[-77.1933549,-11.83547],[-77.1933454,-11.835524],[-77.1933457,-11.8355437],[-77.1933623,-11.8355498],[-77.1933827,-11.8355402],[-77.1933976,-11.8355316],[-77.1933972,-11.8355029],[-77.1934127,-11.835441],[-77.1934318,-11.8353866],[-77.1934438,-11.8353768],[-77.1934598,-11.835373],[-77.1934762,-11.8353787],[-77.1934835,-11.8353923],[-77.1934859,-11.8353808],[-77.1934937,-11.8353717],[-77.1935033,-11.8353615],[-77.1935214,-11.8353644],[-77.1935396,-11.8353613],[-77.1935611,-11.8353607],[-77.1935742,-11.8353678],[-77.1935825,-11.8353899],[-77.1935676,-11.835582],[-77.1935694,-11.8357268],[-77.1935294,-11.8359014],[-77.1935009,-11.8359725],[-77.1935256,-11.8360162],[-77.1935111,-11.8361192],[-77.1934651,-11.8361479],[-77.1935049,-11.8361694],[-77.1934475,-11.8362516],[-77.1932943,-11.8362995],[-77.1928978,-11.8363916],[-77.1928842,-11.8364466],[-77.1929949,-11.8364421],[-77.1931046,-11.8364835],[-77.1931282,-11.8365162],[-77.1931075,-11.8365512],[-77.1930217,-11.8366165],[-77.193002,-11.8366559],[-77.192925,-11.8367255],[-77.1927502,-11.8368509],[-77.1928347,-11.8368274],[-77.1932397,-11.8366115],[-77.1933375,-11.8366298],[-77.1933515,-11.836715],[-77.19327,-11.8368101],[-77.1933188,-11.8368398],[-77.1933106,-11.8369352],[-77.1932842,-11.8370694],[-77.1932385,-11.8371823],[-77.1932446,-11.8372053],[-77.1932909,-11.8372198],[-77.1932851,-11.8372363],[-77.1933022,-11.8372296],[-77.1933045,-11.8372347],[-77.193299,-11.8372561],[-77.1932792,-11.8372497],[-77.1932614,-11.8372597],[-77.1932677,-11.8372619],[-77.1932539,-11.8372695],[-77.1932443,-11.8372651],[-77.1932347,-11.8372736],[-77.1932454,-11.8372726],[-77.1932444,-11.8372812],[-77.1932521,-11.8372886],[-77.1932725,-11.8372713],[-77.1932803,-11.8372728],[-77.193308,-11.8373706],[-77.1933243,-11.8373804],[-77.1933233,-11.8374004],[-77.1932721,-11.8374313],[-77.1932141,-11.8374247],[-77.1932096,-11.8374036],[-77.1932016,-11.8373813],[-77.1932112,-11.8373502],[-77.1932102,-11.8373369],[-77.1932237,-11.8373143],[-77.1932225,-11.8372973],[-77.1932272,-11.8372877],[-77.1932231,-11.8372813],[-77.1932103,-11.8372908],[-77.1932118,-11.8373066],[-77.1932025,-11.8373164],[-77.1931868,-11.8373225],[-77.1931808,-11.8373308],[-77.193148,-11.8373763],[-77.1931547,-11.837394],[-77.1931359,-11.8374249],[-77.1931116,-11.8374628],[-77.1931074,-11.8374941],[-77.1930964,-11.8375436],[-77.1930473,-11.837603],[-77.1930126,-11.8376777],[-77.1927903,-11.8378461],[-77.1926413,-11.8378913],[-77.1926425,-11.8379444],[-77.1924855,-11.8380105]],[[-77.184054,-11.8477476],[-77.1839896,-11.8476032],[-77.1838823,-11.8475402],[-77.1838394,-11.8474746],[-77.1839038,-11.8474116],[-77.1838769,-11.8473355],[-77.1838222,-11.8471746],[-77.1840316,-11.8469116],[-77.1841478,-11.8468446],[-77.1842283,-11.8468577],[-77.1843356,-11.8468577],[-77.184459,-11.8468288],[-77.1846212,-11.8468798],[-77.1846601,-11.8470257],[-77.1847808,-11.8470598],[-77.1848935,-11.8470913],[-77.1849418,-11.8471727],[-77.184931,-11.8472803],[-77.1848935,-11.8473381],[-77.1847942,-11.8473958],[-77.1846816,-11.8474982],[-77.1846414,-11.8476452],[-77.18447,-11.84769],[-77.1843007,-11.8477555],[-77.1841773,-11.8477791],[-77.184054,-11.8477476]],[[-77.1891421,-11.8290197],[-77.18903,-11.82887],[-77.1889892,-11.8286522],[-77.188957,-11.8283634],[-77.1889114,-11.8282348],[-77.1888739,-11.8280589],[-77.1888363,-11.8278935],[-77.1889034,-11.8276887],[-77.1889812,-11.8276467],[-77.1890509,-11.8276913],[-77.18928,-11.8278201],[-77.1894184,-11.8279486],[-77.1894398,-11.8281481],[-77.1894264,-11.828324],[-77.1894291,-11.8285708],[-77.1894345,-11.8287992],[-77.1893755,-11.8289882],[-77.1891421,-11.8290197]],[[-77.2118443,-11.7924213],[-77.2119087,-11.792164],[-77.2119409,-11.7919539],[-77.21174,-11.79185],[-77.2115064,-11.7918384],[-77.211206,-11.7921745],[-77.2108841,-11.792269],[-77.2104335,-11.792059],[-77.2104925,-11.7918647],[-77.2106963,-11.7915969],[-77.2108144,-11.7914393],[-77.210986,-11.7912345],[-77.2110289,-11.7910455],[-77.2108841,-11.7909405],[-77.2107768,-11.7908722],[-77.2106159,-11.7904836],[-77.2106799,-11.79031],[-77.2106799,-11.79005],[-77.2104496,-11.7897852],[-77.2105193,-11.7895541],[-77.2106534,-11.7893546],[-77.2110772,-11.7891025],[-77.2112757,-11.789092],[-77.2114742,-11.7891655],[-77.2116029,-11.789071],[-77.2118175,-11.7891025],[-77.2119623,-11.7892496],[-77.2120482,-11.7894596],[-77.2122413,-11.7894491],[-77.21237,-11.7893808],[-77.2125471,-11.7893966],[-77.2126275,-11.7894911],[-77.21251,-11.7897801],[-77.2127026,-11.7900057],[-77.2127456,-11.7902053],[-77.2127938,-11.7905991],[-77.2127992,-11.7909457],[-77.2126919,-11.7913606],[-77.2126061,-11.7916074],[-77.21239,-11.7921],[-77.2121233,-11.7924108],[-77.2118443,-11.7924213]],[[-77.2205079,-11.7916441],[-77.2201645,-11.7913921],[-77.2199339,-11.7913763],[-77.2196066,-11.791203],[-77.2193813,-11.7907934],[-77.2195699,-11.7902401],[-77.2198159,-11.7900793],[-77.2198802,-11.78999],[-77.2201055,-11.7899742],[-77.2203499,-11.7902401],[-77.2207063,-11.7906411],[-77.2211399,-11.7912599],[-77.22115,-11.79152],[-77.2208941,-11.7916494],[-77.2208029,-11.7916914],[-77.2205079,-11.7916441]],[[-77.21695,-11.7900101],[-77.21695,-11.78975],[-77.2170961,-11.7894754],[-77.2171229,-11.7893493],[-77.2172678,-11.7893178],[-77.2173375,-11.7894071],[-77.2172101,-11.78975],[-77.2172101,-11.7900001],[-77.21695,-11.7900101]],[[-77.265349,-11.7780536],[-77.2651613,-11.7777386],[-77.2650969,-11.7772029],[-77.2650808,-11.7770296],[-77.2648233,-11.776809],[-77.2647107,-11.7763259],[-77.2646463,-11.7762629],[-77.2645605,-11.7763522],[-77.2645658,-11.7765622],[-77.2644693,-11.7768668],[-77.2642171,-11.7770296],[-77.2639101,-11.7768901],[-77.2635734,-11.776578],[-77.2637236,-11.7762839],[-77.2636646,-11.7760318],[-77.2634661,-11.7757535],[-77.2633535,-11.7755802],[-77.2634125,-11.7753439],[-77.2633642,-11.7751601],[-77.2631496,-11.7748817],[-77.2630799,-11.7746822],[-77.2631013,-11.7745509],[-77.2632462,-11.7745194],[-77.2633535,-11.7744091],[-77.2632408,-11.7742673],[-77.2631282,-11.7742148],[-77.2632355,-11.7739312],[-77.2632247,-11.7737369],[-77.2631228,-11.7736161],[-77.2628439,-11.7735373],[-77.2626883,-11.7735426],[-77.2625971,-11.7737211],[-77.2625595,-11.7737001],[-77.262286,-11.7734691],[-77.2621036,-11.7733798],[-77.2620399,-11.7729099],[-77.262125,-11.7727601],[-77.26183,-11.7727338],[-77.261653,-11.7726656],[-77.2616369,-11.7724503],[-77.2617281,-11.7723295],[-77.2618192,-11.7721299],[-77.2615832,-11.7720406],[-77.2613955,-11.7717833],[-77.2613096,-11.7716993],[-77.2611702,-11.7715312],[-77.2611916,-11.7713264],[-77.2614384,-11.7711374],[-77.2615296,-11.7711741],[-77.26176,-11.77137],[-77.261771,-11.7716153],[-77.2620124,-11.7716205],[-77.2619534,-11.7718201],[-77.2621036,-11.7719566],[-77.2621894,-11.7719566],[-77.2625059,-11.7718778],[-77.2627151,-11.7717833],[-77.2628814,-11.7718201],[-77.2630048,-11.7717203],[-77.2630048,-11.7715155],[-77.2631121,-11.7712949],[-77.2632515,-11.7711006],[-77.2635899,-11.77109],[-77.2636056,-11.7713054],[-77.2638094,-11.7715575],[-77.2637129,-11.7719041],[-77.2637665,-11.7721562],[-77.2639328,-11.7723505],[-77.2637451,-11.7730174],[-77.26387,-11.7728901],[-77.2640884,-11.7728284],[-77.2642601,-11.7727023],[-77.2643899,-11.7728901],[-77.26396,-11.7735799],[-77.2637987,-11.7737684],[-77.2638416,-11.7738944],[-77.2640669,-11.7738944],[-77.2642171,-11.7737369],[-77.2644532,-11.7734953],[-77.2649145,-11.7734428],[-77.2651184,-11.7736109],[-77.2652257,-11.7737789],[-77.265231,-11.7738944],[-77.2648609,-11.7743251],[-77.2652203,-11.7743933],[-77.265392,-11.7745036],[-77.2653008,-11.7747032],[-77.2656226,-11.7747872],[-77.2659499,-11.7748555],[-77.2661001,-11.7746349],[-77.2662503,-11.7745351],[-77.2665238,-11.7745509],[-77.2667223,-11.7747557],[-77.2670388,-11.7748922],[-77.2671729,-11.7749973],[-77.2670174,-11.7751233],[-77.2669101,-11.7752126],[-77.267189,-11.7754436],[-77.2673231,-11.7754804],[-77.2673875,-11.7760633],[-77.2672212,-11.7761263],[-77.2669959,-11.7761789],[-77.2669476,-11.7765202],[-77.2671837,-11.776746],[-77.2673661,-11.7769141],[-77.2674573,-11.7771031],[-77.2675002,-11.7772502],[-77.2673339,-11.7773552],[-77.2670388,-11.7772764],[-77.266835,-11.7768668],[-77.2667545,-11.776725],[-77.2665936,-11.7766042],[-77.2664541,-11.776536],[-77.2661376,-11.7767828],[-77.2658962,-11.7767828],[-77.2657299,-11.7767985],[-77.2658199,-11.77709],[-77.2660679,-11.7773289],[-77.266202,-11.7775495],[-77.2662181,-11.7777333],[-77.266,-11.7780299],[-77.2656548,-11.7779749],[-77.265349,-11.7780536]],[[-77.1836785,-11.8453903],[-77.1835202,-11.8452065],[-77.1834531,-11.8451593],[-77.18327,-11.84513],[-77.1831769,-11.8448889],[-77.1832761,-11.8448154],[-77.183421,-11.8447524],[-77.1835899,-11.8446789],[-77.18392,-11.8446099],[-77.1841076,-11.8447918],[-77.1843007,-11.844797],[-77.1843222,-11.8448574],[-77.1843007,-11.8449571],[-77.1842229,-11.8450438],[-77.18393,-11.8453801],[-77.1836785,-11.8453903]],[[-77.1976715,-11.7799074],[-77.1973524,-11.7798995],[-77.1971592,-11.7798208],[-77.1969686,-11.779693],[-77.1966952,-11.7796947],[-77.1965504,-11.7794217],[-77.1966523,-11.7790829],[-77.1967006,-11.7789018],[-77.1967998,-11.7787757],[-77.1969661,-11.7785158],[-77.1970788,-11.7785131],[-77.1971485,-11.778521],[-77.1972236,-11.7787232],[-77.1972263,-11.778928],[-77.197288,-11.7789963],[-77.1973926,-11.7790908],[-77.1974114,-11.7793665],[-77.1975321,-11.7794978],[-77.1976796,-11.7796606],[-77.1976715,-11.7799074]],[[-77.2746241,-11.7551274],[-77.2746778,-11.7550276],[-77.2746402,-11.7548805],[-77.2746241,-11.7548333],[-77.2746617,-11.7547387],[-77.2748601,-11.7548674],[-77.2749406,-11.7549777],[-77.2749513,-11.7550827],[-77.274887,-11.7551799],[-77.2747716,-11.7552482],[-77.2746241,-11.7551274]],[[-77.2161573,-11.7895751],[-77.2160018,-11.7892023],[-77.2159642,-11.7887559],[-77.2159642,-11.7885564],[-77.2159213,-11.7884461],[-77.2157925,-11.7885616],[-77.2157335,-11.7887822],[-77.21563,-11.78873],[-77.2154921,-11.7886089],[-77.2155672,-11.7882098],[-77.2155404,-11.7879105],[-77.2155243,-11.7875429],[-77.2158408,-11.7871911],[-77.2160661,-11.7872068],[-77.2161144,-11.7872646],[-77.2161466,-11.7875114],[-77.216152,-11.7877319],[-77.2162378,-11.787921],[-77.2163612,-11.7881258],[-77.2163719,-11.7883253],[-77.2164685,-11.7885669],[-77.2165811,-11.7888032],[-77.2166079,-11.789155],[-77.2165006,-11.7896119],[-77.2161573,-11.7895751]],[[-77.2326477,-12.1299629],[-77.2326368,-12.1299464],[-77.2326335,-12.1299281],[-77.2326475,-12.1298894],[-77.2326549,-12.1298599],[-77.2326612,-12.1297963],[-77.2326546,-12.1297484],[-77.2326643,-12.1297222],[-77.2326933,-12.1296882],[-77.2326972,-12.1296645],[-77.2326776,-12.1296117],[-77.2326158,-12.1295472],[-77.2325839,-12.1294285],[-77.2325524,-12.1293881],[-77.2325711,-12.1292849],[-77.2326282,-12.1291731],[-77.2326589,-12.1291414],[-77.2327265,-12.1290997],[-77.2327555,-12.129031],[-77.232777,-12.1289984],[-77.2328457,-12.1289478],[-77.2328936,-12.1288795],[-77.2330382,-12.1287696],[-77.2330646,-12.1287559],[-77.2330854,-12.1287605],[-77.2330968,-12.1287762],[-77.2331211,-12.1288178],[-77.2332143,-12.1288423],[-77.2334348,-12.1288457],[-77.233475,-12.1288621],[-77.2334997,-12.1288821],[-77.2335312,-12.1289831],[-77.2335488,-12.1289958],[-77.2336121,-12.1290123],[-77.2336436,-12.1290407],[-77.2336648,-12.1290496],[-77.2337067,-12.1290531],[-77.2337231,-12.1290493],[-77.2337509,-12.129024],[-77.2337701,-12.1290079],[-77.2337935,-12.1289952],[-77.2338079,-12.1289978],[-77.233821,-12.1290096],[-77.2338591,-12.1290497],[-77.2338693,-12.1290476],[-77.2338803,-12.1290283],[-77.2338964,-12.129022],[-77.233927,-12.129025],[-77.2339445,-12.1290393],[-77.233974,-12.1291039],[-77.2339907,-12.1290892],[-77.2340047,-12.1290847],[-77.2340171,-12.1290896],[-77.2340249,-12.1291048],[-77.2340453,-12.1291631],[-77.2340611,-12.1291718],[-77.2340745,-12.1291696],[-77.2340969,-12.1291561],[-77.234163,-12.1291062],[-77.2341549,-12.1290945],[-77.2341567,-12.1290833],[-77.2341769,-12.1290698],[-77.2341754,-12.1290516],[-77.2341802,-12.1290356],[-77.234262,-12.1289377],[-77.2343356,-12.128846],[-77.2343514,-12.1288516],[-77.2343621,-12.1288673],[-77.2343551,-12.128904],[-77.2343483,-12.1289501],[-77.2343568,-12.1289683],[-77.2344126,-12.1290019],[-77.234436,-12.129081],[-77.234497,-12.1291255],[-77.2345157,-12.1291709],[-77.2345177,-12.1291951],[-77.2345053,-12.1292174],[-77.2343033,-12.1293029],[-77.2342978,-12.1293138],[-77.2342974,-12.1293226],[-77.2342991,-12.1293328],[-77.234387,-12.1294452],[-77.2344235,-12.1294973],[-77.2344289,-12.1295223],[-77.2344222,-12.1295429],[-77.2343987,-12.1295592],[-77.234338,-12.1295727],[-77.2342607,-12.1295715],[-77.2341672,-12.1295615],[-77.2341432,-12.1295616],[-77.2341364,-12.1295725],[-77.2341419,-12.1295872],[-77.2341548,-12.1296011],[-77.2341563,-12.1296116],[-77.2341543,-12.1296214],[-77.2341445,-12.1296303],[-77.2341259,-12.1296394],[-77.2341115,-12.1296417],[-77.2340966,-12.1296405],[-77.2340358,-12.1295766],[-77.2339752,-12.1294941],[-77.2339365,-12.1294761],[-77.2338749,-12.1294776],[-77.2337215,-12.1295747],[-77.2336514,-12.129658],[-77.2335957,-12.1297036],[-77.2335105,-12.1297431],[-77.2335127,-12.129766],[-77.2334531,-12.1297868],[-77.2334765,-12.1298337],[-77.2334544,-12.1298911],[-77.2333497,-12.1299348],[-77.2333012,-12.1299766],[-77.2333007,-12.1300141],[-77.2332668,-12.1300439],[-77.2332189,-12.1300501],[-77.2331683,-12.1301215],[-77.2330604,-12.1301533],[-77.2329886,-12.1301467],[-77.2329311,-12.1301859],[-77.2328669,-12.1302054],[-77.2328393,-12.130205],[-77.2328199,-12.1301954],[-77.2328107,-12.1301141],[-77.2327753,-12.1300773],[-77.2327796,-12.130031],[-77.2327682,-12.1300041],[-77.2327457,-12.129978],[-77.2326477,-12.1299629]],[[-77.2356172,-12.1300158],[-77.2355341,-12.1300283],[-77.2355088,-12.1300389],[-77.2354679,-12.1300271],[-77.2354363,-12.1300006],[-77.2353914,-12.1299825],[-77.2353432,-12.1299746],[-77.2353009,-12.1299812],[-77.2352728,-12.1299746],[-77.2352479,-12.1299425],[-77.2352258,-12.1299032],[-77.2352044,-12.1298835],[-77.2351621,-12.1298704],[-77.2351339,-12.1298553],[-77.2351246,-12.1298376],[-77.2351185,-12.129814],[-77.2350991,-12.1297917],[-77.2351066,-12.1297678],[-77.2351598,-12.129697],[-77.2351918,-12.1296658],[-77.2351907,-12.1295204],[-77.2353734,-12.1291945],[-77.2354028,-12.1291551],[-77.2354471,-12.1291558],[-77.2354793,-12.1291696],[-77.2354975,-12.1292016],[-77.2355356,-12.1292735],[-77.2356798,-12.1294718],[-77.2357232,-12.1295696],[-77.2357388,-12.1296462],[-77.2357314,-12.1297554],[-77.2357247,-12.1298068],[-77.2357106,-12.1298304],[-77.2356764,-12.1298448],[-77.2356573,-12.1298507],[-77.2356469,-12.1298605],[-77.2356412,-12.129871],[-77.2356419,-12.1298828],[-77.2356452,-12.1298943],[-77.2356623,-12.1299205],[-77.2356784,-12.1299595],[-77.2356774,-12.1299726],[-77.2356717,-12.1299851],[-77.235653,-12.1300035],[-77.2356395,-12.1300133],[-77.2356172,-12.1300158]],[[-77.2348607,-12.129495],[-77.2348456,-12.1294855],[-77.2348,-12.1294057],[-77.2347859,-12.1293938],[-77.2347209,-12.1293662],[-77.2347048,-12.129344],[-77.2346496,-12.1292217],[-77.2346021,-12.1291663],[-77.234573,-12.1290523],[-77.234572,-12.128967],[-77.2345908,-12.1289585],[-77.2346148,-12.1288687],[-77.2346066,-12.1288367],[-77.2346189,-12.1287952],[-77.2346156,-12.1287044],[-77.2346263,-12.1286831],[-77.2346478,-12.1286785],[-77.234686,-12.1286903],[-77.2347309,-12.1286857],[-77.2347604,-12.1287015],[-77.2347705,-12.1286988],[-77.2347725,-12.1286775],[-77.2347796,-12.1286651],[-77.2347923,-12.1286608],[-77.2348057,-12.1286648],[-77.2348144,-12.1286821],[-77.2348262,-12.1287061],[-77.2348498,-12.1287117],[-77.2349039,-12.1286936],[-77.2349254,-12.1286982],[-77.2349432,-12.1287184],[-77.2350401,-12.1288608],[-77.2350619,-12.1288645],[-77.2351038,-12.128845],[-77.235146,-12.1288418],[-77.2351937,-12.1288538],[-77.2352712,-12.1289092],[-77.2352748,-12.1289545],[-77.2353002,-12.1289742],[-77.2353093,-12.1289929],[-77.2353076,-12.1290109],[-77.2353036,-12.1290211],[-77.235293,-12.1290293],[-77.2352578,-12.1290331],[-77.2351995,-12.1290322],[-77.2351792,-12.1290371],[-77.2351705,-12.129043],[-77.2351681,-12.1290522],[-77.2351718,-12.129066],[-77.2351852,-12.1290863],[-77.2352131,-12.1291191],[-77.2352258,-12.1291532],[-77.2352225,-12.1291781],[-77.2351963,-12.1292092],[-77.2351513,-12.1292162],[-77.2350938,-12.1292933],[-77.2350806,-12.1293967],[-77.235076,-12.1294066],[-77.2350341,-12.1294504],[-77.2350196,-12.1294593],[-77.2348912,-12.129498],[-77.2348607,-12.129495]],[[-77.2317566,-12.128375],[-77.2317017,-12.1282513],[-77.2317085,-12.128186],[-77.2317203,-12.1281588],[-77.2317101,-12.1281488],[-77.2316857,-12.1281439],[-77.2315978,-12.1281736],[-77.2315342,-12.1281885],[-77.231466,-12.128179],[-77.2314298,-12.1281757],[-77.2313987,-12.1281519],[-77.231344,-12.128156],[-77.2313286,-12.1281795],[-77.2312991,-12.1281757],[-77.2312478,-12.1281431],[-77.2311978,-12.128076],[-77.2311636,-12.1280669],[-77.2311506,-12.1280396],[-77.2311162,-12.1280018],[-77.2310419,-12.1279721],[-77.2308881,-12.1278135],[-77.2308189,-12.1277193],[-77.2308025,-12.1276674],[-77.2307875,-12.1276115],[-77.2307876,-12.1275606],[-77.2308071,-12.1274383],[-77.2307918,-12.1273105],[-77.2308282,-12.1272209],[-77.2309152,-12.127061],[-77.2309574,-12.1270709],[-77.2309711,-12.1270307],[-77.2310648,-12.1270378],[-77.2311389,-12.1270373],[-77.2312873,-12.1270814],[-77.2313896,-12.1271235],[-77.2314373,-12.1271527],[-77.231473,-12.1271981],[-77.2315026,-12.1272818],[-77.2315268,-12.1272975],[-77.2315485,-12.1273057],[-77.2315633,-12.1273267],[-77.2315861,-12.1273477],[-77.2316155,-12.1273558],[-77.2316495,-12.1273511],[-77.231651,-12.1273358],[-77.2316383,-12.1272931],[-77.2316289,-12.1272439],[-77.2316186,-12.1272177],[-77.2316264,-12.1271708],[-77.2316459,-12.1270834],[-77.2316735,-12.1269903],[-77.2316782,-12.1269324],[-77.2316908,-12.1268789],[-77.231745,-12.1268422],[-77.2317642,-12.1268686],[-77.2318026,-12.1268798],[-77.231859,-12.126896],[-77.2319033,-12.1269313],[-77.2319628,-12.1270136],[-77.2319656,-12.1270448],[-77.2319831,-12.1270634],[-77.2320521,-12.1271025],[-77.2320648,-12.1271164],[-77.2320728,-12.1273578],[-77.2320802,-12.1274344],[-77.2320557,-12.1275153],[-77.2319932,-12.1276168],[-77.2319824,-12.1276289],[-77.2319213,-12.1276538],[-77.231899,-12.1276595],[-77.2318435,-12.1277515],[-77.2318414,-12.127761],[-77.2318415,-12.1277668],[-77.2318435,-12.1277721],[-77.2318684,-12.1277872],[-77.2318712,-12.1277927],[-77.2318704,-12.1277977],[-77.2318674,-12.1278036],[-77.2318361,-12.127849],[-77.2318344,-12.1278829],[-77.231847,-12.1279093],[-77.2319248,-12.1278837],[-77.2319949,-12.1278953],[-77.2320025,-12.1278935],[-77.2320067,-12.127873],[-77.2320123,-12.1278679],[-77.2320393,-12.1278731],[-77.2320502,-12.1278704],[-77.2320538,-12.1278649],[-77.232038,-12.1278408],[-77.2320422,-12.1278077],[-77.232016,-12.1277185],[-77.2320363,-12.1276772],[-77.2320413,-12.1276409],[-77.2320487,-12.1276345],[-77.2320595,-12.127633],[-77.2320987,-12.127642],[-77.2321647,-12.1275533],[-77.2321377,-12.1275071],[-77.2321537,-12.1274501],[-77.2321824,-12.1274393],[-77.2321875,-12.1273997],[-77.2322407,-12.1273807],[-77.232262,-12.1273831],[-77.2323035,-12.127427],[-77.2323237,-12.1274539],[-77.2323287,-12.1274798],[-77.2323058,-12.1275409],[-77.2323088,-12.1275924],[-77.2323229,-12.1276277],[-77.232325,-12.1276565],[-77.2323152,-12.1277026],[-77.2322304,-12.1278213],[-77.2322128,-12.1279471],[-77.2322154,-12.1279633],[-77.2322251,-12.1279685],[-77.2322374,-12.1279704],[-77.2323083,-12.1279151],[-77.2323206,-12.1279076],[-77.2323314,-12.1279046],[-77.2323381,-12.127909],[-77.2323384,-12.127921],[-77.2322938,-12.1280197],[-77.2322643,-12.1280481],[-77.2322633,-12.1280649],[-77.2322692,-12.1280823],[-77.2322814,-12.1281129],[-77.2322818,-12.1281301],[-77.2322784,-12.1281465],[-77.2322583,-12.1281704],[-77.2322372,-12.1281711],[-77.232174,-12.1281579],[-77.2320656,-12.1282369],[-77.2320372,-12.1282908],[-77.2320189,-12.1283694],[-77.2319991,-12.1283786],[-77.2319816,-12.1283822],[-77.2319471,-12.1283802],[-77.2319342,-12.1283783],[-77.2319272,-12.1283801],[-77.2319231,-12.1283855],[-77.2319042,-12.1284142],[-77.231898,-12.1284174],[-77.2318903,-12.1284179],[-77.231859,-12.1284002],[-77.2318474,-12.1283989],[-77.2318422,-12.1284019],[-77.2318406,-12.1284089],[-77.2318442,-12.1284423],[-77.2318308,-12.128453],[-77.2318127,-12.1284556],[-77.2317583,-12.1284156],[-77.2317566,-12.128375]],[[-76.7800684,-12.4170586],[-76.7800958,-12.4171271],[-76.7801276,-12.4171887],[-76.7801949,-12.4172411],[-76.7803072,-12.4173268],[-76.7804716,-12.417386],[-76.7806496,-12.4174716],[-76.7807995,-12.4175121],[-76.7809037,-12.4175463],[-76.7809584,-12.4175689],[-76.7810211,-12.4176676],[-76.7810335,-12.4177957],[-76.7809181,-12.4178464],[-76.7807859,-12.4179578],[-76.7806313,-12.4180886],[-76.7804648,-12.4181729],[-76.7803449,-12.4183403],[-76.7802483,-12.4184196],[-76.7801115,-12.4184104],[-76.7801158,-12.4184944],[-76.7801464,-12.418593],[-76.780258,-12.4187156],[-76.7802743,-12.4187989],[-76.7802084,-12.4188113],[-76.7800854,-12.4187605],[-76.7800299,-12.4188556],[-76.7799951,-12.4191019],[-76.7798704,-12.4192549],[-76.7797475,-12.4193566],[-76.7796267,-12.4194464],[-76.7795481,-12.4195703],[-76.7794557,-12.4198471],[-76.7793771,-12.4201574],[-76.7793216,-12.4203372],[-76.7792162,-12.4205765],[-76.7791139,-12.4207427],[-76.7790863,-12.4210551],[-76.7791381,-12.421414],[-76.7791897,-12.4216098],[-76.7791497,-12.4217662],[-76.7790226,-12.421706],[-76.778887,-12.4217363],[-76.7787741,-12.4219441],[-76.7786844,-12.4221918],[-76.7785196,-12.4224779],[-76.7784169,-12.422822],[-76.7784763,-12.4230927],[-76.7784924,-12.4234716],[-76.7785133,-12.4239571],[-76.7786169,-12.4242522],[-76.7786487,-12.4244962],[-76.778722,-12.4248676],[-76.7791465,-12.4256114],[-76.7790353,-12.4263104],[-76.7786324,-12.4270251],[-76.7786308,-12.4278643],[-76.7785128,-12.4282788],[-76.7777734,-12.4289655],[-76.7773693,-12.4296501],[-76.7767566,-12.4306076],[-76.7764052,-12.4311105],[-76.7758918,-12.4322112],[-76.7755489,-12.4333607],[-76.7752299,-12.4348009],[-76.7750735,-12.4356495],[-76.7749158,-12.4369275],[-76.7748814,-12.4376747],[-76.7749119,-12.4380412],[-76.7749645,-12.4386846],[-76.7751519,-12.4395164],[-76.7754425,-12.4398439],[-76.7755513,-12.4399399],[-76.7757715,-12.4400371],[-76.77592,-12.4401055],[-76.7761891,-12.4401762],[-76.7763227,-12.4402022],[-76.776364,-12.4402356],[-76.7764039,-12.4402806],[-76.7764448,-12.4402919],[-76.7764516,-12.4403134],[-76.7764366,-12.4403305],[-76.7763836,-12.4403519],[-76.7763287,-12.4403649],[-76.7762539,-12.4403468],[-76.7761429,-12.4402962],[-76.7760217,-12.4402619],[-76.7759917,-12.4402733],[-76.7759643,-12.4403091],[-76.7759794,-12.4403372],[-76.7759371,-12.4403665],[-76.7759083,-12.4403628],[-76.7758757,-12.440356],[-76.77587,-12.4403682],[-76.7758869,-12.4404042],[-76.7759101,-12.4404673],[-76.7759532,-12.4404945],[-76.7761304,-12.4405203],[-76.7763342,-12.4405535],[-76.7764153,-12.4405709],[-76.776435,-12.4406252],[-76.7764716,-12.4406678],[-76.7764753,-12.440732],[-76.776536,-12.4407689],[-76.7765629,-12.4408151],[-76.7765568,-12.4408822],[-76.7765076,-12.4409667],[-76.7764497,-12.4410191],[-76.7763816,-12.4410337],[-76.7762891,-12.4410584],[-76.7762567,-12.4410982],[-76.7762527,-12.4411571],[-76.7762437,-12.4412173],[-76.7762937,-12.4412157],[-76.7763694,-12.441225],[-76.7764346,-12.4412677],[-76.7764986,-12.4412958],[-76.7764958,-12.4413493],[-76.7764771,-12.4414129],[-76.7764875,-12.4414382],[-76.7764918,-12.4414851],[-76.7765018,-12.4414984],[-76.7765217,-12.4414608],[-76.776561,-12.4413758],[-76.7765951,-12.4413634],[-76.7766769,-12.4413314],[-76.7767412,-12.4413189],[-76.7767727,-12.4413402],[-76.7767664,-12.4413728],[-76.7767368,-12.4414146],[-76.7766512,-12.4414663],[-76.7766284,-12.441524],[-76.7765266,-12.441604],[-76.7764521,-12.4416318],[-76.7764547,-12.4416622],[-76.7765151,-12.4417873],[-76.7767324,-12.4419336],[-76.7769257,-12.442125],[-76.7772053,-12.4421706],[-76.7774216,-12.442194],[-76.7775995,-12.4420927],[-76.7778499,-12.4419604],[-76.7778969,-12.4418911],[-76.7778827,-12.4417939],[-76.7778366,-12.4417472],[-76.7777023,-12.4416896],[-76.7776512,-12.4416213],[-76.7775466,-12.4415655],[-76.7775123,-12.4414099],[-76.7775314,-12.4413396],[-76.7776655,-12.441342],[-76.7779453,-12.4413238],[-76.7782344,-12.4414284],[-76.7786883,-12.4416246],[-76.7789536,-12.4417471],[-76.7793047,-12.44217],[-76.7795566,-12.4425547],[-76.7795879,-12.4428809],[-76.779543,-12.443209],[-76.7796777,-12.4432851],[-76.7798926,-12.4432656],[-76.7799941,-12.443377],[-76.7801641,-12.4435156],[-76.7802871,-12.4434687],[-76.7803555,-12.4433321],[-76.7805469,-12.4431641],[-76.7806601,-12.4428047],[-76.7806601,-12.4425547],[-76.7807481,-12.4423516],[-76.7808476,-12.4423945],[-76.7809746,-12.4424414],[-76.7808652,-12.4427481],[-76.7807949,-12.4430625],[-76.7806485,-12.4435351],[-76.7807832,-12.4437169],[-76.7810879,-12.4438397],[-76.7812794,-12.44392],[-76.7815507,-12.443795],[-76.7816406,-12.4438516],[-76.7816972,-12.4440529],[-76.7815899,-12.4442832],[-76.7815761,-12.4443829],[-76.781709,-12.4444044],[-76.7814707,-12.4444882],[-76.7814394,-12.4448204],[-76.7814821,-12.4450056],[-76.7821219,-12.4449769],[-76.7822214,-12.444903],[-76.7822449,-12.4445369],[-76.7823049,-12.4441644],[-76.7824336,-12.4439024],[-76.7826582,-12.4435724],[-76.7830645,-12.4433007],[-76.7832735,-12.4433007],[-76.7833672,-12.4433614],[-76.7832304,-12.4435724],[-76.7832754,-12.4436777],[-76.7832461,-12.4440079],[-76.7834101,-12.4440235],[-76.7835917,-12.4438419],[-76.7838476,-12.4435724],[-76.7839981,-12.4432851],[-76.7843125,-12.4431055],[-76.7844649,-12.4431055],[-76.7847792,-12.4432559],[-76.7850507,-12.4434356],[-76.7851875,-12.4437069],[-76.7852305,-12.4440976],[-76.7852167,-12.4445489],[-76.785125,-12.4449551],[-76.7850507,-12.445377],[-76.7849316,-12.4454962],[-76.7848399,-12.4457381],[-76.7848399,-12.4461601],[-76.78475,-12.4463555],[-76.7847656,-12.4466094],[-76.7845547,-12.4470762],[-76.7846152,-12.4475137],[-76.7844785,-12.4480254],[-76.7844649,-12.4483711],[-76.7842382,-12.4488361],[-76.7841172,-12.4491972],[-76.7843125,-12.4495294],[-76.784209,-12.4496797],[-76.7842382,-12.4499961],[-76.7840585,-12.450582],[-76.7840235,-12.4509687],[-76.7836739,-12.4514022],[-76.7834864,-12.4517754],[-76.7831486,-12.452336],[-76.7830547,-12.4527111],[-76.7830429,-12.4531309],[-76.7830781,-12.4534922],[-76.783207,-12.4538437],[-76.7833575,-12.4543692],[-76.7835917,-12.455082],[-76.7838261,-12.4556426],[-76.7840469,-12.4557832],[-76.7843632,-12.4559687],[-76.7847579,-12.4561114],[-76.7852285,-12.4561934],[-76.7853789,-12.4561114],[-76.7856719,-12.4559941],[-76.7861855,-12.4557596],[-76.7865957,-12.4556426],[-76.7870976,-12.4557246],[-76.7872266,-12.4556895],[-76.7874004,-12.4557695],[-76.7874941,-12.455748],[-76.7877187,-12.4558535],[-76.7879961,-12.4558887],[-76.7881485,-12.455877],[-76.7883829,-12.4560879],[-76.788418,-12.4562969],[-76.7884062,-12.4564844],[-76.788207,-12.456836],[-76.7881485,-12.4571035],[-76.788207,-12.4573965],[-76.7883945,-12.4577461],[-76.7886855,-12.4580507],[-76.7888496,-12.4583535],[-76.788873,-12.4586816],[-76.7889044,-12.4589902],[-76.7887832,-12.459336],[-76.7886426,-12.4594024],[-76.7886055,-12.45958],[-76.7885489,-12.4598985],[-76.7886055,-12.4604492],[-76.7885312,-12.4607014],[-76.7883066,-12.4612539],[-76.788082,-12.4615527],[-76.7881485,-12.4616465],[-76.7882597,-12.4616739],[-76.7884551,-12.4616544],[-76.7885214,-12.4617481],[-76.7884746,-12.4618711],[-76.7882324,-12.4620195],[-76.7881094,-12.4621601],[-76.7878575,-12.4621035],[-76.7876386,-12.4620135],[-76.7875684,-12.4619922],[-76.7875195,-12.4621485],[-76.787334,-12.462291],[-76.7874004,-12.462375],[-76.7874941,-12.4623945],[-76.7878204,-12.4622812],[-76.7880917,-12.4624024],[-76.7882715,-12.4624141],[-76.7884551,-12.462459],[-76.7886055,-12.4627031],[-76.7885957,-12.4630566],[-76.7884864,-12.4631132],[-76.7883417,-12.4631055],[-76.7882226,-12.4631132],[-76.7882324,-12.4632539],[-76.7884101,-12.4633632],[-76.7886152,-12.463459],[-76.788877,-12.4635624],[-76.7892031,-12.4635722],[-76.7894941,-12.463711],[-76.7894454,-12.4639395],[-76.7893809,-12.4638985],[-76.7892597,-12.464086],[-76.7894004,-12.4642637],[-76.7896055,-12.4642735],[-76.7899239,-12.4642441],[-76.790166,-12.4642812],[-76.7902794,-12.464375],[-76.7904492,-12.464459],[-76.7905879,-12.4644961],[-76.7908496,-12.4645351],[-76.7909141,-12.4646837],[-76.7909141,-12.4648614],[-76.7908594,-12.4650489],[-76.7909239,-12.4651601],[-76.7910371,-12.4652735],[-76.7910371,-12.4653379],[-76.7910176,-12.4654882],[-76.790877,-12.4655351],[-76.790709,-12.4654591],[-76.790457,-12.4654395],[-76.7902794,-12.4655156],[-76.7902305,-12.4656875],[-76.7901582,-12.4658809],[-76.7903066,-12.4659375],[-76.7905215,-12.4658809],[-76.7906621,-12.4659375],[-76.7907559,-12.4661055],[-76.7906816,-12.4663575],[-76.7904181,-12.4665527],[-76.7904844,-12.4665996],[-76.7908672,-12.4665919],[-76.7909239,-12.4667754],[-76.7908496,-12.4670215],[-76.7909239,-12.4671152],[-76.7910742,-12.4671797],[-76.7911386,-12.4673476],[-76.7913066,-12.4674239],[-76.7915507,-12.467666],[-76.7917851,-12.4679375],[-76.7917656,-12.4681406],[-76.7915605,-12.4681972],[-76.7912597,-12.468209],[-76.7911465,-12.4683281],[-76.7906914,-12.4686094],[-76.7904669,-12.4688125],[-76.7902637,-12.4689355],[-76.7901816,-12.4690976],[-76.7901191,-12.4691875],[-76.7900117,-12.4691132],[-76.7899082,-12.4690507],[-76.7895,-12.4691055],[-76.7892424,-12.4691191],[-76.7890919,-12.4693575],[-76.7890781,-12.4695],[-76.7891191,-12.4696231],[-76.7893687,-12.4698488],[-76.7894267,-12.470026],[-76.7893356,-12.4701253],[-76.7893027,-12.4702226],[-76.7892832,-12.4703926],[-76.7893437,-12.470582],[-76.7894726,-12.470834],[-76.7895136,-12.4710664],[-76.7895547,-12.47125],[-76.7896974,-12.4713867],[-76.7899277,-12.4715176],[-76.7900312,-12.4714805],[-76.7901094,-12.4713575],[-76.7902344,-12.4712754],[-76.7903204,-12.4712617],[-76.7904551,-12.4712637],[-76.7905469,-12.4712832],[-76.7907344,-12.4713222],[-76.790834,-12.4712754],[-76.790918,-12.4711934],[-76.7910176,-12.4711075],[-76.7910917,-12.4710976],[-76.7912364,-12.471166],[-76.7913184,-12.4713535],[-76.7913417,-12.4714902],[-76.7913106,-12.4715976],[-76.791252,-12.4716504],[-76.7911329,-12.4716992],[-76.7910469,-12.4717812],[-76.7910176,-12.4718379],[-76.7910235,-12.4718986],[-76.7910704,-12.4720331],[-76.7911289,-12.4721465],[-76.7912266,-12.47217],[-76.7913164,-12.4721777],[-76.7913807,-12.4721389],[-76.7914219,-12.4720861],[-76.7914961,-12.472082],[-76.7916016,-12.4721347],[-76.7916172,-12.4722402],[-76.791582,-12.4723027],[-76.7914961,-12.4725039],[-76.7915899,-12.4726231],[-76.7916367,-12.4727246],[-76.791625,-12.4728711],[-76.7915937,-12.4730645],[-76.7916055,-12.4731387],[-76.791625,-12.4732285],[-76.791584,-12.4732969],[-76.7915937,-12.4734219],[-76.7916972,-12.4735684],[-76.7918145,-12.4736465],[-76.791961,-12.4737149],[-76.7920547,-12.4736777],[-76.7921329,-12.4735274],[-76.7921621,-12.4734687],[-76.7922167,-12.4734062],[-76.7923222,-12.4735489],[-76.792334,-12.4736426],[-76.792377,-12.473707],[-76.7923886,-12.4738027],[-76.7923789,-12.4738672],[-76.7922989,-12.4739492],[-76.7922091,-12.4740195],[-76.7923165,-12.4742579],[-76.7923379,-12.4743731],[-76.7923321,-12.4744172],[-76.7923165,-12.4745371],[-76.7922745,-12.474623],[-76.7921972,-12.4747812],[-76.7921094,-12.4748691],[-76.7920586,-12.4748106],[-76.7917147,-12.4750794],[-76.7919156,-12.4753682],[-76.7918447,-12.475398],[-76.7916638,-12.475099],[-76.7915064,-12.4752034],[-76.7914363,-12.475215],[-76.7913949,-12.4752324],[-76.7915173,-12.4753365],[-76.7914916,-12.4753654],[-76.7913633,-12.4752483],[-76.7912429,-12.4754974],[-76.7915516,-12.4755916],[-76.7915015,-12.4756863],[-76.7912206,-12.4755282],[-76.7911442,-12.4756593],[-76.7911402,-12.4757846],[-76.7911952,-12.4758329],[-76.7912129,-12.4759882],[-76.7911757,-12.4761114],[-76.791125,-12.4762774],[-76.7908926,-12.476207],[-76.7908184,-12.476293],[-76.7907871,-12.4763905],[-76.7907305,-12.4765722],[-76.7907305,-12.4766564],[-76.7907441,-12.4769551],[-76.7907539,-12.4770781],[-76.7908222,-12.4772402],[-76.7908867,-12.4773007],[-76.790916,-12.4773672],[-76.791209,-12.4772812],[-76.7909141,-12.4774356],[-76.7909219,-12.4775],[-76.790918,-12.4775625],[-76.7909297,-12.4776347],[-76.7910254,-12.4777715],[-76.7912129,-12.4779414],[-76.7914454,-12.4781114],[-76.7916445,-12.478287],[-76.7918457,-12.4784239],[-76.792002,-12.4785059],[-76.7922031,-12.4786309],[-76.7924297,-12.4787617],[-76.7927559,-12.4789257],[-76.7931309,-12.479045],[-76.7935332,-12.4791445],[-76.7939504,-12.4792293],[-76.79424,-12.4793235],[-76.7945083,-12.4794283],[-76.794836,-12.479459],[-76.7951055,-12.4794531],[-76.7952109,-12.479311],[-76.7951741,-12.479136],[-76.7953879,-12.4790863],[-76.7954375,-12.4792774],[-76.7954941,-12.4791777],[-76.795582,-12.4791582],[-76.7957637,-12.4790937],[-76.7959305,-12.479106],[-76.795989,-12.4792639],[-76.7961457,-12.4792755],[-76.7962246,-12.4792994],[-76.7963134,-12.4792985],[-76.7964121,-12.4793145],[-76.7964824,-12.4793125],[-76.7965761,-12.4792579],[-76.7966132,-12.4791621],[-76.7965917,-12.4790937],[-76.7965937,-12.4789981],[-76.7966914,-12.4789219],[-76.7967871,-12.4788652],[-76.796873,-12.4788731],[-76.7969825,-12.4788945],[-76.7970957,-12.4789531],[-76.7971562,-12.4790096],[-76.7971562,-12.4790684],[-76.7971347,-12.4791289],[-76.7971172,-12.4791875],[-76.7970664,-12.4793164],[-76.7971074,-12.4794219],[-76.7971954,-12.4794434],[-76.7973516,-12.4793575],[-76.7974864,-12.4793379],[-76.7975507,-12.4793827],[-76.7976055,-12.4794531],[-76.797625,-12.4795274],[-76.7975899,-12.479627],[-76.7974902,-12.4797715],[-76.7974297,-12.4798361],[-76.797375,-12.4799531],[-76.7973809,-12.4800469],[-76.7974395,-12.4801562],[-76.7975156,-12.4802402],[-76.7975899,-12.4803106],[-76.7976797,-12.4803496],[-76.7977207,-12.4803867],[-76.7978281,-12.4804551],[-76.7979297,-12.4805254],[-76.7980235,-12.4805507],[-76.7981191,-12.4805606],[-76.7981992,-12.4805742],[-76.798295,-12.480582],[-76.7983847,-12.4805976],[-76.7985917,-12.4806289],[-76.7989239,-12.4806289],[-76.7990764,-12.4806465],[-76.7992266,-12.4806642],[-76.7994072,-12.4806473],[-76.7994653,-12.4806342],[-76.7994872,-12.4806079],[-76.7994945,-12.4805866],[-76.799405,-12.480568],[-76.7994877,-12.4803106],[-76.7995425,-12.4801194],[-76.7996098,-12.4798451],[-76.7997338,-12.4798746],[-76.7997539,-12.4798419],[-76.7998505,-12.4798601],[-76.7999355,-12.4798981],[-76.8000576,-12.4799257],[-76.8001337,-12.4798583],[-76.8001875,-12.4797871],[-76.8002627,-12.4797649],[-76.8003632,-12.4798066],[-76.8003695,-12.4798601],[-76.8003798,-12.4799032],[-76.8003552,-12.4799754],[-76.8003583,-12.4799995],[-76.8003583,-12.4801018],[-76.8006294,-12.4800928],[-76.8006818,-12.4801469],[-76.800654,-12.4804297],[-76.8007588,-12.4804928],[-76.8009806,-12.480553],[-76.8010664,-12.4803984],[-76.8010794,-12.4803716],[-76.8010918,-12.4803315],[-76.8009949,-12.4803019],[-76.8009067,-12.4802371],[-76.8010084,-12.4800356],[-76.8010325,-12.4799687],[-76.8010268,-12.4799423],[-76.8009999,-12.479936],[-76.8009098,-12.4798822],[-76.8008173,-12.479819],[-76.8007434,-12.4797167],[-76.8007896,-12.4793798],[-76.8007773,-12.4791722],[-76.8009864,-12.4790684],[-76.8009864,-12.479],[-76.8009336,-12.4789239],[-76.8008419,-12.4788535],[-76.800834,-12.4787891],[-76.8009062,-12.4787344],[-76.8009825,-12.4787246],[-76.801166,-12.4787617],[-76.801211,-12.4788242],[-76.8013476,-12.4788672],[-76.8014667,-12.4788867],[-76.8015937,-12.4789022],[-76.8017402,-12.4790274],[-76.8020625,-12.479084],[-76.8021972,-12.4791406],[-76.802457,-12.4793164],[-76.8026581,-12.4794941],[-76.8027735,-12.4796486],[-76.8028242,-12.4797325],[-76.8029844,-12.4798889],[-76.8031152,-12.4800527],[-76.8032187,-12.4802911],[-76.8032285,-12.4804864],[-76.8032226,-12.4806131],[-76.8031661,-12.480711],[-76.8030684,-12.480748],[-76.8029844,-12.4806856],[-76.8029121,-12.4805879],[-76.8028086,-12.4804687],[-76.8026856,-12.4803887],[-76.8026895,-12.4805097],[-76.8026836,-12.4806075],[-76.8027461,-12.4807169],[-76.8027871,-12.4808105],[-76.8027579,-12.4808926],[-76.8026465,-12.4810117],[-76.8024882,-12.4811309],[-76.8024101,-12.4813027],[-76.8023574,-12.4815156],[-76.8023574,-12.4816972],[-76.8023222,-12.4818731],[-76.802338,-12.4820275],[-76.802373,-12.4821739],[-76.802373,-12.482332],[-76.8023007,-12.4825059],[-76.8021972,-12.482625],[-76.802041,-12.4827285],[-76.8018652,-12.4827695],[-76.8017305,-12.4827754],[-76.8016797,-12.4827305],[-76.8016641,-12.482625],[-76.8016172,-12.4824454],[-76.8015801,-12.4824022],[-76.8015586,-12.4825469],[-76.8015332,-12.4827129],[-76.8014922,-12.482832],[-76.8014356,-12.4829825],[-76.8013945,-12.4831524],[-76.8012011,-12.4834375],[-76.801168,-12.4835215],[-76.8010312,-12.4837031],[-76.8009434,-12.4838632],[-76.8008829,-12.4839922],[-76.8008125,-12.4840489],[-76.8007246,-12.4841836],[-76.8007402,-12.4842422],[-76.800793,-12.4843457],[-76.8007461,-12.4844531],[-76.8006582,-12.4845],[-76.8006582,-12.4845625],[-76.8005741,-12.4846309],[-76.8004396,-12.4847382],[-76.8002461,-12.484791],[-76.8001699,-12.484791],[-76.8001191,-12.4848419],[-76.8000761,-12.484967],[-76.8000665,-12.4850704],[-76.8000215,-12.4851757],[-76.799916,-12.485211],[-76.7998906,-12.485127],[-76.7998281,-12.4851504],[-76.7998027,-12.4852382],[-76.7997305,-12.4853652],[-76.7996562,-12.485416],[-76.7995917,-12.4854395],[-76.7995215,-12.4854864],[-76.7994044,-12.4855351],[-76.7993437,-12.485543],[-76.7992774,-12.4855351],[-76.7992149,-12.4855549],[-76.7992051,-12.4856211],[-76.7991816,-12.4856954],[-76.7991954,-12.485791],[-76.7992187,-12.4858652],[-76.7991954,-12.4859551],[-76.7991406,-12.4860566],[-76.7990625,-12.4861699],[-76.7990489,-12.4862266],[-76.7990215,-12.4862754],[-76.7989824,-12.4863965],[-76.7989805,-12.4864785],[-76.7989805,-12.4866739],[-76.7990704,-12.4866972],[-76.7991426,-12.4866992],[-76.7992051,-12.4867149],[-76.799252,-12.486791],[-76.7992617,-12.4868809],[-76.7992539,-12.4869766],[-76.7992364,-12.4870332],[-76.7992676,-12.4871584],[-76.7992579,-12.4872305],[-76.7992266,-12.4872969],[-76.7991544,-12.487459],[-76.7991992,-12.487584],[-76.7992735,-12.4876309],[-76.7992794,-12.487711],[-76.7991601,-12.487791],[-76.7990449,-12.4878535],[-76.7990449,-12.4879961],[-76.7991837,-12.4880996],[-76.799332,-12.4881445],[-76.7994961,-12.488174],[-76.7996601,-12.4882695],[-76.7996601,-12.4883789],[-76.7995254,-12.4884649],[-76.7993712,-12.4885312],[-76.7992676,-12.488625],[-76.7990509,-12.4887382],[-76.7988457,-12.4887051],[-76.7986972,-12.488791],[-76.7985781,-12.4888007],[-76.7983945,-12.4887735],[-76.7982636,-12.4889375],[-76.7982344,-12.489082],[-76.7981426,-12.4892285],[-76.7980664,-12.4892774],[-76.7980469,-12.4893771],[-76.798082,-12.4894512],[-76.79817,-12.4895235],[-76.7982539,-12.4895919],[-76.7983047,-12.489619],[-76.7983809,-12.4896174],[-76.7984454,-12.4895996],[-76.7984844,-12.4896757],[-76.7985195,-12.4898204],[-76.7985332,-12.4898906],[-76.7985937,-12.4899375],[-76.7986816,-12.4899902],[-76.7987422,-12.4900136],[-76.7988184,-12.4900507],[-76.798875,-12.4900469],[-76.7989435,-12.4900704],[-76.7989902,-12.4901152],[-76.7990059,-12.4902246],[-76.7990605,-12.4903184],[-76.7991114,-12.4903925],[-76.7991854,-12.4905156],[-76.7991972,-12.4905879],[-76.7992031,-12.4906582],[-76.7991797,-12.4907305],[-76.7991114,-12.4908164],[-76.7990215,-12.4909257],[-76.7990234,-12.4910039],[-76.7991035,-12.4911172],[-76.7991307,-12.4911895],[-76.7991544,-12.4912969],[-76.7991465,-12.4914825],[-76.7992559,-12.4914882],[-76.7993281,-12.4914669],[-76.7993809,-12.4914864],[-76.7997246,-12.4914844],[-76.7997832,-12.4915059],[-76.7998301,-12.4915664],[-76.7999004,-12.4915235],[-76.7999862,-12.4915586],[-76.8001074,-12.4917285],[-76.8000957,-12.4918652],[-76.8000351,-12.4920235],[-76.8000645,-12.4921347],[-76.800127,-12.4921895],[-76.8001386,-12.4923184],[-76.8000156,-12.4923789],[-76.7999356,-12.4923789],[-76.7998691,-12.4924219],[-76.7998007,-12.4925274],[-76.7998691,-12.4926621],[-76.7998496,-12.4927695],[-76.7998204,-12.492957],[-76.7996855,-12.4931289],[-76.7995371,-12.4933496],[-76.7994454,-12.4934356],[-76.7994766,-12.4935215],[-76.7996289,-12.4935507],[-76.7997579,-12.4935137],[-76.7999042,-12.4935451],[-76.8000469,-12.4935079],[-76.8000899,-12.4936816],[-76.8000899,-12.4938457],[-76.8000527,-12.4939882],[-76.8000742,-12.4940469],[-76.8001386,-12.4942402],[-76.8000996,-12.4943379],[-76.8001524,-12.4943985],[-76.800254,-12.4943809],[-76.8003106,-12.4943809],[-76.8003711,-12.4944375],[-76.8004101,-12.4945469],[-76.8004687,-12.4945507],[-76.8005625,-12.4946895],[-76.8006309,-12.4947207],[-76.8006895,-12.4947482],[-76.8007441,-12.4948164],[-76.8008027,-12.4948614],[-76.8008906,-12.4949257],[-76.800916,-12.4949961],[-76.8008829,-12.4951016],[-76.8006925,-12.4954063],[-76.8007117,-12.4954489],[-76.8008597,-12.4955955],[-76.8010015,-12.4956539],[-76.8011132,-12.4955938],[-76.8011816,-12.4954882],[-76.8012617,-12.4954082],[-76.8013184,-12.4953125],[-76.8013027,-12.4952266],[-76.8013145,-12.4951719],[-76.8014707,-12.4950684],[-76.8015903,-12.495124],[-76.8016264,-12.495177],[-76.8017957,-12.495244],[-76.80195,-12.4954021],[-76.8022657,-12.4955251],[-76.8025213,-12.4955029],[-76.802707,-12.4954141],[-76.8028712,-12.4954082],[-76.8030664,-12.4953691],[-76.8031582,-12.4953145],[-76.8032129,-12.49525],[-76.80325,-12.495125],[-76.80325,-12.4949901],[-76.8031542,-12.4947637],[-76.803168,-12.4946601],[-76.8032597,-12.4946035],[-76.8034121,-12.4944805],[-76.8035079,-12.494457],[-76.8039382,-12.4943388],[-76.804569,-12.4941721],[-76.8047707,-12.4940532],[-76.8050777,-12.4940856],[-76.8052923,-12.4941968],[-76.8053656,-12.4943517],[-76.8053467,-12.494568],[-76.8053686,-12.494762],[-76.8053721,-12.495043],[-76.8054263,-12.495225],[-76.8055131,-12.4954161],[-76.8055398,-12.495666],[-76.8054692,-12.4958826],[-76.8054272,-12.4959938],[-76.8052344,-12.4961562],[-76.8052011,-12.4962364],[-76.8051974,-12.496539],[-76.8049789,-12.4968098],[-76.8044757,-12.4969203],[-76.8038201,-12.4969365],[-76.8033355,-12.4969518],[-76.8030443,-12.4969882],[-76.8026962,-12.497219],[-76.8026054,-12.497416],[-76.8025801,-12.4976231],[-76.8025704,-12.4977169],[-76.8024984,-12.4977912],[-76.8024785,-12.4979316],[-76.8023423,-12.4981054],[-76.8020432,-12.4981964],[-76.8016831,-12.4982254],[-76.8014816,-12.4981289],[-76.8013676,-12.4978689],[-76.801247,-12.4976725],[-76.801215,-12.4978145],[-76.801069,-12.4979554],[-76.8009768,-12.4980699],[-76.800907,-12.4982186],[-76.8006771,-12.4983346],[-76.8005707,-12.4984843],[-76.8002946,-12.4985387],[-76.8001493,-12.4986599],[-76.8000249,-12.4988781],[-76.7998632,-12.4990059],[-76.7996566,-12.4990614],[-76.7995507,-12.4991426],[-76.7994707,-12.499252],[-76.7994297,-12.4993535],[-76.7994373,-12.4996399],[-76.799161,-12.4995487],[-76.7989083,-12.4995485],[-76.7986719,-12.4996035],[-76.7986042,-12.4998667],[-76.7986316,-12.5001646],[-76.7988103,-12.5002847],[-76.7990537,-12.5002251],[-76.7991426,-12.5003399],[-76.7990625,-12.5005354],[-76.7990198,-12.5008107],[-76.799127,-12.5009352],[-76.7993923,-12.5011116],[-76.7992246,-12.501244],[-76.7990265,-12.5014929],[-76.7989726,-12.5015606],[-76.7988225,-12.50181],[-76.7989177,-12.5018667],[-76.7990257,-12.5020288],[-76.7991548,-12.5021226],[-76.7993317,-12.501938],[-76.7994454,-12.50192],[-76.7995417,-12.5019309],[-76.7996524,-12.5019435],[-76.7997036,-12.5020812],[-76.7997686,-12.5021198],[-76.7998005,-12.502264],[-76.8000049,-12.5024011],[-76.8002975,-12.5023269],[-76.8004223,-12.502344],[-76.8005247,-12.5024378],[-76.8005818,-12.5025833],[-76.8005753,-12.5027334],[-76.8005822,-12.5028766],[-76.8006685,-12.5030506],[-76.8008545,-12.5032327],[-76.8010008,-12.5035051],[-76.8010695,-12.503775],[-76.8011442,-12.5038486],[-76.8012745,-12.5037383],[-76.8013017,-12.5036179],[-76.8013234,-12.5035264],[-76.8014308,-12.5035164],[-76.8015054,-12.5038469],[-76.8013641,-12.5041496],[-76.8014229,-12.5043307],[-76.801727,-12.5043644],[-76.8018425,-12.50455],[-76.8019982,-12.5046162],[-76.8021503,-12.5045372],[-76.8022388,-12.5044378],[-76.8022735,-12.5044454],[-76.8023843,-12.5044861],[-76.802453,-12.5047324],[-76.8025598,-12.5047296],[-76.8026385,-12.5048913],[-76.8026994,-12.5054081],[-76.8026952,-12.5055571],[-76.8024558,-12.5056101],[-76.802766,-12.505925],[-76.8027857,-12.506268],[-76.8030676,-12.5067446],[-76.8029133,-12.5068928],[-76.8029935,-12.5070102],[-76.8031618,-12.5072434],[-76.8031746,-12.5072806],[-76.8032014,-12.5075925],[-76.8032644,-12.5078372],[-76.8033452,-12.5078092],[-76.8034489,-12.5076871],[-76.803515,-12.5077934],[-76.8036409,-12.5078561],[-76.8036758,-12.5080301],[-76.8036161,-12.5082455],[-76.8037137,-12.5084405],[-76.8037123,-12.5087568],[-76.8035365,-12.509086],[-76.8032811,-12.5093151],[-76.8030732,-12.5093401],[-76.8029104,-12.5092244],[-76.8026134,-12.5093485],[-76.8025458,-12.5092722],[-76.8023877,-12.5093092],[-76.802182,-12.5094297],[-76.8018412,-12.5094226],[-76.8017404,-12.5091415],[-76.8015197,-12.5089167],[-76.801266,-12.5088407],[-76.8010542,-12.5088841],[-76.8009201,-12.5087183],[-76.8009373,-12.5083956],[-76.8008764,-12.5082924],[-76.8007974,-12.5082709],[-76.8007221,-12.5082893],[-76.8006553,-12.508449],[-76.8005319,-12.5085226],[-76.8004184,-12.5086686],[-76.8003349,-12.5088665],[-76.8003594,-12.5090274],[-76.8001741,-12.5089509],[-76.7999827,-12.5087141],[-76.7997947,-12.5085024],[-76.7995707,-12.5082756],[-76.7994226,-12.5081658],[-76.7992438,-12.5081394],[-76.799163,-12.5080975],[-76.7990765,-12.5080747],[-76.7989165,-12.5080686],[-76.7988139,-12.5081472],[-76.7987054,-12.5081115],[-76.7985938,-12.5081714],[-76.7985334,-12.5082463],[-76.7987408,-12.5084953],[-76.7988163,-12.5085572],[-76.7988652,-12.5087314],[-76.7989875,-12.5087424],[-76.7990864,-12.5088606],[-76.7991815,-12.5091353],[-76.7990943,-12.5092645],[-76.798797,-12.5091919],[-76.7986416,-12.5093675],[-76.7987141,-12.5095905],[-76.7986774,-12.5099518],[-76.7985327,-12.5100007],[-76.7982812,-12.5101329],[-76.7980271,-12.5103637],[-76.7979825,-12.5105079],[-76.7979257,-12.5104707],[-76.7978105,-12.5104551],[-76.7975625,-12.5104825],[-76.7974239,-12.5104297],[-76.7972989,-12.5103399],[-76.7972011,-12.510332],[-76.7970566,-12.5104239],[-76.7968985,-12.5105566],[-76.796832,-12.510623],[-76.7967266,-12.5106856],[-76.7965996,-12.5107011],[-76.7964785,-12.5106895],[-76.7963711,-12.5107169],[-76.7962714,-12.5107715],[-76.7961757,-12.5108106],[-76.7959434,-12.5110195],[-76.7957051,-12.5112539],[-76.7956191,-12.5113281],[-76.795457,-12.5114277],[-76.7953555,-12.5115195],[-76.7952969,-12.511545],[-76.7952364,-12.5115645],[-76.79517,-12.5116289],[-76.7951386,-12.5117285],[-76.7950919,-12.5118457],[-76.795045,-12.5118926],[-76.7949316,-12.5119024],[-76.7948222,-12.5119024],[-76.7946641,-12.5119941],[-76.7945976,-12.5120215],[-76.7944844,-12.5120039],[-76.7943847,-12.5120137],[-76.7942226,-12.512041],[-76.7941485,-12.5120254],[-76.7940489,-12.5119805],[-76.7938437,-12.5119785],[-76.793748,-12.5119902],[-76.7935235,-12.5120957],[-76.7932559,-12.5122285],[-76.7929766,-12.5124024],[-76.7927031,-12.5126016],[-76.7926426,-12.5126562],[-76.7925781,-12.5127305],[-76.7925079,-12.5127851],[-76.7924454,-12.5128399],[-76.7923165,-12.5129941],[-76.7921972,-12.5131191],[-76.792123,-12.5131954],[-76.7920097,-12.5132579],[-76.7917949,-12.5133906],[-76.7916855,-12.5134726],[-76.7916229,-12.5135332],[-76.7914844,-12.5136289],[-76.7913535,-12.5137422],[-76.7913106,-12.5137969],[-76.7911445,-12.5139121],[-76.791002,-12.5140235],[-76.7909434,-12.514041],[-76.7908184,-12.5140977],[-76.7906445,-12.5142402],[-76.7905722,-12.5143086],[-76.7904082,-12.5144434],[-76.790252,-12.514545],[-76.7901954,-12.5145996],[-76.790082,-12.514666],[-76.7899844,-12.5147364],[-76.7897402,-12.5149101],[-76.7896524,-12.5149551],[-76.7895059,-12.5150742],[-76.7894101,-12.5151386],[-76.7893222,-12.5151739],[-76.7891544,-12.5152812],[-76.7890507,-12.5153204],[-76.7889101,-12.5153242],[-76.7887441,-12.5154044],[-76.7884746,-12.5154239],[-76.7882422,-12.515418],[-76.7879941,-12.5154356],[-76.7879316,-12.5155274],[-76.7879472,-12.515627],[-76.7879766,-12.5157344],[-76.787957,-12.5159257],[-76.7879335,-12.5159785],[-76.7878496,-12.5160704],[-76.7877402,-12.5162149],[-76.7876309,-12.516252],[-76.7875899,-12.5163066],[-76.7874882,-12.5162812],[-76.7873516,-12.5162187],[-76.7872695,-12.5161992],[-76.7871504,-12.516129],[-76.7870704,-12.5161601],[-76.7870274,-12.5162187],[-76.786959,-12.516248],[-76.7867322,-12.5162382],[-76.7866445,-12.5163106],[-76.786545,-12.516377],[-76.7864864,-12.5164336],[-76.7863846,-12.5164941],[-76.7863632,-12.5165586],[-76.7863632,-12.5166777],[-76.7864082,-12.5167754],[-76.7864472,-12.5168847],[-76.786305,-12.5172048],[-76.786448,-12.5173357],[-76.7866007,-12.5175593],[-76.7865888,-12.5177721],[-76.786515,-12.5179638],[-76.7863864,-12.517867],[-76.7863079,-12.5179027],[-76.7862715,-12.5180235],[-76.7861678,-12.5181955],[-76.7858596,-12.5181803],[-76.7855875,-12.5180339],[-76.7853779,-12.5180018],[-76.7855679,-12.5181368],[-76.785688,-12.5182125],[-76.7857776,-12.5183361],[-76.7859805,-12.5184414],[-76.7857421,-12.5184532],[-76.7856289,-12.5184844],[-76.7856836,-12.5185547],[-76.785793,-12.5186094],[-76.7858985,-12.5186797],[-76.7859511,-12.5187851],[-76.7858926,-12.5188672],[-76.7857226,-12.5188419],[-76.7857187,-12.5189141],[-76.7857774,-12.5190097],[-76.7857656,-12.5190781],[-76.7857166,-12.5191212],[-76.7853965,-12.5191524],[-76.7852364,-12.5191152],[-76.785125,-12.5190625],[-76.7850039,-12.5188632],[-76.784916,-12.5188222],[-76.7848555,-12.5191524],[-76.7848145,-12.5191954],[-76.784711,-12.519291],[-76.784627,-12.5193809],[-76.7844844,-12.5194726],[-76.7844669,-12.5195664],[-76.784375,-12.5197285],[-76.7841642,-12.5199316]],[[-77.0264454,-12.1573105],[-77.0263943,-12.1576406],[-77.0262989,-12.1578399],[-77.0262559,-12.1579746],[-77.0262285,-12.1580742],[-77.0262246,-12.1581465],[-77.0262149,-12.1582637],[-77.0262516,-12.1583897],[-77.0262875,-12.1585011],[-77.0263348,-12.158634],[-77.0263769,-12.1587705],[-77.0264709,-12.1588534],[-77.026586,-12.1589121],[-77.0266445,-12.1589395],[-77.0267559,-12.1589844],[-77.0268222,-12.1590156],[-77.0270733,-12.159096],[-77.0274099,-12.1590827],[-77.0275654,-12.1591044],[-77.0276187,-12.1591682],[-77.0275937,-12.1592617],[-77.0275039,-12.1593516],[-77.0274492,-12.1594316],[-77.0274277,-12.159502],[-77.0274121,-12.1595762],[-77.0274141,-12.1596836],[-77.0274277,-12.159793],[-77.0274316,-12.1598731],[-77.027437,-12.1599689],[-77.027473,-12.1601237],[-77.0274885,-12.1602031],[-77.0274926,-12.1602782],[-77.0274647,-12.1603806],[-77.0274253,-12.1605141],[-77.0273842,-12.1606924],[-77.0273514,-12.1608504],[-77.0273305,-12.1610947],[-77.0275401,-12.1612867],[-77.0275462,-12.161626],[-77.027538,-12.1618997],[-77.0275321,-12.162149],[-77.0275018,-12.162512],[-77.0274986,-12.1627029],[-77.0275246,-12.1628467],[-77.0274824,-12.1630199],[-77.027523,-12.1631572],[-77.027572,-12.1634116],[-77.0276204,-12.1636195],[-77.0276716,-12.1640242],[-77.0276876,-12.1641928],[-77.0277622,-12.1644445],[-77.0278347,-12.1646586],[-77.0278555,-12.1649771],[-77.0278611,-12.1652162],[-77.0279099,-12.1652654],[-77.0279992,-12.1653541],[-77.028134,-12.1654196],[-77.0284471,-12.1656659],[-77.0287938,-12.1658085],[-77.0289384,-12.1659665],[-77.0289861,-12.1659842],[-77.0290505,-12.1659823],[-77.0291375,-12.1659558],[-77.0292207,-12.1658047],[-77.0295527,-12.1659669],[-77.029741,-12.1653554],[-77.0296933,-12.1653375],[-77.0297071,-12.1651621],[-77.0297656,-12.1651669],[-77.0297866,-12.1650195],[-77.0302587,-12.1642944],[-77.0304578,-12.1642275],[-77.0305133,-12.1642964],[-77.0302845,-12.1643863],[-77.0298856,-12.1650054],[-77.029859,-12.1651893],[-77.0300285,-12.1653025],[-77.0305994,-12.1654739],[-77.030961,-12.1655547],[-77.0310997,-12.1655497],[-77.0311415,-12.1654663],[-77.0312255,-12.165318],[-77.0315893,-12.1647654],[-77.0317065,-12.1645697],[-77.0321978,-12.1642993],[-77.0322932,-12.1643984],[-77.0320233,-12.164556],[-77.0320452,-12.1646041],[-77.0318401,-12.164698],[-77.0318137,-12.1647368],[-77.0316551,-12.1647355],[-77.0314404,-12.1651238]],[[-77.1935235,-11.6783222],[-77.1922989,-11.6804062],[-77.1921914,-11.6807695],[-77.1922676,-11.6810937],[-77.1924902,-11.6813086],[-77.1931954,-11.6813027],[-77.193334,-11.6815645],[-77.1931641,-11.6820899],[-77.192791,-11.6823281],[-77.1925176,-11.6826739],[-77.1919355,-11.6832832],[-77.191836,-11.6836094],[-77.191709,-11.6847402],[-77.1915566,-11.6851114],[-77.1915645,-11.6860976],[-77.1915684,-11.6865585],[-77.1915976,-11.6868419],[-77.1916972,-11.6878125],[-77.1920312,-11.6894725],[-77.1922579,-11.6903301],[-77.1925469,-11.690916],[-77.1929531,-11.6912832],[-77.193082,-11.6913535],[-77.1939766,-11.691916],[-77.1946934,-11.6921465],[-77.1952149,-11.6921055],[-77.1961699,-11.6910684],[-77.1966895,-11.6907754],[-77.196918,-11.6905742],[-77.197211,-11.690545],[-77.197332,-11.6906895],[-77.1973809,-11.6911309],[-77.1974667,-11.6915565],[-77.1979649,-11.6920762],[-77.1983027,-11.6928594],[-77.1988457,-11.6932794],[-77.1989844,-11.6934062],[-77.1990704,-11.6934375],[-77.1991387,-11.6934785],[-77.1992012,-11.6935527],[-77.199209,-11.6936445],[-77.1992129,-11.6937187]],[[-77.1870976,-11.8283614],[-77.1869472,-11.8283614],[-77.1868632,-11.8283711],[-77.1867989,-11.8284004],[-77.186752,-11.8284434],[-77.1866816,-11.8285722],[-77.1866386,-11.8286505],[-77.1865899,-11.8287774],[-77.1865,-11.8288789],[-77.1863945,-11.8289922],[-77.1863419,-11.8290919],[-77.1862324,-11.8292539],[-77.1862441,-11.8293456],[-77.186211,-11.8294141],[-77.1861739,-11.8294629],[-77.186166,-11.829541],[-77.186166,-11.8296347],[-77.1861816,-11.8297031],[-77.186203,-11.8297617],[-77.1863047,-11.8298867],[-77.1863867,-11.8299492],[-77.1864805,-11.83],[-77.1865566,-11.8300781],[-77.1865879,-11.8301895],[-77.1866132,-11.8302832],[-77.1866445,-11.830336],[-77.1867441,-11.8303809],[-77.1868047,-11.8303887],[-77.1868652,-11.8303887],[-77.1869726,-11.830414],[-77.1870235,-11.8304531],[-77.1870566,-11.8304961],[-77.1870996,-11.8306309],[-77.1871035,-11.8306934],[-77.187127,-11.8307481],[-77.1871895,-11.8307637],[-77.187248,-11.8308106],[-77.1872676,-11.8308632],[-77.1872832,-11.8309882],[-77.1872774,-11.8310684],[-77.1872422,-11.8311445],[-77.1871914,-11.8311816],[-77.1871465,-11.8312266],[-77.1871191,-11.831291],[-77.1871601,-11.8314044],[-77.1871524,-11.8315254],[-77.1871504,-11.8315976],[-77.1871329,-11.8316524],[-77.1870937,-11.8317051],[-77.1870215,-11.8317461],[-77.1869297,-11.8317617],[-77.1868439,-11.8317285],[-77.186711,-11.8316719],[-77.1866367,-11.8316719],[-77.1865489,-11.8316895],[-77.1864785,-11.8316856],[-77.1863614,-11.8317169],[-77.1862285,-11.8317735],[-77.1861895,-11.8318535],[-77.1861329,-11.8320684],[-77.1861152,-11.8322422],[-77.1860761,-11.8324492],[-77.1860136,-11.8327285],[-77.185918,-11.8329629],[-77.1858867,-11.8330957],[-77.1858379,-11.8333906],[-77.1857187,-11.8337051],[-77.1856914,-11.8338789],[-77.1856582,-11.8340176],[-77.1856151,-11.8341309],[-77.185584,-11.8341836],[-77.1855,-11.8342754],[-77.1854434,-11.8343575],[-77.1853457,-11.8344669],[-77.1852792,-11.8346055],[-77.185252,-11.8346757],[-77.1851934,-11.8348007],[-77.1850645,-11.835119],[-77.1849941,-11.835336],[-77.1849297,-11.8355294],[-77.1848809,-11.835668],[-77.1848242,-11.8357774],[-77.1847735,-11.835918],[-77.1847285,-11.8360664],[-77.1846582,-11.8362832],[-77.1846172,-11.8364024],[-77.1846055,-11.8364825],[-77.1846172,-11.836584],[-77.1846445,-11.8366367],[-77.1846641,-11.836711],[-77.1846621,-11.8368731],[-77.1846954,-11.8369627],[-77.1847207,-11.8370294],[-77.1847246,-11.8371289],[-77.1847539,-11.8372402],[-77.184791,-11.8373281],[-77.1848379,-11.8374356],[-77.184873,-11.8375097],[-77.184916,-11.837543],[-77.1849746,-11.8375606],[-77.1850312,-11.8375606],[-77.185086,-11.8375274],[-77.1851914,-11.8374356],[-77.1853027,-11.8373615],[-77.1855312,-11.8373555],[-77.1856074,-11.8373222],[-77.1856914,-11.8373379],[-77.1857441,-11.8373829],[-77.1857949,-11.8374629],[-77.1858262,-11.837545],[-77.1858105,-11.8375996],[-77.1858047,-11.8376621],[-77.1858457,-11.837707],[-77.1859687,-11.8377344],[-77.1861055,-11.8377909],[-77.1860937,-11.8378672],[-77.1860215,-11.837959],[-77.1860117,-11.838043],[-77.1860294,-11.838127],[-77.1860761,-11.838166],[-77.1861934,-11.8381816],[-77.186295,-11.838252],[-77.1863886,-11.8383066],[-77.1864395,-11.8383515],[-77.1864882,-11.838375],[-77.1865509,-11.838457],[-77.1865937,-11.8385507],[-77.1865801,-11.8387207],[-77.1866641,-11.8387969],[-77.1867207,-11.8388281],[-77.1868614,-11.8388379],[-77.1868945,-11.8388829],[-77.1868614,-11.8389825],[-77.1868047,-11.839043],[-77.1867149,-11.8390957],[-77.186578,-11.8391465],[-77.1864316,-11.8392342],[-77.186332,-11.8393457],[-77.1861914,-11.839459],[-77.1862461,-11.8395215],[-77.1862617,-11.839584],[-77.1863066,-11.8396524],[-77.186373,-11.8396836],[-77.1864297,-11.8396992],[-77.1864941,-11.8397266],[-77.1865371,-11.8398614],[-77.1865489,-11.8399492],[-77.1865489,-11.8400391],[-77.1865254,-11.8401485],[-77.1864667,-11.8401895],[-77.1863457,-11.8401739],[-77.1862382,-11.8401797],[-77.1861191,-11.8402129],[-77.186002,-11.8402812],[-77.1859199,-11.8403457],[-77.1858184,-11.8403926],[-77.1856719,-11.8403945],[-77.1855781,-11.8404121],[-77.1855097,-11.8404121],[-77.1853555,-11.8403945],[-77.1852695,-11.8404044],[-77.1851211,-11.8403789],[-77.185043,-11.8403652],[-77.1849316,-11.8402989],[-77.184791,-11.8402617],[-77.1846739,-11.8402364],[-77.1846074,-11.8402617],[-77.1845079,-11.8403086],[-77.1843847,-11.8403222],[-77.1842774,-11.8403594],[-77.1841504,-11.8403789],[-77.1840489,-11.8403575],[-77.1839726,-11.8402989],[-77.1838945,-11.8402402],[-77.1838106,-11.8402169],[-77.1837011,-11.8402695],[-77.1835839,-11.8402871],[-77.1834864,-11.8402851],[-77.1833985,-11.8402559],[-77.183342,-11.8402695],[-77.1832695,-11.8402695],[-77.1831855,-11.840291],[-77.1830684,-11.8402774],[-77.1829531,-11.8402422],[-77.1828437,-11.8401972],[-77.1827226,-11.8401797],[-77.182668,-11.8402305],[-77.1826406,-11.8403125],[-77.1825039,-11.8405294],[-77.1824629,-11.8406016],[-77.1824336,-11.8407051],[-77.1824199,-11.8408242],[-77.1824004,-11.8409687],[-77.182375,-11.8410722],[-77.182377,-11.8412051],[-77.1823965,-11.8412891],[-77.182375,-11.8414101],[-77.1823242,-11.8415391],[-77.1822597,-11.8416601],[-77.1821954,-11.8418106],[-77.1822129,-11.8418652],[-77.1822617,-11.8418985],[-77.1823204,-11.8419101],[-77.1824395,-11.8419061],[-77.1825586,-11.8419297],[-77.1826387,-11.8419785],[-77.1826816,-11.8420332],[-77.1827226,-11.8421055],[-77.182791,-11.8421582],[-77.1828574,-11.842168],[-77.1829667,-11.8421757],[-77.1830645,-11.8421934],[-77.1831621,-11.8422461],[-77.183207,-11.8423027],[-77.1832169,-11.8423866],[-77.1830312,-11.8425606],[-77.1829941,-11.8426465],[-77.1829902,-11.8427285],[-77.183002,-11.8428301],[-77.183002,-11.8429316],[-77.1830274,-11.8430079],[-77.1831074,-11.8429707],[-77.1831777,-11.8429707],[-77.18325,-11.8430137],[-77.1833457,-11.843125],[-77.1834707,-11.8431757],[-77.1835311,-11.8431836],[-77.183623,-11.8432012],[-77.1837402,-11.8431856],[-77.1838965,-11.8431445],[-77.1840662,-11.8431114],[-77.1841542,-11.8431092],[-77.1842422,-11.8430704],[-77.1843321,-11.8430801],[-77.1842871,-11.8431504],[-77.1842012,-11.84317],[-77.1841406,-11.8431895],[-77.1840957,-11.8432344],[-77.1841406,-11.8433516],[-77.1841991,-11.8434121],[-77.1842851,-11.8434669],[-77.184334,-11.8435469],[-77.1843204,-11.8436094],[-77.1843049,-11.8437344],[-77.1842285,-11.8438399],[-77.1841914,-11.8439277],[-77.1841289,-11.8439941],[-77.1840879,-11.844045],[-77.184041,-11.8441562],[-77.1839766,-11.8442637],[-77.1838906,-11.8443651],[-77.1837676,-11.8444395],[-77.1836172,-11.8444687],[-77.1835215,-11.8444844],[-77.183418,-11.8444864],[-77.1832617,-11.8445097],[-77.1831309,-11.8445156],[-77.1830097,-11.8445176],[-77.1829277,-11.8444766],[-77.1828516,-11.8444082],[-77.1828145,-11.8443651],[-77.1827617,-11.8443437],[-77.1826719,-11.8443887],[-77.1825957,-11.8443945],[-77.1825235,-11.8443672],[-77.1824746,-11.844332],[-77.1824336,-11.844285],[-77.182416,-11.8442266],[-77.1824219,-11.8441329],[-77.1823496,-11.8440996],[-77.182207,-11.8441582],[-77.1820899,-11.8442149],[-77.1820156,-11.844252],[-77.1819746,-11.8442989],[-77.1819532,-11.8443691],[-77.1819414,-11.8444297],[-77.1819024,-11.8445332],[-77.1818672,-11.8446016],[-77.1817676,-11.8447207],[-77.1816895,-11.8447832],[-77.1815919,-11.8448379],[-77.1815117,-11.8448672],[-77.1814434,-11.8449082],[-77.1813809,-11.844959],[-77.1813417,-11.8450195],[-77.1813379,-11.8450879],[-77.1813516,-11.8451875],[-77.1813281,-11.845295],[-77.1812656,-11.8453867],[-77.1811992,-11.8453985],[-77.1811347,-11.8453711],[-77.1810664,-11.8453242],[-77.1809805,-11.845291],[-77.1809219,-11.8452832],[-77.1808086,-11.8452207],[-77.1807305,-11.845209],[-77.1806094,-11.8451816],[-77.1805507,-11.8451954],[-77.1804667,-11.8452012],[-77.1803809,-11.8452051],[-77.1803241,-11.8451816],[-77.1802871,-11.8451309],[-77.180252,-11.845043],[-77.1802169,-11.8449882],[-77.1801426,-11.8449297],[-77.1800801,-11.8448731],[-77.1800037,-11.8448555],[-77.1799042,-11.8448164],[-77.1798555,-11.84475],[-77.1797735,-11.8446816],[-77.1797051,-11.8446465],[-77.1796485,-11.844666],[-77.1796386,-11.8447207],[-77.1796465,-11.8448379],[-77.179625,-11.8449121],[-77.1795274,-11.8450039],[-77.179459,-11.8450351],[-77.1793847,-11.845043],[-77.1793007,-11.8450235],[-77.1792207,-11.8449922],[-77.1790996,-11.844918],[-77.1790274,-11.844916],[-77.1788807,-11.8449082],[-77.1788184,-11.8448887],[-77.1787462,-11.8448222],[-77.1785919,-11.8447441],[-77.1785195,-11.8447364],[-77.1784082,-11.8447127],[-77.1783027,-11.8446641],[-77.1782461,-11.8446054],[-77.1782949,-11.844543],[-77.1783555,-11.8445039],[-77.1782324,-11.8444766],[-77.1781054,-11.8444629],[-77.1780195,-11.8444766],[-77.1779316,-11.8445722],[-77.1778027,-11.844666],[-77.1777325,-11.8447127],[-77.17767,-11.844707],[-77.1776075,-11.8446581],[-77.1775684,-11.8446132],[-77.1775097,-11.8445762],[-77.1774454,-11.8445566],[-77.1773886,-11.8444766],[-77.1773886,-11.8444024],[-77.1773632,-11.844338],[-77.177291,-11.8443242],[-77.1770996,-11.8442989],[-77.1770059,-11.8442461],[-77.176918,-11.8442187],[-77.1768164,-11.8442754],[-77.1767656,-11.8443476],[-77.1767305,-11.8444551],[-77.1766367,-11.8445469],[-77.1765507,-11.8445566],[-77.1764375,-11.8446075],[-77.1763125,-11.8446231],[-77.1762539,-11.8446504],[-77.1761601,-11.8447111],[-77.1761152,-11.8447774],[-77.1760996,-11.844832],[-77.1760605,-11.8448731],[-77.176084,-11.8449375],[-77.176166,-11.8449864],[-77.1762285,-11.845002],[-77.1763204,-11.8450057],[-77.1764004,-11.8450097],[-77.1764454,-11.8450606],[-77.1763711,-11.8451016],[-77.1762735,-11.8451562],[-77.1761895,-11.8451465],[-77.1760722,-11.8451562],[-77.1759257,-11.84525],[-77.175873,-11.8452226],[-77.1758238,-11.8451982],[-77.1757771,-11.8451855],[-77.1756229,-11.8451796],[-77.1755486,-11.8451895],[-77.1754861,-11.8451875],[-77.1753553,-11.8452364],[-77.1752615,-11.8452559],[-77.1751679,-11.8452931],[-77.1750545,-11.8453379],[-77.1750152,-11.8453699],[-77.1749829,-11.8454022],[-77.1748501,-11.8455116],[-77.1747896,-11.8455936],[-77.1747427,-11.8456386],[-77.1746683,-11.8457302],[-77.1745884,-11.8458241],[-77.1745532,-11.845871],[-77.1744966,-11.8459315],[-77.1744304,-11.8460187],[-77.1743897,-11.8460472],[-77.1743314,-11.8460953],[-77.1742642,-11.8461386],[-77.1741138,-11.8462695],[-77.1740786,-11.8463184],[-77.1740024,-11.8464042],[-77.1738989,-11.8466366],[-77.1738306,-11.846703],[-77.1737524,-11.846748],[-77.1735962,-11.8468592],[-77.1735004,-11.8469491],[-77.1733129,-11.84708],[-77.1732486,-11.8471405],[-77.1731919,-11.847203],[-77.1731157,-11.8472987],[-77.1730629,-11.8473886],[-77.1730122,-11.8474882],[-77.1729341,-11.8476132],[-77.1727642,-11.8478769],[-77.1726861,-11.8480995],[-77.1726177,-11.8483065],[-77.1725572,-11.8484471],[-77.1725103,-11.8485487],[-77.1724692,-11.8486074],[-77.1724361,-11.8486561],[-77.1722934,-11.8488105],[-77.1721879,-11.8489061],[-77.1720317,-11.8490917],[-77.1719771,-11.8491659],[-77.1718073,-11.8493671],[-77.1716587,-11.8495311],[-77.1714517,-11.8498339],[-77.1713208,-11.8500565],[-77.1712778,-11.8500936],[-77.1712368,-11.8501484],[-77.1711743,-11.8502147],[-77.1710083,-11.8503945],[-77.1708951,-11.8505292],[-77.1707017,-11.8507734],[-77.1705806,-11.850953],[-77.1705337,-11.8510116],[-77.1703656,-11.8512304],[-77.1702427,-11.851412],[-77.1701607,-11.8515664],[-77.1700063,-11.8518456],[-77.1699848,-11.8519237],[-77.1698774,-11.8521914],[-77.1697701,-11.8524726],[-77.1697094,-11.8525761],[-77.1696567,-11.8526815],[-77.1695884,-11.8527811],[-77.1694732,-11.8529081],[-77.1694029,-11.8530096],[-77.1693208,-11.8531484],[-77.1692837,-11.8532245],[-77.1692407,-11.8532636],[-77.1692094,-11.8533182],[-77.1691197,-11.8534081],[-77.1690278,-11.8535234],[-77.1688949,-11.8536581],[-77.1688129,-11.8538436],[-77.1687056,-11.8539765],[-77.1686392,-11.8540272],[-77.1685982,-11.85408],[-77.1685532,-11.8541445],[-77.1683906,-11.8542812],[-77.1683409,-11.8543094],[-77.1682835,-11.8543457],[-77.1682209,-11.8543846],[-77.168145,-11.8544194],[-77.1680709,-11.8544721],[-77.1680299,-11.8545247],[-77.1679594,-11.8545872],[-77.1679009,-11.8547104],[-77.1678306,-11.8548392],[-77.1678249,-11.854935],[-77.1677994,-11.8550072],[-77.1677056,-11.8551889],[-77.1676138,-11.8554194],[-77.1674888,-11.8556497],[-77.16744,-11.8557319],[-77.1674185,-11.8558002],[-77.1673794,-11.8558802],[-77.1673463,-11.8559506],[-77.1672701,-11.8560716],[-77.1671803,-11.8562045],[-77.1671255,-11.856267],[-77.1670689,-11.8563315],[-77.1669771,-11.8565034],[-77.1668678,-11.85664],[-77.1666783,-11.8568451],[-77.1665591,-11.8569896],[-77.1663911,-11.8571909],[-77.1663384,-11.8572534],[-77.1663013,-11.8573159],[-77.1662681,-11.8573587],[-77.166147,-11.8575639],[-77.1660983,-11.8576615],[-77.1660825,-11.85772],[-77.1660064,-11.857894],[-77.1659576,-11.8579935],[-77.1659165,-11.858066],[-77.1658306,-11.8581986],[-77.1657701,-11.8583119],[-77.1656959,-11.858431],[-77.1655748,-11.8586302],[-77.1655103,-11.8587299],[-77.1654556,-11.8588275],[-77.1653599,-11.8590267],[-77.1652818,-11.859185],[-77.1652369,-11.8592475],[-77.1651665,-11.8593549],[-77.1651393,-11.8594174],[-77.1651119,-11.8594819],[-77.1650299,-11.8596107],[-77.1649849,-11.8596771],[-77.1649498,-11.8597552],[-77.1648814,-11.8598744],[-77.1647603,-11.8600717],[-77.164479,-11.8604995],[-77.164432,-11.8605462],[-77.1643503,-11.8606712],[-77.164274,-11.860808],[-77.1641705,-11.860976],[-77.1641411,-11.8610346],[-77.1640768,-11.8611361],[-77.1640259,-11.8612181],[-77.1639693,-11.8613139],[-77.1638814,-11.8614466],[-77.1638014,-11.8615795],[-77.1637624,-11.8616517],[-77.1637134,-11.8617357],[-77.1636744,-11.8618159],[-77.1636353,-11.8618666],[-77.1635611,-11.8619956],[-77.1635123,-11.8620515],[-77.1634647,-11.8621126],[-77.1633985,-11.8621802],[-77.1633514,-11.8622662],[-77.1632615,-11.8624217],[-77.1632256,-11.8624933],[-77.1631908,-11.8625723],[-77.1630836,-11.8627764],[-77.163024,-11.8629146],[-77.1629517,-11.8631001],[-77.1628624,-11.8631981],[-77.1627668,-11.8632971],[-77.1626456,-11.863421],[-77.1625345,-11.863515],[-77.1624547,-11.8635501],[-77.1623605,-11.8636042],[-77.1622647,-11.8636882],[-77.1621428,-11.8638071],[-77.1620424,-11.8639206],[-77.1619293,-11.8640326],[-77.1617885,-11.8641444],[-77.1616906,-11.864264],[-77.1616325,-11.8643404],[-77.161548,-11.8644303],[-77.1613735,-11.8645972],[-77.1612352,-11.8647159],[-77.161075,-11.8649002],[-77.1609551,-11.8650206],[-77.160858,-11.8651403],[-77.1608066,-11.8651914],[-77.1607305,-11.8653457],[-77.1606954,-11.8654004],[-77.1606016,-11.8656114],[-77.1605762,-11.8656777],[-77.1605274,-11.8657871],[-77.1604785,-11.8658906],[-77.160377,-11.8661075],[-77.1603496,-11.8661816],[-77.1602656,-11.8663086]],[[-76.9759232,-12.2307892],[-76.9756029,-12.2309503],[-76.9753959,-12.2310789],[-76.9751946,-12.2311849],[-76.9749046,-12.2313792],[-76.9746181,-12.2315034],[-76.9743148,-12.2316022],[-76.9741571,-12.2317104],[-76.9739165,-12.2318488],[-76.9736475,-12.2319871],[-76.9733219,-12.232167],[-76.9730223,-12.232267],[-76.9727414,-12.2323607],[-76.9726423,-12.2324437],[-76.9724866,-12.2325405],[-76.9721327,-12.2326374],[-76.9717505,-12.2328172],[-76.9714815,-12.2328587],[-76.9713682,-12.2328726],[-76.9710143,-12.2330801],[-76.9707312,-12.2331908],[-76.9704294,-12.2333394],[-76.9698379,-12.2335564],[-76.9692499,-12.2338889],[-76.9687771,-12.2341045],[-76.9683497,-12.2342922],[-76.9681596,-12.234391],[-76.968,-12.2344601],[-76.9677612,-12.2345528],[-76.9674454,-12.2346771],[-76.9672369,-12.2347739],[-76.9668995,-12.2349561],[-76.9665671,-12.2350949],[-76.966099,-12.235308],[-76.9658335,-12.2353843],[-76.9656177,-12.2354945],[-76.9652714,-12.2356655],[-76.9624844,-12.236621],[-76.9621972,-12.2367814],[-76.962082,-12.2367814],[-76.9613535,-12.2369902],[-76.9612735,-12.237086],[-76.9607266,-12.2372754],[-76.9604864,-12.2374902],[-76.9602597,-12.237545],[-76.960043,-12.2376524],[-76.959873,-12.2378047],[-76.9597215,-12.2378362],[-76.9594405,-12.2381258],[-76.9591182,-12.2383303],[-76.9588759,-12.2384001],[-76.9585551,-12.2386009],[-76.9581801,-12.2387797],[-76.9576935,-12.2390501],[-76.9569503,-12.2393787],[-76.956329,-12.2396477],[-76.9558199,-12.2397974],[-76.9551797,-12.2400489],[-76.9548809,-12.2401641],[-76.9544531,-12.2403437],[-76.9541562,-12.2405235],[-76.9536816,-12.2407207],[-76.9534454,-12.2409121],[-76.95325,-12.2409805],[-76.9527559,-12.2412051],[-76.9524687,-12.2413222],[-76.9522266,-12.2414845],[-76.9519394,-12.2416094],[-76.9514375,-12.241834],[-76.9510957,-12.2419785],[-76.9506835,-12.2421757],[-76.9503691,-12.2423184],[-76.9502441,-12.2424257],[-76.9497597,-12.2426152],[-76.949543,-12.2428027],[-76.9491757,-12.2429024],[-76.9490136,-12.2430371],[-76.9488086,-12.2432187],[-76.9485469,-12.2432187],[-76.9482149,-12.2433691],[-76.9479199,-12.243584],[-76.9475957,-12.2437305],[-76.9472812,-12.2438614],[-76.946959,-12.244086],[-76.9466719,-12.2441934],[-76.9464199,-12.2443027],[-76.9459002,-12.2446347],[-76.9457031,-12.2446601],[-76.9453164,-12.2448652],[-76.945041,-12.2450254],[-76.944793,-12.2450917],[-76.9446699,-12.2451601],[-76.9444336,-12.2452774],[-76.9442285,-12.245416],[-76.9440565,-12.2455391],[-76.9439199,-12.2456152],[-76.9436739,-12.2457597],[-76.9434042,-12.2458985],[-76.9432754,-12.2459961],[-76.9431485,-12.2460762],[-76.942998,-12.2461191],[-76.9428847,-12.2461719],[-76.9427402,-12.246252],[-76.942627,-12.2463007],[-76.9422441,-12.2464746],[-76.9419981,-12.2466739],[-76.9418847,-12.2467207],[-76.9417969,-12.2467676],[-76.9414395,-12.246916],[-76.9413047,-12.2470039],[-76.9411797,-12.2471114],[-76.9410449,-12.2471954],[-76.9408652,-12.2473164],[-76.9407266,-12.247375],[-76.940377,-12.2475195],[-76.9401132,-12.2476445],[-76.9399766,-12.2476757],[-76.9398632,-12.2477325]],[[-76.7815641,-12.4090115],[-76.7816891,-12.409072],[-76.7817437,-12.4091658],[-76.781652,-12.409195],[-76.7815621,-12.4092009],[-76.7813609,-12.4092205],[-76.7810914,-12.4091443],[-76.7810191,-12.4090818],[-76.781109,-12.409031],[-76.7812184,-12.4090154],[-76.7812906,-12.4089705],[-76.7813687,-12.4089393],[-76.7814489,-12.4089626],[-76.7815641,-12.4090115]],[[-77.15645,-12.0677894],[-77.1564178,-12.0677816],[-77.1563937,-12.0677481],[-77.1563769,-12.0677029],[-77.1563602,-12.0676629],[-77.156338,-12.0676334],[-77.1563146,-12.0675953],[-77.1562877,-12.0675593],[-77.1562716,-12.0675212],[-77.1562324,-12.0674707],[-77.1561562,-12.067416],[-77.155957,-12.0673652],[-77.1556992,-12.0673125],[-77.1554141,-12.0672676],[-77.1551739,-12.0672325],[-77.154875,-12.0671816],[-77.1547012,-12.0671856],[-77.1544316,-12.0671757],[-77.154211,-12.0671524],[-77.1540097,-12.0671757],[-77.153832,-12.0672226],[-77.153541,-12.0672832],[-77.153457,-12.0673066],[-77.15325,-12.06742],[-77.1531074,-12.0675117],[-77.1530156,-12.0675722],[-77.1529766,-12.0676387],[-77.1529434,-12.0676816],[-77.1529141,-12.0677441],[-77.1529551,-12.0686056],[-77.1533789,-12.068586],[-77.1534257,-12.0686211],[-77.1534512,-12.0687031],[-77.1533652,-12.0687285],[-77.1519199,-12.0687812],[-77.1519161,-12.0686231],[-77.1527969,-12.0685976],[-77.1527851,-12.0681211],[-77.1527382,-12.0680489],[-77.1526542,-12.06792],[-77.152608,-12.0678523],[-77.1523705,-12.0678341],[-77.152139,-12.0677706],[-77.1519257,-12.0676509],[-77.1516635,-12.067525],[-77.1514092,-12.0674796],[-77.1511726,-12.0674745],[-77.1509296,-12.0675176],[-77.1506432,-12.0675775],[-77.1504006,-12.0676707],[-77.1501505,-12.0678214],[-77.1499268,-12.0679794],[-77.1497271,-12.0680707],[-77.149569,-12.0680675],[-77.1494971,-12.0681349],[-77.1495136,-12.068252],[-77.1495781,-12.0687169],[-77.1501367,-12.0686406],[-77.1501562,-12.0687812],[-77.149,-12.0689336],[-77.1489805,-12.0688066],[-77.1494239,-12.0687364],[-77.1493867,-12.0683925],[-77.1493222,-12.0678419],[-77.1491912,-12.0676972],[-77.1490469,-12.067582],[-77.1488533,-12.0674917],[-77.1486972,-12.0674702],[-77.1485254,-12.0674711],[-77.1483523,-12.0674713],[-77.1481078,-12.0674923],[-77.1479705,-12.0675104],[-77.1478235,-12.0675259],[-77.147659,-12.0675538],[-77.1474966,-12.0676103],[-77.1473555,-12.0676582],[-77.14725,-12.0677031],[-77.1471777,-12.0677364],[-77.1470957,-12.0677754],[-77.1470292,-12.0678164],[-77.1469709,-12.0678652],[-77.1469257,-12.0679297],[-77.1468731,-12.068],[-77.1468164,-12.0680801],[-77.1468242,-12.0681426],[-77.1468614,-12.0684512],[-77.1469082,-12.0688516],[-77.1469297,-12.0690861],[-77.1474101,-12.0690371],[-77.147502,-12.0691582],[-77.1471289,-12.0692364],[-77.147082,-12.0691914],[-77.1469629,-12.0692285],[-77.1467871,-12.0692656],[-77.1467344,-12.0692285],[-77.1467364,-12.069045],[-77.1467402,-12.0689356],[-77.1467364,-12.0687891],[-77.1467207,-12.0686035],[-77.1466797,-12.0683145],[-77.146623,-12.068041],[-77.1465351,-12.068],[-77.1464551,-12.0679766],[-77.1463379,-12.0679512],[-77.1461582,-12.0679356],[-77.1456055,-12.0679336],[-77.1454981,-12.0679531],[-77.1453614,-12.0679647],[-77.1452187,-12.0679766],[-77.145086,-12.0679882],[-77.1449277,-12.068002],[-77.1447617,-12.0680177],[-77.1446582,-12.0680371],[-77.1445176,-12.0680469],[-77.1439024,-12.0680919],[-77.1433691,-12.0681816],[-77.1427832,-12.0682207],[-77.1420781,-12.0683242],[-77.1408164,-12.0685351],[-77.1404336,-12.0686327],[-77.1400722,-12.0687305],[-77.1394649,-12.0688437],[-77.1389864,-12.0689864],[-77.1387149,-12.0690079],[-77.1380391,-12.0691582],[-77.1373496,-12.0693535],[-77.1366114,-12.0695097],[-77.1359434,-12.0696231],[-77.1355353,-12.0697301],[-77.1352687,-12.0698008],[-77.1350343,-12.0698796],[-77.1346455,-12.0700123],[-77.1343495,-12.0701132],[-77.1340595,-12.0701999],[-77.1337721,-12.0702981],[-77.1335116,-12.070366],[-77.1332934,-12.0704301],[-77.1328818,-12.0705812],[-77.1326263,-12.0706738]],[[-76.7841642,-12.5199316],[-76.7838985,-12.5199316],[-76.783877,-12.5198672],[-76.7836954,-12.5197969],[-76.7832344,-12.5197812],[-76.7830507,-12.5197832],[-76.7827755,-12.5199121],[-76.7823732,-12.5200957],[-76.781959,-12.5202324],[-76.7816641,-12.5202344],[-76.7815449,-12.5201719],[-76.7810937,-12.5201934],[-76.7806347,-12.5202871],[-76.7802305,-12.5204082],[-76.7798164,-12.5204726],[-76.7794042,-12.5206114],[-76.779,-12.5207676],[-76.7785899,-12.5209961],[-76.7784785,-12.5211055],[-76.7783145,-12.5212246],[-76.7782676,-12.521334],[-76.7781582,-12.5215156],[-76.777912,-12.5218086],[-76.7775919,-12.5220781],[-76.7770879,-12.522416],[-76.7765487,-12.5227364],[-76.7761347,-12.522875],[-76.7757226,-12.5230761],[-76.7753204,-12.523332],[-76.7749062,-12.5234882],[-76.7744922,-12.5235996],[-76.77409,-12.5237207],[-76.7736757,-12.5238594],[-76.7732635,-12.5241055],[-76.7728612,-12.5244414],[-76.7724492,-12.524625],[-76.7720351,-12.5248086],[-76.7716329,-12.5249649],[-76.7712187,-12.5251954],[-76.7708066,-12.5254239],[-76.7704042,-12.52567],[-76.7700195,-12.5259864],[-76.7695625,-12.5263985],[-76.769086,-12.526709],[-76.7688575,-12.5268281],[-76.7686739,-12.526875],[-76.7682695,-12.5270039],[-76.7678555,-12.5271231],[-76.7674434,-12.5272617],[-76.7670391,-12.527418],[-76.7662149,-12.527875],[-76.7658105,-12.5281231],[-76.7653985,-12.528369],[-76.7649864,-12.528625],[-76.764584,-12.5288711],[-76.7641719,-12.5290996],[-76.7637579,-12.52933],[-76.7633555,-12.5295762],[-76.7629707,-12.5298222],[-76.7625117,-12.5301152],[-76.7620351,-12.530416],[-76.7616231,-12.5306347],[-76.7612455,-12.5310711],[-76.7589339,-12.5323605],[-76.7567723,-12.5343002],[-76.7561884,-12.5349525],[-76.7549215,-12.5357157],[-76.7543254,-12.5360124],[-76.7532102,-12.5365674],[-76.7514605,-12.537709],[-76.7491718,-12.5393005],[-76.7465528,-12.5411523],[-76.7454202,-12.5421059],[-76.7437922,-12.5432252],[-76.7428154,-12.5440682],[-76.7421925,-12.5445932],[-76.7418386,-12.5447452],[-76.7411733,-12.5451598],[-76.7406921,-12.5457103],[-76.7387584,-12.5468209],[-76.7364549,-12.5484984],[-76.7354023,-12.5493234],[-76.7352021,-12.5497129],[-76.7350023,-12.5497422],[-76.7348758,-12.55005],[-76.7350502,-12.5503194],[-76.7351141,-12.5505629],[-76.7351504,-12.5507481],[-76.7352364,-12.5511992],[-76.7353594,-12.5516426],[-76.7354082,-12.5520957],[-76.735502,-12.5525351],[-76.7356895,-12.5529864],[-76.7358945,-12.5534375],[-76.7360077,-12.5538789],[-76.7360096,-12.554168],[-76.7359101,-12.5542812],[-76.7357207,-12.5548672],[-76.7356309,-12.5552735],[-76.735541,-12.5556816],[-76.7352676,-12.5560176],[-76.7348632,-12.5561289],[-76.7346347,-12.5562481],[-76.7341757,-12.5563594],[-76.7337266,-12.5565156],[-76.7332656,-12.5566367],[-76.7328164,-12.5566836],[-76.7324541,-12.5565398],[-76.7319414,-12.5565096],[-76.7262748,-12.5604147],[-76.7260316,-12.5605823],[-76.7261361,-12.5607161],[-76.7261737,-12.5610742],[-76.7261114,-12.5614825]],[[-77.0294375,-12.1401406],[-77.0293204,-12.1401406],[-77.0292149,-12.1401836],[-77.0291562,-12.1401972],[-77.0290957,-12.14025],[-77.0290411,-12.1403058],[-77.0290136,-12.1403339],[-77.0289649,-12.1403985],[-77.0289414,-12.1404551],[-77.0289042,-12.1405039],[-77.0288457,-12.1405547],[-77.0288027,-12.1406152],[-77.0287969,-12.1406719],[-77.0287735,-12.14075],[-77.0287461,-12.1408125],[-77.0287223,-12.1408584],[-77.0286954,-12.1409101],[-77.0286426,-12.1409766],[-77.0285742,-12.1410176],[-77.0285292,-12.1411172],[-77.0285156,-12.1411719],[-77.0284922,-12.1412226],[-77.0284572,-12.1412715],[-77.0284237,-12.1413184],[-77.0283789,-12.141375],[-77.0283242,-12.1414257],[-77.0282754,-12.141502],[-77.0282011,-12.1415897],[-77.0281211,-12.1416797],[-77.0281017,-12.1417441],[-77.0280761,-12.1418047],[-77.0280294,-12.1418555],[-77.0279941,-12.1419357],[-77.0279787,-12.1419801],[-77.0279551,-12.1420489],[-77.0278886,-12.1421132],[-77.0278262,-12.1421289],[-77.0277989,-12.1421875],[-77.0277695,-12.1422695],[-77.0277226,-12.1423222],[-77.0276445,-12.1423651],[-77.0275996,-12.1424687],[-77.0275704,-12.1425606],[-77.0275391,-12.142627],[-77.0274687,-12.1426797],[-77.0274046,-12.1427379],[-77.0273847,-12.1427559],[-77.0273496,-12.1428007],[-77.0272949,-12.1428789],[-77.0272402,-12.1429277],[-77.0271901,-12.142962],[-77.027166,-12.1429785],[-77.0271055,-12.1430176],[-77.027088,-12.1431172],[-77.0270586,-12.1431856],[-77.0269844,-12.1432462],[-77.0269434,-12.1434219],[-77.0269044,-12.1435195],[-77.026836,-12.1435704],[-77.0267812,-12.1436152],[-77.0267344,-12.1437187],[-77.0266895,-12.1437832],[-77.0266327,-12.1438242],[-77.0266119,-12.1438386],[-77.0265566,-12.143877],[-77.0264961,-12.1439219],[-77.0264414,-12.1439961],[-77.0264024,-12.1440684],[-77.0263672,-12.144127],[-77.0263457,-12.1441797],[-77.0263262,-12.1442422],[-77.0262989,-12.1443106],[-77.026252,-12.1443945],[-77.0262149,-12.1444434],[-77.0260761,-12.1445527],[-77.0260469,-12.144668],[-77.026043,-12.1447774],[-77.0260194,-12.1449257],[-77.0259864,-12.1450215],[-77.0259961,-12.1450937],[-77.0260547,-12.1452226],[-77.0260761,-12.1452832],[-77.026099,-12.1453356],[-77.0261094,-12.1453594],[-77.0261309,-12.1454316],[-77.026794,-12.1457015],[-77.026832,-12.1457169],[-77.0268066,-12.1457891],[-77.0266992,-12.1457441],[-77.0262687,-12.1455858],[-77.0260841,-12.1457784],[-77.0260404,-12.1458401],[-77.0256436,-12.1464014],[-77.0253992,-12.1469603],[-77.0252538,-12.1472908],[-77.0251409,-12.147639],[-77.0250344,-12.148289],[-77.0251582,-12.1483711],[-77.0251114,-12.1484707],[-77.0250351,-12.1486714],[-77.0250332,-12.1490527],[-77.0250195,-12.1491211],[-77.024998,-12.1491875],[-77.0249766,-12.149291],[-77.0249494,-12.1494062],[-77.0249379,-12.1494747],[-77.0249239,-12.1495586],[-77.024918,-12.1496797],[-77.0249199,-12.1498066],[-77.0249262,-12.1499921],[-77.0249375,-12.1503242],[-77.0249219,-12.1504004],[-77.0249038,-12.1504374],[-77.0248789,-12.1504882],[-77.0248379,-12.1505371],[-77.0248262,-12.1507266],[-77.0247792,-12.1508262],[-77.0247207,-12.150916],[-77.024712,-12.1509805],[-77.0247218,-12.15104],[-77.0247337,-12.1511204],[-77.0247461,-12.151209],[-77.0247676,-12.1513145],[-77.0247774,-12.151377],[-77.0247871,-12.1514746],[-77.0247871,-12.1515391],[-77.0247832,-12.1516562],[-77.024793,-12.1517656],[-77.0249882,-12.1518066],[-77.0255274,-12.1519219],[-77.025502,-12.1519941],[-77.0253047,-12.1519551],[-77.0252539,-12.1520215],[-77.0252149,-12.1521172],[-77.0252011,-12.1522169],[-77.0251819,-12.1523073],[-77.0251749,-12.1524649],[-77.0251783,-12.1525723],[-77.025179,-12.1526879],[-77.0252578,-12.1529262],[-77.025274,-12.1530096],[-77.0253125,-12.1531217],[-77.025343,-12.1532432],[-77.0253975,-12.1533889],[-77.0254322,-12.1535323],[-77.0254603,-12.153657],[-77.0254974,-12.1537764],[-77.0255609,-12.1539446],[-77.0255913,-12.1541046],[-77.0257145,-12.1542211],[-77.0257869,-12.1542395]],[[-76.7798985,-12.3994492],[-76.7798242,-12.3995137],[-76.7798379,-12.3996152],[-76.7798516,-12.399709],[-76.7798516,-12.3997716],[-76.7798789,-12.3998515],[-76.7798985,-12.3999844],[-76.779873,-12.4001426],[-76.779832,-12.4002695],[-76.7797382,-12.4002382],[-76.7796426,-12.4002597],[-76.7795391,-12.4003125],[-76.779625,-12.4004024],[-76.779703,-12.4004531],[-76.779703,-12.4005684],[-76.7796055,-12.4007579],[-76.7794882,-12.4007539],[-76.7793027,-12.4005957],[-76.779127,-12.4006094],[-76.7789961,-12.4006525],[-76.7788457,-12.4005195],[-76.7786621,-12.4003379],[-76.7784902,-12.4001289],[-76.7784531,-12.3999082],[-76.7783281,-12.3998614],[-76.778127,-12.3999844],[-76.7780235,-12.400166],[-76.7779082,-12.4002246],[-76.7779329,-12.4005932],[-76.7777244,-12.401013],[-76.777503,-12.4014965],[-76.7773857,-12.4019164],[-76.7771773,-12.4025907],[-76.7768386,-12.4031378],[-76.7765911,-12.4035831],[-76.7764478,-12.4038757],[-76.7763566,-12.4041174],[-76.7763045,-12.4043464],[-76.7761873,-12.4044482],[-76.7761626,-12.4049008],[-76.7762496,-12.4051325],[-76.7761547,-12.4053024],[-76.7760879,-12.4054044],[-76.7761406,-12.4054785],[-76.7762226,-12.4056094],[-76.7762636,-12.4058164],[-76.7763516,-12.4058789],[-76.7764142,-12.4058575],[-76.7764922,-12.4058711],[-76.7766017,-12.4059434],[-76.7766816,-12.4059219],[-76.7767597,-12.4058575],[-76.7768555,-12.4057812],[-76.7769765,-12.40575],[-76.777086,-12.4058809],[-76.7770567,-12.4060899],[-76.7770996,-12.4061972],[-76.7770645,-12.4063066],[-76.7769199,-12.4065],[-76.776748,-12.4066661],[-76.7764726,-12.4067382],[-76.7762656,-12.406752],[-76.7762149,-12.4068672],[-76.7762656,-12.4069687],[-76.7764024,-12.4070742],[-76.7764667,-12.407127],[-76.7763731,-12.4072422],[-76.7762149,-12.4074434],[-76.7760625,-12.407625],[-76.7759902,-12.4078887],[-76.7760136,-12.4080549],[-76.776084,-12.4081914],[-76.776293,-12.4081914],[-76.7763437,-12.4082637],[-76.7763731,-12.4083711],[-76.7764024,-12.408545],[-76.7765527,-12.408668],[-76.7766816,-12.4088319],[-76.7768184,-12.4089629],[-76.7768242,-12.4091504],[-76.7767695,-12.4093516],[-76.7767735,-12.4094219],[-76.776844,-12.4094556],[-76.7769347,-12.4093802],[-76.7770313,-12.4093893],[-76.7770616,-12.4094629],[-76.7770784,-12.4095447],[-76.777176,-12.4095665],[-76.7772542,-12.4095965],[-76.777377,-12.409621],[-76.7775137,-12.4097246],[-76.777483,-12.4097654],[-76.7773742,-12.4096837],[-76.7773016,-12.4096591],[-76.7771537,-12.4096319],[-76.7770979,-12.409621],[-76.77708,-12.4096579],[-76.7771046,-12.4097082],[-76.7770951,-12.4098636],[-76.7770801,-12.4099378],[-76.7771244,-12.4100465],[-76.7772374,-12.4101198],[-76.7772877,-12.4100652],[-76.7773491,-12.4100135],[-76.7774998,-12.4099508],[-76.7775305,-12.4099917],[-76.7773993,-12.4100462],[-76.7772807,-12.4101504],[-76.7771911,-12.4102536],[-76.7770549,-12.4103677],[-76.7770742,-12.4105762],[-76.7771777,-12.4107286],[-76.7773419,-12.4108672],[-76.7773691,-12.4109434],[-76.7774507,-12.411125],[-76.7776132,-12.411217],[-76.7777783,-12.4113118],[-76.7780749,-12.4114837],[-76.7784131,-12.411674],[-76.7786951,-12.4117375],[-76.7787998,-12.4117832],[-76.7790085,-12.411773],[-76.7791463,-12.4117565],[-76.7793128,-12.4117043],[-76.7794726,-12.4116491],[-76.7796794,-12.411512],[-76.7798125,-12.4113739],[-76.779638,-12.4112441],[-76.7796897,-12.4111859],[-76.7798432,-12.411273],[-76.7798327,-12.4112145],[-76.7799038,-12.4111865],[-76.7800189,-12.4111141],[-76.7801008,-12.4110025],[-76.780153,-12.410876],[-76.7801652,-12.4107843],[-76.7801071,-12.4107242],[-76.7799722,-12.4105934],[-76.7797129,-12.41034],[-76.77964,-12.410267],[-76.7796182,-12.4102303],[-76.7796426,-12.4101963],[-76.7797084,-12.4102015],[-76.7798989,-12.4103411],[-76.7799687,-12.4103268],[-76.7800527,-12.4103355],[-76.7801283,-12.410354],[-76.7802024,-12.4102535],[-76.7802359,-12.4101976],[-76.7802217,-12.4101512],[-76.7798511,-12.4099297],[-76.7798156,-12.4098969],[-76.7798274,-12.4098468],[-76.7798782,-12.409841],[-76.7806386,-12.4103001],[-76.7807481,-12.4101016],[-76.7808281,-12.4099005],[-76.7808056,-12.409847],[-76.7805505,-12.4097346],[-76.7801932,-12.4097101],[-76.7801653,-12.4096801],[-76.7804081,-12.4096937],[-76.780556,-12.4096828],[-76.7805728,-12.4096229],[-76.7805979,-12.4094893],[-76.7805979,-12.409383],[-76.7805365,-12.4092794],[-76.7805309,-12.4092358],[-76.7805784,-12.4092794],[-76.7806705,-12.4093912],[-76.7807514,-12.4094293],[-76.7808335,-12.4094348],[-76.7809084,-12.4094169],[-76.7810742,-12.4093555],[-76.7811426,-12.4093575],[-76.7812305,-12.4093711],[-76.7813033,-12.4094855],[-76.781377,-12.4095039],[-76.7815664,-12.4096777],[-76.7815761,-12.4098007],[-76.7815625,-12.409873],[-76.7815625,-12.4099375],[-76.7815664,-12.4100919],[-76.781543,-12.410209],[-76.7815937,-12.4103516],[-76.7814785,-12.4104726],[-76.7814355,-12.4105606],[-76.7812715,-12.4106934],[-76.7812364,-12.4107794],[-76.7811914,-12.4109159],[-76.7811797,-12.4110235],[-76.7812187,-12.4111914],[-76.781168,-12.4113301],[-76.7809472,-12.4112989],[-76.7807832,-12.4112539],[-76.780834,-12.4113594],[-76.7810801,-12.4114375],[-76.7812031,-12.4114941],[-76.7814355,-12.4115742],[-76.7815156,-12.4116172],[-76.7815351,-12.4116896],[-76.7814864,-12.4117989],[-76.7813945,-12.4117989],[-76.781332,-12.4117891],[-76.7812305,-12.4117579],[-76.7811524,-12.4118262],[-76.7810547,-12.4118691],[-76.7809629,-12.4118106],[-76.7808476,-12.4116934],[-76.7807636,-12.4116094],[-76.7806347,-12.4115742],[-76.7807031,-12.4117226],[-76.780834,-12.4118301],[-76.7809121,-12.4119315],[-76.7810646,-12.4121485],[-76.7811367,-12.4122579],[-76.7811367,-12.4123945],[-76.7810292,-12.4124454],[-76.7809336,-12.4124004],[-76.780445,-12.4123183],[-76.7802876,-12.4124967],[-76.7804658,-12.4127746],[-76.7807636,-12.4130294],[-76.7807969,-12.4131562],[-76.7806954,-12.4131816],[-76.7807167,-12.4132636],[-76.7807559,-12.4133242],[-76.7808867,-12.4135156],[-76.7808244,-12.4136172],[-76.7808515,-12.4136719],[-76.7809062,-12.4136914],[-76.7810292,-12.4137187],[-76.7811174,-12.4137402],[-76.7812187,-12.4138476],[-76.7813065,-12.4140312],[-76.7814141,-12.4143457],[-76.7814707,-12.4144766],[-76.7814687,-12.4145684],[-76.7813711,-12.4145879],[-76.7813204,-12.4145704],[-76.7812832,-12.4146875],[-76.7813437,-12.4147539],[-76.7815215,-12.414752],[-76.7815605,-12.4148047],[-76.7815937,-12.4149004],[-76.7815781,-12.4149707],[-76.7813614,-12.415041],[-76.7812656,-12.4150097],[-76.7811445,-12.4149531],[-76.781086,-12.4150235],[-76.7811387,-12.4151445],[-76.7811972,-12.4152344],[-76.7812519,-12.4153457],[-76.7812735,-12.4154882],[-76.7812461,-12.4155899],[-76.7811504,-12.4157325],[-76.781125,-12.4158516],[-76.7811074,-12.4159825],[-76.7811074,-12.4160742],[-76.7811289,-12.4161621],[-76.7811347,-12.4163125],[-76.7810254,-12.4163731],[-76.7809356,-12.4163965],[-76.7808184,-12.4164199],[-76.7807714,-12.4164629],[-76.7807617,-12.4166757],[-76.7807382,-12.4167969],[-76.7806445,-12.4168809],[-76.780457,-12.4169257],[-76.7801406,-12.4169726],[-76.7800684,-12.4170586]],[[-77.1120025,-12.0799989],[-77.1114607,-12.0802792],[-77.1105395,-12.0808146],[-77.1098104,-12.0812637],[-77.1090037,-12.0818106],[-77.1083212,-12.0822095],[-77.1074531,-12.0827035],[-77.1064855,-12.0832286],[-77.1057891,-12.0836599]],[[-77.3826934,-11.4471797],[-77.3819726,-11.447418],[-77.3801932,-11.4482461],[-77.3795566,-11.4488202],[-77.3765664,-11.4505254],[-77.3759277,-11.4506934],[-77.3755605,-11.4507226],[-77.3743652,-11.451293],[-77.3732989,-11.4519981],[-77.372168,-11.452586],[-77.3695097,-11.454457],[-77.3688789,-11.454754],[-77.3676309,-11.4554785],[-77.3658632,-11.4567207],[-77.3652364,-11.4572226],[-77.3644239,-11.4575996],[-77.363836,-11.4578125],[-77.3629746,-11.4585156],[-77.3627637,-11.4585976],[-77.3618261,-11.4592951],[-77.3615079,-11.4596035],[-77.3604961,-11.4602344],[-77.3602695,-11.4604707],[-77.360207,-11.4607169],[-77.3608739,-11.4620727],[-77.3605358,-11.4624652],[-77.3603655,-11.4627878],[-77.360337,-11.4629522],[-77.360707,-11.4633867],[-77.3608016,-11.4633722],[-77.3609586,-11.4635103],[-77.3612967,-11.4635762],[-77.3612651,-11.463747],[-77.3612994,-11.4639178],[-77.3612501,-11.4640593],[-77.360937,-11.4641218],[-77.3607614,-11.4641584],[-77.3607207,-11.4644258],[-77.3607814,-11.4646144],[-77.3605601,-11.4648934],[-77.3603146,-11.4648874],[-77.3602145,-11.4645642],[-77.360084,-11.4644669],[-77.3599961,-11.4644472],[-77.3599969,-11.4643383],[-77.3599302,-11.4640938],[-77.3597429,-11.4639868],[-77.3595538,-11.4641156],[-77.3594062,-11.4644926],[-77.3592992,-11.4650173],[-77.3594225,-11.4653776],[-77.3591926,-11.4657379],[-77.3589449,-11.4660137],[-77.3585829,-11.4662454],[-77.3584026,-11.46598],[-77.3584501,-11.4658101],[-77.3583037,-11.4656028],[-77.3581533,-11.4656234],[-77.3581351,-11.4657661],[-77.3580305,-11.4658612],[-77.3578563,-11.4657793],[-77.3576441,-11.4660588],[-77.3573747,-11.4666647],[-77.3568889,-11.4671598],[-77.3562755,-11.4670371],[-77.3558261,-11.4671152],[-77.3552832,-11.4668632],[-77.3546329,-11.4668419],[-77.3540469,-11.4667031],[-77.3538086,-11.4668945],[-77.3536542,-11.467211],[-77.3535684,-11.4676289],[-77.3533867,-11.4677832],[-77.3530097,-11.46775],[-77.3522559,-11.4672774],[-77.3519707,-11.4672969],[-77.35167,-11.467418],[-77.3483672,-11.4699746],[-77.3476367,-11.4704687],[-77.3453965,-11.4721582],[-77.344252,-11.4733242],[-77.3437792,-11.473707],[-77.3429219,-11.4741836],[-77.3426934,-11.4743926],[-77.3426132,-11.4745565],[-77.3429101,-11.4760371],[-77.3432832,-11.4770274],[-77.3434297,-11.477957],[-77.3436836,-11.4788576],[-77.3436211,-11.4791035],[-77.3432051,-11.4797305],[-77.3427573,-11.4809497],[-77.3424181,-11.4813437],[-77.3422119,-11.4816303],[-77.3422927,-11.4820873],[-77.3424041,-11.4823335],[-77.3425331,-11.4826983],[-77.3428037,-11.4830235],[-77.3434514,-11.4829072],[-77.3437999,-11.4830998],[-77.3441816,-11.4836635],[-77.3448392,-11.4837439],[-77.3450441,-11.4840711],[-77.3447382,-11.4844432],[-77.3438363,-11.4857312],[-77.3425836,-11.4870354],[-77.3422451,-11.4873608],[-77.3408739,-11.4875346],[-77.3394122,-11.488545],[-77.339084,-11.4887187],[-77.3380776,-11.4891455],[-77.3372891,-11.488959],[-77.3369046,-11.4892992],[-77.3357954,-11.490227],[-77.3353597,-11.4904645],[-77.3348956,-11.4907176],[-77.3332782,-11.4917881],[-77.3317288,-11.4927202],[-77.3295347,-11.4941873],[-77.3273318,-11.4958369],[-77.3268814,-11.4961742],[-77.3256715,-11.4971255],[-77.3228831,-11.4990786],[-77.3215936,-11.4999312],[-77.3201294,-11.5008575],[-77.3161987,-11.5036499],[-77.3149966,-11.5046005],[-77.3131141,-11.5059791],[-77.3124917,-11.5064691],[-77.3120171,-11.5068973],[-77.3114599,-11.5072841],[-77.3104126,-11.5082413],[-77.3084083,-11.509911],[-77.3074706,-11.5108683],[-77.305627,-11.5123733],[-77.3052362,-11.5128479],[-77.3047998,-11.5134685],[-77.3043727,-11.5137891],[-77.3034785,-11.5146914],[-77.302384,-11.5159752],[-77.3016928,-11.5169171],[-77.3009425,-11.5180576],[-77.2996532,-11.5205405],[-77.2988641,-11.5219145],[-77.2977965,-11.5241046],[-77.2970703,-11.5255941],[-77.2961375,-11.5277811],[-77.2959147,-11.5285836],[-77.2957948,-11.5293375],[-77.295887,-11.5298726],[-77.2962077,-11.5303145],[-77.2974946,-11.5313702],[-77.2977438,-11.5318952],[-77.2978487,-11.5325342],[-77.2978057,-11.53307],[-77.2977793,-11.5335874],[-77.29704,-11.5359626],[-77.296445,-11.537176],[-77.2961542,-11.5375721],[-77.2957029,-11.537831],[-77.2950274,-11.538086],[-77.2941715,-11.5388136],[-77.2915246,-11.5414024],[-77.2899219,-11.5425801],[-77.2883566,-11.5442542],[-77.2873886,-11.5452102],[-77.2865843,-11.5458117],[-77.2854395,-11.5467219],[-77.2847399,-11.5473085],[-77.2843211,-11.5480636],[-77.2840212,-11.5485227],[-77.2837608,-11.5489409],[-77.2834959,-11.5494038],[-77.2833713,-11.5497919],[-77.2833956,-11.5501152],[-77.2835395,-11.5504991],[-77.2835252,-11.5507045],[-77.2834719,-11.5507826],[-77.2833022,-11.5507227],[-77.283021,-11.5507742],[-77.282486,-11.5509341],[-77.2820328,-11.5512346],[-77.281375,-11.5518027],[-77.2806937,-11.5530214],[-77.2802464,-11.5537856],[-77.2796878,-11.5546323],[-77.2789506,-11.5557602],[-77.2764399,-11.5588744],[-77.2758484,-11.5599055],[-77.2753428,-11.5610789],[-77.2748264,-11.5623966],[-77.2749654,-11.5635299],[-77.2744918,-11.5655942],[-77.2726292,-11.5696522],[-77.2719797,-11.5710734],[-77.2717093,-11.571623],[-77.2715802,-11.571924],[-77.2715851,-11.5722671],[-77.2714557,-11.5725153],[-77.2714282,-11.572916],[-77.2714817,-11.5732908],[-77.2715975,-11.5734544],[-77.2718566,-11.5739659],[-77.2718868,-11.5741978],[-77.2719693,-11.5742549],[-77.2719377,-11.5744247],[-77.2717331,-11.5745715],[-77.2716454,-11.574723],[-77.27126,-11.5752244],[-77.2709446,-11.5763976],[-77.2706431,-11.5776024],[-77.2705102,-11.579983],[-77.2706665,-11.581405],[-77.2710343,-11.5829547],[-77.2713698,-11.5837098],[-77.2715509,-11.5839712],[-77.2717181,-11.5841575],[-77.2720343,-11.5845079],[-77.2723296,-11.5847762],[-77.2727663,-11.5851208],[-77.2734655,-11.5854314],[-77.2737866,-11.5854722],[-77.2740231,-11.5853652],[-77.2740992,-11.5852446],[-77.2740478,-11.5851614],[-77.2739925,-11.5850286],[-77.2740631,-11.5849674],[-77.2743437,-11.5849283],[-77.274365,-11.5848451],[-77.2744276,-11.5847812],[-77.2745346,-11.5848257],[-77.2746721,-11.584812],[-77.2747381,-11.5847015],[-77.2749521,-11.5843434],[-77.2754911,-11.5838654],[-77.2766572,-11.5851043],[-77.2787368,-11.5831456],[-77.2789363,-11.5833489],[-77.2785522,-11.5837107],[-77.2784918,-11.5836491],[-77.2769675,-11.5850843],[-77.278077,-11.5863009],[-77.278327,-11.586258],[-77.2796181,-11.5851695],[-77.2797083,-11.5851405],[-77.2797336,-11.5849752],[-77.2800342,-11.5847944],[-77.2801099,-11.5847546],[-77.2801636,-11.58472],[-77.2802652,-11.5846681],[-77.280618,-11.5845301],[-77.2806783,-11.584512],[-77.2806567,-11.5841747],[-77.2806507,-11.5840938],[-77.2806377,-11.5839177],[-77.2805736,-11.5832399],[-77.2804501,-11.5831381],[-77.2803948,-11.5829207],[-77.2804212,-11.5827298],[-77.2805126,-11.5826487],[-77.2806141,-11.5825933],[-77.2807368,-11.5826151],[-77.2807998,-11.5826693],[-77.2808399,-11.5827419],[-77.2808911,-11.5829577],[-77.2809631,-11.5842042],[-77.2810254,-11.5848054],[-77.2810873,-11.5848943],[-77.281157,-11.5850064],[-77.2812252,-11.5852593],[-77.2812811,-11.5853153],[-77.2813612,-11.5853997],[-77.2814435,-11.585517],[-77.2815125,-11.5855901],[-77.2816039,-11.5856181],[-77.2816698,-11.5857451],[-77.2817569,-11.5856002],[-77.2819322,-11.585645],[-77.2819895,-11.5858704],[-77.2820522,-11.5856952],[-77.2821754,-11.5858079],[-77.2821988,-11.5859317],[-77.2823019,-11.5857735],[-77.2824047,-11.5857474],[-77.2824798,-11.5858583],[-77.2824187,-11.5859465],[-77.2824331,-11.5859822],[-77.2825064,-11.5858977],[-77.2828025,-11.5863354],[-77.2827893,-11.5865296],[-77.2826677,-11.5865568],[-77.282662,-11.5866016],[-77.2827519,-11.5866633],[-77.2827013,-11.5870729],[-77.2837356,-11.5881563],[-77.2836679,-11.5882741],[-77.2835858,-11.5882759],[-77.2834053,-11.5880855],[-77.2816081,-11.5897461],[-77.2817899,-11.5899329],[-77.2820046,-11.5901535],[-77.2762849,-11.5954631],[-77.2784325,-11.5977489],[-77.2782095,-11.5979491],[-77.2778144,-11.5983939],[-77.2802181,-11.6009054],[-77.2804627,-11.6010472],[-77.2806887,-11.6011049],[-77.2808927,-11.6011001],[-77.2811254,-11.6010374],[-77.2813343,-11.6008807],[-77.2877087,-11.5950044],[-77.2878291,-11.5948045],[-77.2878841,-11.5946059],[-77.2878547,-11.5920646],[-77.2877942,-11.5919068],[-77.287761,-11.591662],[-77.2877591,-11.5913575],[-77.2878304,-11.5912488],[-77.2879221,-11.5911935],[-77.2880992,-11.591185],[-77.2881903,-11.5912386],[-77.2882783,-11.5914328],[-77.2882926,-11.5917026],[-77.2882193,-11.5918836],[-77.2881731,-11.5920173],[-77.2881973,-11.5931906],[-77.2882192,-11.5946651],[-77.2881581,-11.594916],[-77.2880395,-11.5951252],[-77.2878631,-11.5953154],[-77.2815566,-11.6011477],[-77.281307,-11.6013026],[-77.2810588,-11.6014209],[-77.2807923,-11.6014523],[-77.2805537,-11.6014478],[-77.2803299,-11.6013713],[-77.2800942,-11.6012423],[-77.2798637,-11.6010413],[-77.2744476,-11.5952918],[-77.2737449,-11.5953845],[-77.2730474,-11.5958123],[-77.2726796,-11.5960378],[-77.2715709,-11.5969629],[-77.2699619,-11.5982305],[-77.2678929,-11.599751],[-77.2659654,-11.6011537],[-77.2652797,-11.6016075],[-77.2647312,-11.6019353],[-77.2637393,-11.6027619],[-77.2631912,-11.6033019],[-77.2620024,-11.6044641],[-77.2611294,-11.6051698],[-77.2604518,-11.6057002],[-77.2599537,-11.6060787],[-77.2596455,-11.6063239],[-77.2590074,-11.6068287],[-77.2583126,-11.6074366],[-77.2573767,-11.608165],[-77.2565588,-11.6088174],[-77.2548684,-11.6102106],[-77.2536176,-11.6112674],[-77.2529083,-11.6119494],[-77.2517311,-11.6128516],[-77.2509569,-11.6134082],[-77.2504867,-11.6138134],[-77.2497957,-11.6143099],[-77.2492599,-11.6148227]],[[-76.8161777,-12.3452617],[-76.8162207,-12.3455117],[-76.8162676,-12.34567],[-76.8163262,-12.3457516],[-76.8164486,-12.3458153],[-76.8170817,-12.3459454],[-76.8170314,-12.3460106],[-76.8167482,-12.3459514]],[[-77.158377,-12.0666132],[-77.1584336,-12.0666465],[-77.1584961,-12.0666856],[-77.1585303,-12.0667218],[-77.1586291,-12.0666],[-77.1585206,-12.0665201],[-77.1586109,-12.0664235],[-77.1587194,-12.0665075],[-77.1587925,-12.0664215],[-77.1588177,-12.0664308],[-77.1588706,-12.0663769],[-77.1588994,-12.0663909],[-77.1588393,-12.0664485],[-77.1588742,-12.0664848],[-77.1587457,-12.0666515],[-77.1586797,-12.066695],[-77.1586185,-12.0667666],[-77.1586389,-12.0667842],[-77.1586089,-12.0668205],[-77.1589994,-12.0670727],[-77.1591148,-12.0671829],[-77.1592023,-12.0672773],[-77.1592972,-12.0673547],[-77.1593636,-12.0674098],[-77.1594472,-12.0674746],[-77.1594902,-12.0675117],[-77.1595527,-12.0675566],[-77.1596211,-12.067627],[-77.1597189,-12.0677226],[-77.1597792,-12.0677715],[-77.1598534,-12.067836],[-77.15992,-12.0678849],[-77.1599844,-12.0679239],[-77.1600684,-12.067959],[-77.1601582,-12.0679941],[-77.1602254,-12.0680227],[-77.160257,-12.0680383],[-77.1603496,-12.0680879],[-77.160414,-12.0681191],[-77.1604864,-12.0681621],[-77.1605625,-12.0682012],[-77.1606406,-12.0682344],[-77.1606855,-12.0682676],[-77.1607559,-12.0683047],[-77.1608476,-12.0683419],[-77.1609669,-12.0683789],[-77.1610332,-12.0684004],[-77.1610919,-12.0684239],[-77.1611465,-12.068461],[-77.1612441,-12.0685079],[-77.1614219,-12.0680724],[-77.1613487,-12.0680108],[-77.1614543,-12.0677678],[-77.1616211,-12.0678335],[-77.1613399,-12.0685586],[-77.1614025,-12.0685781],[-77.1614667,-12.0686191],[-77.1615292,-12.0686641],[-77.1615801,-12.0686914],[-77.161668,-12.0687364],[-77.161752,-12.0687735],[-77.1618496,-12.0688145],[-77.1619316,-12.0688475],[-77.1620059,-12.0688809],[-77.1620566,-12.0689005],[-77.1621289,-12.0689257],[-77.1621954,-12.0689414],[-77.1622577,-12.0689629],[-77.1623222,-12.0689864],[-77.1623847,-12.0690137],[-77.162498,-12.0690762],[-77.1625883,-12.0690662],[-77.1627011,-12.0688925],[-77.1627515,-12.0689171],[-77.1628332,-12.0689523],[-77.16288,-12.0689758],[-77.1627718,-12.0691605],[-77.1628535,-12.0692031],[-77.1629219,-12.0692246],[-77.1630136,-12.0692597],[-77.1631055,-12.069293],[-77.1632402,-12.0693264],[-77.1633301,-12.0693419],[-77.1634062,-12.0693594],[-77.163502,-12.0693867],[-77.163584,-12.0694121],[-77.1636524,-12.0694336],[-77.163707,-12.0694512],[-77.1637754,-12.0694766],[-77.1638379,-12.0695039],[-77.1639142,-12.0695489],[-77.1639746,-12.069584],[-77.1640332,-12.0696094],[-77.1641172,-12.0696426],[-77.1641972,-12.0696777],[-77.1643066,-12.0697266],[-77.1643867,-12.0697617],[-77.1644414,-12.069791],[-77.1645312,-12.0698419],[-77.1645957,-12.0698731],[-77.1646504,-12.0699044],[-77.1647246,-12.0699356],[-77.1648086,-12.0699649],[-77.164875,-12.0699902],[-77.1649375,-12.0700079],[-77.1649961,-12.0700312],[-77.1650781,-12.0700527],[-77.1651601,-12.0700761],[-77.165248,-12.0701075],[-77.1653204,-12.0701329],[-77.1654062,-12.070168],[-77.1654669,-12.0701875],[-77.1655507,-12.0701954],[-77.1656992,-12.0702207],[-77.1657812,-12.0702402],[-77.1658847,-12.0702461],[-77.1659982,-12.0702735],[-77.1660566,-12.0702892],[-77.1661152,-12.070293],[-77.1662187,-12.070295],[-77.1662715,-12.07017],[-77.1663086,-12.0700351],[-77.166375,-12.0697832],[-77.166525,-12.0692198],[-77.166507,-12.0692163],[-77.1664619,-12.069205],[-77.1664436,-12.0692738],[-77.1663991,-12.0692599],[-77.1664421,-12.0690852],[-77.1664896,-12.0690948],[-77.1664757,-12.0691586],[-77.1665226,-12.0691693],[-77.1665373,-12.0691732],[-77.1666757,-12.0686544],[-77.1667715,-12.0686777],[-77.1666954,-12.0689629],[-77.1666501,-12.0691316],[-77.1669647,-12.0692259],[-77.1668856,-12.0694966],[-77.166856,-12.0694869],[-77.1669252,-12.0692433],[-77.1666899,-12.0691795],[-77.1665436,-12.0696668],[-77.1666761,-12.0697151],[-77.1666682,-12.0697441],[-77.1665294,-12.0697138],[-77.1664612,-12.0699396],[-77.1663914,-12.069978],[-77.166212,-12.0706905],[-77.1676455,-12.0712706],[-77.1681832,-12.0714871],[-77.1683335,-12.0714736],[-77.1683908,-12.0714755],[-77.1683928,-12.0714369],[-77.1683315,-12.0714175],[-77.1683335,-12.071257],[-77.1683177,-12.0712396],[-77.1683098,-12.0709284],[-77.1684024,-12.0709239],[-77.1684165,-12.0708684],[-77.1684146,-12.0708201],[-77.1683493,-12.0707582],[-77.1683493,-12.0705088],[-77.1684785,-12.0704981],[-77.1683241,-12.0693906],[-77.1683105,-12.0692539],[-77.1682579,-12.0690801],[-77.1681915,-12.0689219],[-77.1680215,-12.0686914],[-77.1678926,-12.0685625],[-77.1677362,-12.0684727],[-77.167168,-12.0681191],[-77.1669219,-12.0678419],[-77.1667774,-12.0676485],[-77.166828,-12.0676231],[-77.1673027,-12.0681289],[-77.167584,-12.0682794],[-77.1677892,-12.0683925],[-77.167918,-12.0684766],[-77.1680137,-12.0685529],[-77.168123,-12.0686719],[-77.168209,-12.0687871],[-77.1682794,-12.0689082],[-77.1683496,-12.0690625],[-77.1683945,-12.0691972],[-77.1684199,-12.0693264],[-77.1685761,-12.070504],[-77.168666,-12.0711739],[-77.1691582,-12.0715937],[-77.1693027,-12.0716816],[-77.1698522,-12.0719335],[-77.1699921,-12.0720161],[-77.170265,-12.0721867],[-77.1703947,-12.0722054],[-77.1704763,-12.0723369],[-77.1706539,-12.0723979],[-77.1707596,-12.0725059],[-77.1708892,-12.0727078],[-77.1707551,-12.0728733],[-77.1705775,-12.0729437],[-77.1704286,-12.0730329],[-77.1703608,-12.0731125],[-77.1703269,-12.0731778],[-77.1703047,-12.0732774],[-77.1702695,-12.073375],[-77.1702617,-12.0734454],[-77.1702636,-12.0735899],[-77.1702539,-12.0736816],[-77.1702344,-12.0737695],[-77.1701992,-12.0738242],[-77.1701367,-12.073871],[-77.170088,-12.0739024],[-77.1700215,-12.0739395],[-77.1699511,-12.0739746],[-77.169916,-12.074043],[-77.1698847,-12.0741544],[-77.1698614,-12.0742579],[-77.1698379,-12.0743496],[-77.1697989,-12.0744414],[-77.1697695,-12.0745176],[-77.1697344,-12.0745762],[-77.1696699,-12.0746329],[-77.1695819,-12.0746426],[-77.1694922,-12.0746347],[-77.1693906,-12.0746094],[-77.169332,-12.0745917],[-77.1692754,-12.0745722],[-77.1692167,-12.0745566],[-77.1691504,-12.0745351],[-77.1690917,-12.0744941],[-77.1690097,-12.074461],[-77.1688632,-12.0744199],[-77.168748,-12.0743945],[-77.1686094,-12.0743632],[-77.1684845,-12.0743614],[-77.1684297,-12.0743515],[-77.1683614,-12.0743437],[-77.16825,-12.0743222],[-77.1681074,-12.0742987],[-77.1680215,-12.0742871],[-77.1678887,-12.0742832],[-77.1677715,-12.0742774],[-77.167707,-12.0742716],[-77.167625,-12.0742539],[-77.1675,-12.0742461],[-77.1673244,-12.0742241],[-77.1672527,-12.0742082],[-77.1672071,-12.0741859],[-77.1671257,-12.0741859],[-77.1670964,-12.0741541],[-77.1669723,-12.0741504],[-77.1668749,-12.0741476],[-77.1667282,-12.0741433],[-77.1666404,-12.0741407],[-77.1665488,-12.0741388],[-77.1664269,-12.0741593],[-77.1663013,-12.0741728],[-77.16618,-12.0742213],[-77.1660769,-12.0742777],[-77.1660069,-12.074353],[-77.1659662,-12.0744211],[-77.1659412,-12.0744892],[-77.165932,-12.0745548],[-77.1659527,-12.074615],[-77.1659868,-12.0746652],[-77.166032,-12.0746714],[-77.1660729,-12.0746913],[-77.1661054,-12.0747227],[-77.1661261,-12.0747625],[-77.166133,-12.0748096],[-77.1661233,-12.0748562],[-77.1660996,-12.0748949],[-77.1660607,-12.0749273],[-77.166015,-12.0749436],[-77.1659663,-12.074944],[-77.1659203,-12.0749285],[-77.1658823,-12.0748988],[-77.1658566,-12.0748584],[-77.1658461,-12.074812],[-77.1658513,-12.0747676],[-77.1657325,-12.0746484],[-77.1656191,-12.0745659],[-77.1655053,-12.0745026],[-77.1653674,-12.074459],[-77.1651882,-12.0744741],[-77.1648753,-12.0745573],[-77.1645912,-12.0746597],[-77.1643712,-12.074798],[-77.1636914,-12.075252],[-77.1635664,-12.0753086],[-77.1634531,-12.07534],[-77.1633386,-12.0753408],[-77.1632916,-12.0753342],[-77.1632414,-12.0753381],[-77.1631783,-12.0753447],[-77.1631166,-12.0753434],[-77.1630831,-12.0753408],[-77.163012,-12.0753211],[-77.1629611,-12.0753073],[-77.1629456,-12.0752981],[-77.1629416,-12.0752752],[-77.1629537,-12.0752391],[-77.1629691,-12.075205],[-77.1629933,-12.0751703],[-77.1630228,-12.0751526],[-77.1630449,-12.0751165],[-77.163057,-12.0750844],[-77.1630563,-12.0750444],[-77.1630543,-12.075005],[-77.163057,-12.0749716],[-77.1630704,-12.074868],[-77.1630704,-12.0748273],[-77.1630576,-12.0747782],[-77.1630536,-12.0747309],[-77.1630462,-12.0747027],[-77.1630375,-12.074685],[-77.1630067,-12.0746483],[-77.1629745,-12.0746149],[-77.1629349,-12.0745906],[-77.1628846,-12.0745395],[-77.1628417,-12.0745008],[-77.1627834,-12.0744536],[-77.1626996,-12.0743854],[-77.1626405,-12.0743329],[-77.1626043,-12.0743132],[-77.162548,-12.0742824],[-77.1625125,-12.0742641],[-77.1624742,-12.0742496],[-77.1624313,-12.0742313],[-77.1624038,-12.0742077],[-77.1623891,-12.0741919],[-77.1623663,-12.0741723],[-77.162345,-12.0741574],[-77.1615073,-12.0738872],[-77.1610922,-12.0736044],[-77.1606872,-12.0732825],[-77.160704,-12.0732071],[-77.1606738,-12.0731664],[-77.1606456,-12.0731172],[-77.1606336,-12.0730792],[-77.1606262,-12.0730326],[-77.1606249,-12.0729703],[-77.1606443,-12.0729054],[-77.1606705,-12.0728628],[-77.1606919,-12.0728221],[-77.1607174,-12.0727887],[-77.1607402,-12.0727651],[-77.160763,-12.0727428],[-77.1607684,-12.0727153],[-77.1607744,-12.0726864],[-77.160767,-12.0726431],[-77.1607489,-12.0725979],[-77.1607281,-12.0725612],[-77.16071,-12.0725264],[-77.1606644,-12.0724497],[-77.160641,-12.0724018],[-77.1606182,-12.0723736],[-77.1605927,-12.0723494],[-77.1605501,-12.072293],[-77.1605179,-12.0722585],[-77.1604804,-12.0722241],[-77.1604371,-12.0721907],[-77.1603271,-12.072089],[-77.160238,-12.0720235],[-77.1601823,-12.0719841],[-77.1601293,-12.0719376],[-77.1600924,-12.0719074],[-77.1599925,-12.0718372],[-77.1599329,-12.0717959],[-77.1599033,-12.0717697],[-77.1598752,-12.0717382],[-77.1598618,-12.07171],[-77.1598551,-12.0716471],[-77.1598571,-12.0715907],[-77.1598477,-12.0715304],[-77.1598336,-12.0714786],[-77.1598189,-12.0714379],[-77.1598041,-12.0713822],[-77.1597934,-12.0713481],[-77.15978,-12.0713186],[-77.1597518,-12.0712812],[-77.1597216,-12.0712412],[-77.1597042,-12.0712104],[-77.1596713,-12.071154],[-77.1596412,-12.0711133],[-77.1596137,-12.0710819],[-77.1595922,-12.0710471],[-77.1595734,-12.0710123],[-77.1595493,-12.0709697],[-77.1595144,-12.0709251],[-77.1594802,-12.0708891],[-77.1594407,-12.070851],[-77.1594165,-12.0708268],[-77.1593617,-12.0707534],[-77.159345,-12.0707675],[-77.1593495,-12.0707786],[-77.1593455,-12.0707973],[-77.1593394,-12.0708103],[-77.1593298,-12.0708206],[-77.159321,-12.0708216],[-77.1593047,-12.0708257],[-77.1592942,-12.0708214],[-77.1592851,-12.0708167],[-77.1592729,-12.0708053],[-77.1592698,-12.0707913],[-77.1592668,-12.0707741],[-77.159275,-12.0707568],[-77.1592933,-12.070743],[-77.1593155,-12.0707443],[-77.1593449,-12.0707224],[-77.1591817,-12.0704958],[-77.1590296,-12.0702674],[-77.1589445,-12.0701402],[-77.1588211,-12.0699684],[-77.1587728,-12.069893],[-77.1587252,-12.0698229],[-77.1586555,-12.0697265],[-77.1585716,-12.0696215],[-77.1584885,-12.0695337],[-77.1583866,-12.0694242],[-77.1582605,-12.0692793],[-77.1580506,-12.0690347],[-77.1578334,-12.0687796],[-77.1577241,-12.0686845],[-77.1576604,-12.0686216],[-77.1576248,-12.068596],[-77.1575591,-12.068556],[-77.1574424,-12.0684681],[-77.1573244,-12.0683619],[-77.1572386,-12.068278],[-77.1572037,-12.0682216],[-77.157193,-12.0681704],[-77.1571621,-12.0681127],[-77.1571206,-12.0680694],[-77.1570629,-12.0680353],[-77.1569945,-12.0680025],[-77.1569717,-12.0679907],[-77.15691,-12.0679776],[-77.1568845,-12.0679816],[-77.1568564,-12.067958],[-77.1568322,-12.0679212],[-77.1568039,-12.0678468],[-77.1567792,-12.0677835],[-77.1567544,-12.0677271],[-77.156737,-12.0676996],[-77.1567088,-12.067676],[-77.1566679,-12.0676504],[-77.1566384,-12.0676353],[-77.1566109,-12.0676255],[-77.1565687,-12.0676294],[-77.1565399,-12.067636],[-77.1565104,-12.0676445],[-77.1564949,-12.067655],[-77.1564822,-12.0676721],[-77.1564748,-12.0676924],[-77.1564768,-12.067716],[-77.1564802,-12.0677304],[-77.1564808,-12.0677534],[-77.1564735,-12.067773],[-77.15645,-12.0677894]],[[-76.8406,-12.3127619],[-76.8401211,-12.312795],[-76.8399082,-12.3128555],[-76.8397344,-12.3129687],[-76.8394826,-12.3132422],[-76.8393945,-12.3132597],[-76.8392129,-12.3134805],[-76.8389121,-12.3136426],[-76.8386542,-12.313877],[-76.8385586,-12.3139902],[-76.8380527,-12.3143419],[-76.8378535,-12.3146836],[-76.8376544,-12.3147969],[-76.8376544,-12.3150137],[-76.8374121,-12.3151426],[-76.8370547,-12.315541],[-76.8366114,-12.31617],[-76.8363261,-12.3168419],[-76.8360274,-12.3174121],[-76.8358555,-12.3180957],[-76.8358145,-12.318582],[-76.8357324,-12.3187676],[-76.8357051,-12.3188847],[-76.835711,-12.3191562],[-76.8357207,-12.3192812],[-76.8357207,-12.3195724],[-76.8357266,-12.3196525],[-76.8357187,-12.3197695],[-76.835707,-12.319834],[-76.8356954,-12.3199336],[-76.8356914,-12.320041],[-76.8356972,-12.3201504],[-76.8357149,-12.3202226],[-76.8357461,-12.3203202],[-76.8357539,-12.3203789],[-76.8357735,-12.3204472],[-76.8358417,-12.3206914],[-76.8359062,-12.3208086],[-76.8359629,-12.320916],[-76.836037,-12.321],[-76.8361406,-12.321041],[-76.8362051,-12.3210507],[-76.8363086,-12.3210762],[-76.8365215,-12.3211486],[-76.8366445,-12.321256],[-76.8370606,-12.3216856],[-76.8373105,-12.3220274],[-76.8375547,-12.3222891],[-76.837623,-12.322379],[-76.8377206,-12.3227031],[-76.837709,-12.32292],[-76.8376914,-12.3230919],[-76.8377206,-12.323336],[-76.8377851,-12.3234531],[-76.8378125,-12.3236524],[-76.8378066,-12.3237694],[-76.8377969,-12.3240586],[-76.8377481,-12.3242754],[-76.8376582,-12.3244844],[-76.8375645,-12.3245937],[-76.8373164,-12.3247754],[-76.8371485,-12.324877],[-76.8369727,-12.3248691],[-76.8367577,-12.3248242],[-76.8363457,-12.3249179],[-76.8359454,-12.325084],[-76.8354981,-12.325375],[-76.8352735,-12.3255937],[-76.8351191,-12.3257579],[-76.8348204,-12.3262656],[-76.8346367,-12.3264746],[-76.8345351,-12.3266114],[-76.8345039,-12.3266757],[-76.8344316,-12.3270996],[-76.834498,-12.3273437],[-76.8345371,-12.3275606],[-76.8345625,-12.3278047],[-76.8346289,-12.3280742],[-76.8346582,-12.3281914],[-76.8347284,-12.3283555],[-76.8348047,-12.3285255],[-76.8348612,-12.3286152],[-76.8349355,-12.3287149],[-76.835002,-12.3288145],[-76.8350371,-12.3289259],[-76.8350391,-12.3290391],[-76.8350195,-12.3291386],[-76.835009,-12.3292034],[-76.8349799,-12.3293059],[-76.8349653,-12.3293571],[-76.8349362,-12.3294397],[-76.8348341,-12.3295469],[-76.8348496,-12.3296367],[-76.8347461,-12.3296836],[-76.834623,-12.3296934],[-76.8345547,-12.329666],[-76.834502,-12.3296309],[-76.8343965,-12.329586],[-76.8341445,-12.3295507],[-76.834043,-12.3295606],[-76.8339277,-12.3295625],[-76.8338614,-12.3295722],[-76.8337441,-12.3296172],[-76.8335059,-12.3296816],[-76.8334082,-12.3297187],[-76.8332364,-12.3297754],[-76.8331094,-12.3297871],[-76.833041,-12.3298027],[-76.8329277,-12.3298222],[-76.8328125,-12.329832],[-76.8324707,-12.3299512],[-76.8322579,-12.3300801],[-76.8321601,-12.330125],[-76.8319726,-12.3302539],[-76.8318809,-12.3303281],[-76.8316329,-12.3304805],[-76.831461,-12.3305996],[-76.8312812,-12.3307461],[-76.8311211,-12.330918],[-76.8310235,-12.3310079],[-76.8308145,-12.3312187],[-76.8307305,-12.3313281],[-76.8307031,-12.3313906],[-76.8307011,-12.3314629],[-76.8306934,-12.3315625],[-76.8306875,-12.3316895],[-76.8307011,-12.3318164],[-76.830748,-12.3319239],[-76.8308047,-12.3320312],[-76.830834,-12.332086],[-76.830875,-12.3321954],[-76.8308847,-12.3323125],[-76.8308926,-12.3325195],[-76.83092,-12.3327461],[-76.8309297,-12.3328242],[-76.8309472,-12.3329356],[-76.8309766,-12.3332422],[-76.8309649,-12.3334239],[-76.8309629,-12.3335506],[-76.8309629,-12.3337402],[-76.8309472,-12.3339472],[-76.8309766,-12.3340371],[-76.8309824,-12.3341075],[-76.8309687,-12.334209],[-76.830961,-12.3342735],[-76.83092,-12.3344082],[-76.8308632,-12.3344825],[-76.8307636,-12.3345274],[-76.8306562,-12.3346094],[-76.8304199,-12.3347559],[-76.830252,-12.3348301],[-76.8301387,-12.3348399],[-76.829957,-12.3348399],[-76.8297676,-12.334959],[-76.8294316,-12.3352052],[-76.829377,-12.3352599],[-76.8293026,-12.3353242],[-76.829123,-12.3355059],[-76.8287364,-12.335834],[-76.828627,-12.3358985],[-76.828541,-12.3359707],[-76.8284062,-12.3361621],[-76.8282676,-12.3363066],[-76.8281914,-12.3364257],[-76.8281465,-12.3366152],[-76.8281309,-12.336877],[-76.8281347,-12.3370039],[-76.8281777,-12.3371757],[-76.8282031,-12.3373007],[-76.8282342,-12.3375097],[-76.8282969,-12.337707],[-76.8283652,-12.337879],[-76.8283906,-12.3379882],[-76.8284024,-12.3382051],[-76.828373,-12.3383049],[-76.8282735,-12.338461],[-76.8281972,-12.3385312],[-76.8281055,-12.3385762],[-76.8279766,-12.3386856],[-76.8277187,-12.3388594],[-76.827586,-12.3389336],[-76.8273771,-12.3390156],[-76.8273164,-12.3390332],[-76.827207,-12.3390899],[-76.8271016,-12.339125],[-76.827002,-12.3391816],[-76.8269082,-12.3392169],[-76.8267792,-12.3392637],[-76.8265742,-12.3393106],[-76.826459,-12.3393379],[-76.82625,-12.3394395],[-76.825998,-12.3395586],[-76.8257422,-12.3396856],[-76.8255292,-12.3398145],[-76.8253158,-12.3398188],[-76.8252226,-12.3398985],[-76.8250351,-12.3400156],[-76.8250176,-12.340082],[-76.8249527,-12.3403135],[-76.8249735,-12.3404862],[-76.8250848,-12.3404739],[-76.8251861,-12.34051],[-76.8252998,-12.3405787],[-76.8253556,-12.3406956],[-76.825377,-12.3407743],[-76.8254323,-12.3408643],[-76.8254866,-12.3409075],[-76.8255102,-12.3410093],[-76.8255724,-12.3410525],[-76.8255629,-12.3411381],[-76.8256093,-12.341186],[-76.8257319,-12.3412085],[-76.8257909,-12.3412752],[-76.8257574,-12.3413785],[-76.8258226,-12.3413937],[-76.8258639,-12.3415027],[-76.8259117,-12.3416285],[-76.8259986,-12.3416537],[-76.8260947,-12.3417131],[-76.8261866,-12.3417264],[-76.8262759,-12.3417573],[-76.8262889,-12.3418522],[-76.8264029,-12.3418905],[-76.8264428,-12.3419913],[-76.8265471,-12.3420512],[-76.8265548,-12.3421258],[-76.8266519,-12.342229],[-76.8267257,-12.3422424],[-76.8267432,-12.3423201],[-76.8268378,-12.342425],[-76.8268893,-12.3425411],[-76.8269113,-12.3426197],[-76.826865,-12.3426391],[-76.8268938,-12.3426933],[-76.8268915,-12.3427423],[-76.8268631,-12.3427823],[-76.8267706,-12.3427992],[-76.8266483,-12.3428173],[-76.8265059,-12.342831],[-76.8263884,-12.3427875],[-76.8263545,-12.3426873],[-76.8263849,-12.3425872],[-76.8262789,-12.3424639],[-76.8261553,-12.3423617],[-76.8260544,-12.3422257],[-76.8260457,-12.342117],[-76.8259768,-12.3420923],[-76.8258497,-12.3422174],[-76.8257724,-12.3422265],[-76.8256844,-12.3422229],[-76.8256595,-12.3421732],[-76.8256152,-12.3421204],[-76.8256116,-12.3420529],[-76.8255315,-12.3420354],[-76.8254379,-12.3420855],[-76.8253981,-12.3420539],[-76.8254528,-12.341927],[-76.8254198,-12.3418613],[-76.8253267,-12.3418586],[-76.8253347,-12.3417862],[-76.8253342,-12.3416887],[-76.8252426,-12.341668],[-76.8253181,-12.3415727],[-76.8252777,-12.3415235],[-76.8251962,-12.3414421],[-76.8250876,-12.3413923],[-76.8250203,-12.3413402],[-76.8249821,-12.34127],[-76.8249209,-12.3412201],[-76.8248459,-12.3411682],[-76.8247626,-12.3410585],[-76.8247047,-12.3409471],[-76.8247131,-12.340819],[-76.8247255,-12.3407477],[-76.8247444,-12.3406905],[-76.8247442,-12.3406283],[-76.8246925,-12.3405514],[-76.8245887,-12.3405857],[-76.8245339,-12.3405218],[-76.8245928,-12.3404621],[-76.8247413,-12.3404627],[-76.8247069,-12.340388],[-76.8246843,-12.3402962],[-76.8246937,-12.3401834],[-76.8247163,-12.3400783],[-76.8247246,-12.3399024],[-76.8246814,-12.3397621],[-76.8245178,-12.339645],[-76.8243278,-12.3395632],[-76.8241638,-12.339414],[-76.8240482,-12.3392964],[-76.8238575,-12.3392523],[-76.8236388,-12.3392363],[-76.8234717,-12.339149],[-76.8234224,-12.3390191],[-76.8234117,-12.3388053],[-76.8233589,-12.3386305],[-76.8229669,-12.3384414],[-76.8222481,-12.3384825],[-76.8216934,-12.3386777],[-76.8211992,-12.3387812],[-76.8206739,-12.3389257],[-76.8203047,-12.3389864],[-76.8198195,-12.3393734],[-76.8194636,-12.3395202],[-76.8191314,-12.3396902],[-76.8187914,-12.3399683],[-76.8185067,-12.3403082],[-76.8181033,-12.3407641],[-76.8177082,-12.3411204],[-76.8176051,-12.3413744],[-76.8173836,-12.3417607],[-76.816917,-12.3424483],[-76.8166561,-12.3427805],[-76.8164805,-12.3429336],[-76.8161621,-12.3434357],[-76.8161406,-12.3446524],[-76.8161176,-12.3447456]],[[-76.7892031,-12.3839256],[-76.7893457,-12.3839922],[-76.7893906,-12.3841426],[-76.7895704,-12.3845996],[-76.7897149,-12.3848965],[-76.7897422,-12.3852812],[-76.7895507,-12.3857051],[-76.7891816,-12.3859512],[-76.7884824,-12.3859941],[-76.7881114,-12.3858419],[-76.7877559,-12.3858007],[-76.7872207,-12.3855566],[-76.7867676,-12.385459],[-76.7857677,-12.3849512],[-76.7852656,-12.3849825],[-76.7849687,-12.3850547],[-76.7847579,-12.3851367],[-76.784539,-12.3852656],[-76.7845135,-12.3853164],[-76.7845527,-12.3854356],[-76.784539,-12.3855351],[-76.7844511,-12.3854805],[-76.7843437,-12.3853457]],[[-76.9398632,-12.2477325],[-76.939623,-12.247877],[-76.9391582,-12.2481856],[-76.9388906,-12.2482695],[-76.9387305,-12.2484044],[-76.9385176,-12.2486289],[-76.938207,-12.2488047],[-76.9380664,-12.2488965],[-76.9378066,-12.2491152],[-76.9375039,-12.2491992],[-76.9371524,-12.2493399],[-76.936952,-12.2493866],[-76.9369229,-12.2493934],[-76.9366739,-12.2496426],[-76.9364902,-12.2497696],[-76.9363145,-12.2499316],[-76.9360469,-12.250045],[-76.9358918,-12.2501822],[-76.9356476,-12.250316],[-76.9354612,-12.2504827],[-76.9350586,-12.2505312],[-76.9348066,-12.2507422],[-76.9345685,-12.2509101],[-76.9343222,-12.2510937],[-76.9338711,-12.2513535],[-76.93358,-12.251545],[-76.933258,-12.2516932],[-76.9330957,-12.2518047],[-76.9326524,-12.2521075],[-76.932582,-12.2521856],[-76.9323575,-12.2523047],[-76.9321465,-12.2523887],[-76.9319414,-12.2525079],[-76.9317656,-12.2526777],[-76.9316114,-12.2527619],[-76.9312422,-12.2529902],[-76.9309805,-12.253166],[-76.9307169,-12.2534257],[-76.9303417,-12.2535919],[-76.9297803,-12.2540853],[-76.929478,-12.254245],[-76.9291584,-12.2545437],[-76.9288575,-12.254675],[-76.9286118,-12.2548328],[-76.9283779,-12.2549477],[-76.9281513,-12.2551089],[-76.9279338,-12.2552862],[-76.9277891,-12.2553773],[-76.9276489,-12.2555884],[-76.9271072,-12.2558983],[-76.9269253,-12.2559445],[-76.9265711,-12.2561689],[-76.9263171,-12.2564433],[-76.9258939,-12.2566922],[-76.9255865,-12.2568676],[-76.9251337,-12.2572673],[-76.9248137,-12.2575454],[-76.9234165,-12.2585976],[-76.9229405,-12.2590301],[-76.9214281,-12.2601724],[-76.9208524,-12.2605164],[-76.9203189,-12.2608343],[-76.9200759,-12.2610284],[-76.9191577,-12.2616632],[-76.9187149,-12.2620171],[-76.9175133,-12.26289],[-76.9167535,-12.2636214],[-76.9156597,-12.264361],[-76.9146519,-12.2652629],[-76.9123495,-12.2667328],[-76.9116832,-12.2670924],[-76.9112491,-12.2675328],[-76.9107642,-12.2678258],[-76.9098591,-12.268669],[-76.9088688,-12.2695328],[-76.9053172,-12.272051],[-76.904707,-12.2725788],[-76.9039824,-12.2732247],[-76.9034081,-12.2736099],[-76.9008999,-12.2753876],[-76.8975475,-12.2784938],[-76.8969219,-12.2790899],[-76.8967795,-12.2792325],[-76.8966211,-12.2794064],[-76.896459,-12.2795392],[-76.8962422,-12.2797579],[-76.8961035,-12.279877],[-76.8958984,-12.2800097],[-76.8958575,-12.2800722],[-76.8957461,-12.2801895],[-76.8956895,-12.280295],[-76.8955917,-12.2804062],[-76.8955059,-12.2804922],[-76.8954395,-12.2805565],[-76.8953829,-12.2806406],[-76.8952794,-12.2807012],[-76.895125,-12.2808242],[-76.8950079,-12.280877],[-76.8947382,-12.2810332],[-76.8945897,-12.2811231],[-76.8945704,-12.2811955],[-76.8944902,-12.2812344],[-76.8942891,-12.2813672],[-76.8941954,-12.2814121],[-76.8940156,-12.2815235],[-76.8938204,-12.281666],[-76.8936799,-12.2817382],[-76.8935879,-12.2818066],[-76.8934649,-12.2819181],[-76.8932949,-12.2820215],[-76.8932167,-12.2821054],[-76.8930625,-12.2821777],[-76.8928672,-12.2822989],[-76.8926972,-12.2824259],[-76.8925976,-12.282461],[-76.8922891,-12.2827559],[-76.892123,-12.2828652],[-76.8918457,-12.2830547],[-76.891666,-12.2831875],[-76.8914277,-12.2832989],[-76.8912812,-12.2834239],[-76.8911289,-12.2835195],[-76.8904024,-12.2839551],[-76.8900566,-12.284127],[-76.8896075,-12.2843535],[-76.8894805,-12.2844121],[-76.8893906,-12.2843867],[-76.8893184,-12.2844296],[-76.88925,-12.2844981],[-76.8891504,-12.2845586],[-76.8890351,-12.2846016],[-76.8889454,-12.2847031],[-76.8887676,-12.2847402],[-76.8886055,-12.2848945],[-76.8884785,-12.2848867],[-76.8884121,-12.284875],[-76.8883261,-12.2848906],[-76.8881992,-12.2849336],[-76.888168,-12.2850059],[-76.8880996,-12.2850781],[-76.8879297,-12.2850919],[-76.887836,-12.2851309],[-76.8877715,-12.285207],[-76.8876699,-12.2852187],[-76.8875742,-12.2851779],[-76.8875053,-12.2851973],[-76.8874219,-12.2852207],[-76.8872324,-12.2853047],[-76.8870371,-12.2854044],[-76.8869471,-12.2854239],[-76.8868242,-12.2854882],[-76.8866522,-12.2855079],[-76.886498,-12.2855781],[-76.8864044,-12.2855781],[-76.8862579,-12.2856972],[-76.8861406,-12.2857285],[-76.885961,-12.2857401],[-76.8857636,-12.2858555],[-76.8855371,-12.2858945],[-76.8852676,-12.2860059],[-76.8851485,-12.286002],[-76.8850039,-12.2860606],[-76.8849277,-12.2860606],[-76.8847851,-12.2861797],[-76.8846191,-12.2861562],[-76.8843516,-12.2862695],[-76.8843164,-12.2863301],[-76.8841935,-12.2863399],[-76.8840899,-12.2864414],[-76.8839864,-12.2865527],[-76.8836621,-12.2865919],[-76.8835176,-12.2866759],[-76.8834277,-12.2866856],[-76.8832832,-12.2867187],[-76.8832149,-12.2868419],[-76.8831289,-12.2869024],[-76.8829629,-12.2869414],[-76.8828594,-12.2869492],[-76.8827187,-12.2870059],[-76.8825566,-12.2871152],[-76.8824629,-12.2871465],[-76.8823985,-12.2871289],[-76.8823007,-12.2871504],[-76.882252,-12.2872226],[-76.8821386,-12.2872754],[-76.8819121,-12.2873281],[-76.8818162,-12.2873945],[-76.8817539,-12.2874844],[-76.8816426,-12.2875351],[-76.8814707,-12.2875527],[-76.8813261,-12.2876757],[-76.8811641,-12.2876757],[-76.8810957,-12.287752],[-76.8809922,-12.2877871],[-76.880746,-12.2878204],[-76.8805976,-12.2879492],[-76.8804882,-12.287957],[-76.8803419,-12.2881211],[-76.8801426,-12.2881836],[-76.880041,-12.2882382],[-76.8799199,-12.288334],[-76.8796954,-12.288334],[-76.879623,-12.2883555],[-76.8794687,-12.2884961],[-76.8793691,-12.2885645],[-76.8792499,-12.2885762],[-76.8791425,-12.288666],[-76.8789902,-12.288795],[-76.8787715,-12.2888242],[-76.8786485,-12.2889649],[-76.878541,-12.2889902],[-76.8784042,-12.2889902],[-76.8782735,-12.2890215],[-76.8780937,-12.2891836],[-76.8778672,-12.2891972],[-76.8777521,-12.2892481],[-76.8777246,-12.289332],[-76.877627,-12.2893711],[-76.8775215,-12.2893809],[-76.8773887,-12.2894141],[-76.8772129,-12.2895391],[-76.877123,-12.2895332],[-76.8770547,-12.2895625],[-76.8770176,-12.2896075],[-76.8769297,-12.28967],[-76.8767344,-12.289709],[-76.8766485,-12.289795],[-76.876543,-12.289875],[-76.876418,-12.2898789],[-76.8763027,-12.2899472],[-76.8761289,-12.2899824],[-76.8760547,-12.2899805],[-76.8759219,-12.2900879],[-76.8758281,-12.2901114],[-76.8755781,-12.2902774],[-76.8753711,-12.2903379],[-76.8752851,-12.2904044],[-76.8751621,-12.2904239],[-76.8750312,-12.2904629],[-76.8749511,-12.2905586],[-76.8747969,-12.2906307],[-76.8746386,-12.2906524],[-76.8744434,-12.2907851],[-76.8742774,-12.2908204],[-76.8741954,-12.2909297],[-76.8740917,-12.2909707],[-76.8739551,-12.2909844],[-76.8738379,-12.2910469],[-76.873666,-12.2911642],[-76.8735079,-12.2911504],[-76.8733847,-12.2912774],[-76.8731855,-12.291291],[-76.8730742,-12.2913731],[-76.8729824,-12.2914805],[-76.872703,-12.2915762],[-76.8723945,-12.291672],[-76.8720235,-12.291793],[-76.871707,-12.291957],[-76.8712129,-12.2921231],[-76.8710194,-12.2921621],[-76.8704551,-12.2922872],[-76.8700567,-12.2923731],[-76.8697949,-12.2925079],[-76.8695097,-12.2926972],[-76.8693184,-12.2928751],[-76.8692226,-12.2929239],[-76.8689844,-12.2930507],[-76.8687617,-12.2930919],[-76.8686816,-12.2931777],[-76.8684414,-12.2932402],[-76.8682929,-12.2933711],[-76.8679297,-12.2935351],[-76.8675195,-12.293711],[-76.8669707,-12.293961],[-76.8665371,-12.2941544],[-76.8663379,-12.2942539],[-76.865918,-12.2944669],[-76.8653516,-12.2947189],[-76.8649302,-12.2953944],[-76.8637969,-12.2960944],[-76.8627026,-12.2965908],[-76.8618819,-12.2969218],[-76.8609179,-12.2977364],[-76.8598237,-12.2981691],[-76.8590681,-12.2985255],[-76.858521,-12.2989201],[-76.8579478,-12.299391],[-76.8572964,-12.2999001],[-76.8566972,-12.3001674],[-76.8562543,-12.3004347],[-76.8557593,-12.3006129],[-76.8552643,-12.3007783],[-76.8547432,-12.3010965],[-76.8542742,-12.3015038],[-76.8538204,-12.3016132],[-76.8532774,-12.3021836],[-76.8526816,-12.3025996],[-76.852127,-12.3029042],[-76.8516542,-12.3032226],[-76.8511954,-12.303543],[-76.8503496,-12.3041816],[-76.8497656,-12.3047656],[-76.8496972,-12.3050704],[-76.8496426,-12.3053204],[-76.8489864,-12.3060332],[-76.84842,-12.3061582],[-76.8479082,-12.3063535],[-76.8472441,-12.3068906],[-76.8470664,-12.3069531],[-76.846498,-12.3074316],[-76.8460566,-12.307877],[-76.8456972,-12.3082774],[-76.8453516,-12.3085899],[-76.8449961,-12.3089277],[-76.844916,-12.3090996],[-76.8445645,-12.3093867],[-76.8443867,-12.3097639],[-76.8442324,-12.309877],[-76.8440292,-12.3100371],[-76.8439082,-12.310207],[-76.8437324,-12.3105409],[-76.8436504,-12.3107226],[-76.8435059,-12.3109864],[-76.843418,-12.3111406],[-76.8432754,-12.3113594],[-76.8432414,-12.3115548],[-76.8431254,-12.3119311],[-76.8432417,-12.3121874],[-76.8432363,-12.3124554],[-76.8434503,-12.3129137],[-76.843494,-12.3129846],[-76.8436395,-12.3132204],[-76.8435195,-12.3134333],[-76.8432809,-12.3134734],[-76.8430162,-12.3132426],[-76.8426582,-12.3129907],[-76.842396,-12.3128253],[-76.8422008,-12.3127467],[-76.8419538,-12.3126572],[-76.8418298,-12.3126765],[-76.8413035,-12.3126517],[-76.8410112,-12.3128129],[-76.8406,-12.3127619]],[[-76.7261114,-12.5614825],[-76.726252,-12.5618789],[-76.7262539,-12.5619687],[-76.7261601,-12.5622871],[-76.7258164,-12.5625586],[-76.7253672,-12.5629414],[-76.7252305,-12.563125],[-76.7251875,-12.563459],[-76.725125,-12.5638652],[-76.7250801,-12.5641562],[-76.7248985,-12.5642676],[-76.7245312,-12.5645235],[-76.7242832,-12.5645235],[-76.7240059,-12.5643164],[-76.7236641,-12.5641016],[-76.7233222,-12.5640312],[-76.7229101,-12.5641504],[-76.7224511,-12.5643086],[-76.722002,-12.5645547],[-76.721543,-12.5648027],[-76.7211114,-12.5651465],[-76.7206816,-12.5655489],[-76.7203437,-12.566],[-76.7202715,-12.5660937],[-76.7202266,-12.5661836],[-76.7201621,-12.5662481],[-76.7201191,-12.566293],[-76.7198867,-12.5663847],[-76.7195467,-12.5663867],[-76.7193614,-12.5662812],[-76.7191601,-12.5661914],[-76.7188106,-12.5663027],[-76.7187186,-12.5663476],[-76.718545,-12.5666191],[-76.7181074,-12.5671406],[-76.7177969,-12.5674746],[-76.7165781,-12.568332],[-76.7158886,-12.5689375],[-76.7157735,-12.5690332],[-76.7156641,-12.5691972],[-76.715619,-12.5692422],[-76.7155,-12.5693789],[-76.7150059,-12.5698985],[-76.7146406,-12.5702794],[-76.714211,-12.5707246],[-76.7137364,-12.571252],[-76.7133887,-12.5716524],[-76.7129414,-12.5721972],[-76.7126035,-12.5725975],[-76.7120547,-12.5731426],[-76.7116699,-12.5734824],[-76.7114239,-12.5735527],[-76.7111035,-12.5737266],[-76.7110107,-12.5740656],[-76.710717,-12.5743824],[-76.7102386,-12.5747011],[-76.7097427,-12.5751254],[-76.709171,-12.5754792],[-76.7089257,-12.5759024],[-76.7085606,-12.5763007],[-76.708284,-12.5769309],[-76.7075709,-12.5777757],[-76.7072012,-12.5782203],[-76.7062249,-12.5799433],[-76.7053047,-12.5805919],[-76.705123,-12.5810332],[-76.7049239,-12.5814864],[-76.7047871,-12.5816231],[-76.704623,-12.5819316],[-76.7045151,-12.5825989],[-76.7042592,-12.5835941],[-76.7040645,-12.5849783],[-76.7041568,-12.5863243],[-76.7044259,-12.587341],[-76.7049613,-12.5879704],[-76.7053995,-12.5892923],[-76.7054885,-12.5901831],[-76.7055439,-12.5909795],[-76.7054184,-12.5916617],[-76.7054215,-12.5919245],[-76.7052891,-12.592252],[-76.7054766,-12.5926914],[-76.7057735,-12.5932226],[-76.7058496,-12.5934492],[-76.705916,-12.593711],[-76.7058535,-12.5940899],[-76.7056797,-12.5943906],[-76.7055079,-12.5946797],[-76.7050957,-12.5950801],[-76.704873,-12.5951895],[-76.704795,-12.595498],[-76.7048437,-12.5958419],[-76.7048261,-12.5961211],[-76.7047169,-12.5963399],[-76.7044687,-12.5963594],[-76.7042559,-12.5962149],[-76.7040351,-12.5960176],[-76.7038476,-12.5957305],[-76.7036445,-12.5955332],[-76.7033965,-12.595498],[-76.703166,-12.5957344],[-76.7029297,-12.5960877],[-76.7028027,-12.596207],[-76.7026465,-12.596416],[-76.7025566,-12.5965059],[-76.7024649,-12.596543],[-76.7023905,-12.5965899],[-76.702209,-12.5967735],[-76.7020976,-12.5968615],[-76.7017305,-12.5970449],[-76.7015097,-12.5970469],[-76.7012989,-12.5971114],[-76.7009414,-12.597295],[-76.7005704,-12.5975235],[-76.7004395,-12.5975507],[-76.7003906,-12.5976152],[-76.7001152,-12.5976152],[-76.6997539,-12.5976641],[-76.6993886,-12.5977735],[-76.6993436,-12.5978476],[-76.6992246,-12.5978476],[-76.6991152,-12.597957],[-76.6990684,-12.598002],[-76.6988399,-12.5983379],[-76.6987324,-12.5987012],[-76.6986426,-12.5990625],[-76.6985996,-12.5994239],[-76.6985097,-12.5997774],[-76.6983555,-12.6001406],[-76.6982851,-12.600502],[-76.6981954,-12.6008555],[-76.6980861,-12.6011485],[-76.6980586,-12.601217],[-76.6978867,-12.6015527],[-76.6976132,-12.6020254],[-76.6975879,-12.6022342],[-76.6976777,-12.6023867],[-76.6977539,-12.6024766],[-76.697711,-12.6027481],[-76.6974824,-12.6030117],[-76.6974082,-12.6030117],[-76.6970215,-12.6030586],[-76.696957,-12.6029961],[-76.6968379,-12.6029785],[-76.6967715,-12.6028887],[-76.6966152,-12.6028184],[-76.6963379,-12.6026211],[-76.696043,-12.6024414],[-76.6956739,-12.6022636],[-76.6953047,-12.602293],[-76.6951954,-12.6023125],[-76.6950761,-12.6024922],[-76.6949941,-12.6025391],[-76.6949667,-12.6026035],[-76.694875,-12.602633],[-76.6948301,-12.6028281],[-76.6947656,-12.6029024],[-76.6946914,-12.6030274],[-76.6946485,-12.6031191],[-76.6945566,-12.6032579],[-76.6942639,-12.6034825],[-76.6940801,-12.6035937],[-76.6938789,-12.6036211],[-76.6937402,-12.6037304],[-76.693375,-12.603959],[-76.6933105,-12.6039864],[-76.6932832,-12.6040957],[-76.6931739,-12.604168],[-76.693127,-12.604295],[-76.6930645,-12.6044316],[-76.6929277,-12.6046582],[-76.6926524,-12.6049045],[-76.6925625,-12.6049492],[-76.6920371,-12.6050254],[-76.6916699,-12.6051641],[-76.691623,-12.6051367],[-76.6915332,-12.6052735],[-76.6914045,-12.6054082],[-76.6911035,-12.605791],[-76.6908574,-12.6060625],[-76.6905371,-12.6064726],[-76.6903086,-12.6067364],[-76.6898789,-12.607127],[-76.689541,-12.6073907],[-76.6892011,-12.6076191],[-76.6888977,-12.6078873],[-76.6881835,-12.6085718],[-76.6879553,-12.6086653],[-76.6878652,-12.6087305],[-76.6876094,-12.6089941],[-76.6872246,-12.6093847],[-76.6869044,-12.6096309],[-76.6866362,-12.6101324],[-76.6861436,-12.610704],[-76.6851791,-12.6121722],[-76.6849145,-12.6127245],[-76.6856454,-12.6131018],[-76.6859506,-12.613763],[-76.6857535,-12.6140492],[-76.6856465,-12.6142695],[-76.6856582,-12.6146211],[-76.6855957,-12.6149276],[-76.6855059,-12.6151992],[-76.6854141,-12.6154707],[-76.6853066,-12.6157441],[-76.6851699,-12.6159432],[-76.6849882,-12.6162794],[-76.6848516,-12.6165332],[-76.6846055,-12.6168867],[-76.6843301,-12.6172226],[-76.6841309,-12.617586],[-76.6839669,-12.6178125],[-76.6836972,-12.6181406],[-76.6835606,-12.618209],[-76.6834726,-12.6182402],[-76.6833535,-12.6182871],[-76.6830586,-12.6184239],[-76.6828125,-12.6185801],[-76.682582,-12.6187617],[-76.6823535,-12.618963],[-76.6821504,-12.6191895],[-76.6821072,-12.6192617],[-76.6820625,-12.6193516],[-76.6819707,-12.6194805],[-76.6818164,-12.6196621],[-76.6817695,-12.6197812],[-76.6816504,-12.6197812],[-76.6814961,-12.6199356],[-76.681248,-12.6201347],[-76.6809726,-12.6202987],[-76.6806797,-12.6204825],[-76.6804042,-12.6206641],[-76.6801757,-12.6208652],[-76.6799004,-12.6210664],[-76.6797441,-12.6211114],[-76.6796719,-12.6211387],[-76.6795879,-12.6211582],[-76.6792676,-12.6211601],[-76.6789454,-12.6211621],[-76.6788066,-12.6211621],[-76.6786972,-12.6212364],[-76.678623,-12.6212715],[-76.6784044,-12.6214551],[-76.6781739,-12.6216816],[-76.6779472,-12.6219552],[-76.6776542,-12.622291],[-76.6774902,-12.6224726],[-76.6772715,-12.622791],[-76.6770879,-12.6229902],[-76.676832,-12.6233262],[-76.6766777,-12.6235079],[-76.6764253,-12.6236357],[-76.6763941,-12.623684],[-76.6764591,-12.623763],[-76.6763606,-12.6237791],[-76.6763836,-12.6238366],[-76.6764732,-12.6239092],[-76.6764925,-12.6240483],[-76.6764625,-12.6241557],[-76.6763698,-12.6241317],[-76.6762533,-12.6239336],[-76.6761918,-12.6238867],[-76.6759323,-12.6241617],[-76.675791,-12.6245254],[-76.6757937,-12.6245963],[-76.675876,-12.6246809],[-76.6759884,-12.6246874],[-76.6762187,-12.6247694],[-76.6764158,-12.6248143],[-76.6764372,-12.6249548],[-76.6765386,-12.6250717],[-76.6765156,-12.6251891],[-76.676354,-12.6251836],[-76.6760578,-12.6250839],[-76.6757402,-12.6248566],[-76.6752481,-12.6248823],[-76.6750397,-12.6250253],[-76.6744121,-12.6260527],[-76.6741641,-12.6262364],[-76.6738614,-12.6264181],[-76.6736132,-12.6266465],[-76.6733671,-12.6268475],[-76.6731784,-12.6272057],[-76.6730452,-12.6275786],[-76.6725718,-12.6281562],[-76.6722883,-12.6284322],[-76.6721372,-12.6287496],[-76.6720566,-12.628916],[-76.6720292,-12.6291875],[-76.6720117,-12.629459],[-76.6720137,-12.6297305],[-76.6720156,-12.6298204],[-76.6720801,-12.6298829],[-76.672127,-12.6300001],[-76.6723125,-12.6302617],[-76.6725254,-12.6305566],[-76.6726386,-12.6308926],[-76.6726582,-12.6310899],[-76.6725937,-12.631209],[-76.6725662,-12.6313359],[-76.6725195,-12.6314922],[-76.6723945,-12.6316524],[-76.6723496,-12.6317226],[-76.672166,-12.6317266],[-76.6720722,-12.6316544],[-76.672,-12.6315645],[-76.671916,-12.6314746],[-76.6717774,-12.6315215],[-76.6715664,-12.6315039],[-76.6714101,-12.6316856],[-76.6711816,-12.6320664],[-76.6710742,-12.6322676],[-76.671002,-12.6324669],[-76.6710489,-12.632584],[-76.6711875,-12.6327207],[-76.6712617,-12.6327637],[-76.6713535,-12.6327794],[-76.6715566,-12.6328965],[-76.6716211,-12.6330235],[-76.6716504,-12.6331582],[-76.6715781,-12.633295],[-76.6714395,-12.633457],[-76.6711759,-12.6337207],[-76.6709922,-12.6338125],[-76.6709909,-12.6342204],[-76.6707656,-12.634582],[-76.6707676,-12.6346465],[-76.6708145,-12.6347989],[-76.67075,-12.6348905],[-76.6710688,-12.6352013],[-76.6707037,-12.6353751],[-76.6706549,-12.6357199],[-76.6708539,-12.6360677],[-76.6705292,-12.6362382],[-76.6705312,-12.6365547],[-76.6704844,-12.6366426],[-76.6704121,-12.6368262],[-76.6702754,-12.6370527],[-76.6702752,-12.6376156],[-76.6700291,-12.6388082],[-76.66995,-12.6390797],[-76.6698816,-12.6393409],[-76.6697486,-12.6411603],[-76.6694028,-12.6427214],[-76.6690507,-12.6439219],[-76.6690254,-12.6442305],[-76.6690079,-12.6445469],[-76.6689824,-12.6448614],[-76.6689649,-12.6450606],[-76.6694873,-12.6475247],[-76.6698051,-12.6479721],[-76.6699082,-12.6482969],[-76.6700351,-12.6483731],[-76.6701757,-12.6484434],[-76.6704434,-12.6484882],[-76.6707209,-12.6484864],[-76.670793,-12.6485332],[-76.6709961,-12.6485742],[-76.6711055,-12.6485919],[-76.6711524,-12.6486816],[-76.6712441,-12.648709],[-76.6714316,-12.6488614],[-76.6716329,-12.6489492],[-76.6718457,-12.649084],[-76.6720311,-12.6491914],[-76.6721875,-12.6493262],[-76.672326,-12.6494785],[-76.6724649,-12.6496132],[-76.672623,-12.6497305],[-76.6727617,-12.6498652],[-76.67292,-12.6499551],[-76.6731035,-12.6500801],[-76.6732246,-12.6502597],[-76.6732891,-12.650377],[-76.673334,-12.6504395],[-76.6733829,-12.6505294],[-76.673541,-12.6508182],[-76.6737559,-12.6510879],[-76.673959,-12.6513301],[-76.6741914,-12.6515547],[-76.6743007,-12.6516445],[-76.6743007,-12.6518262],[-76.674252,-12.652166],[-76.6741952,-12.6522969],[-76.6741504,-12.6523867],[-76.674123,-12.6524511],[-76.6740332,-12.6527677],[-76.673877,-12.6530137],[-76.6738145,-12.6531035],[-76.6737402,-12.6531757],[-76.673586,-12.6532676],[-76.6733086,-12.6533145],[-76.6729864,-12.6532891],[-76.6727579,-12.6533632],[-76.6727129,-12.6535801],[-76.6727402,-12.6537422],[-76.6727597,-12.6538965],[-76.672836,-12.6542127],[-76.6728379,-12.6543652],[-76.6727422,-12.6544941],[-76.6727011,-12.6545742],[-76.6725646,-12.654793],[-76.6722207,-12.655002],[-76.6720684,-12.6550215],[-76.6719492,-12.6550489],[-76.671793,-12.6550235],[-76.671627,-12.6550059],[-76.6715136,-12.6550527],[-76.6714239,-12.6551152],[-76.6714082,-12.6553869],[-76.6714277,-12.6556114],[-76.6714746,-12.6557031],[-76.6714316,-12.6560097],[-76.671293,-12.6562207],[-76.6712325,-12.6562656],[-76.6711836,-12.6563106],[-76.6711094,-12.6563301],[-76.6710176,-12.6563125],[-76.6709356,-12.6562402],[-76.6708145,-12.6561777],[-76.6704687,-12.6560549],[-76.6703184,-12.6561992],[-76.6704042,-12.656668],[-76.6704355,-12.6569844],[-76.6703242,-12.6570937],[-76.6702774,-12.6571836],[-76.6701582,-12.6573027],[-76.6701132,-12.6574121],[-76.6700957,-12.6574844],[-76.6700235,-12.6576114],[-76.6702539,-12.6577441],[-76.6707344,-12.6579941],[-76.6709669,-12.658328],[-76.6709669,-12.658418],[-76.6710332,-12.6585976],[-76.6712011,-12.6588594],[-76.6714785,-12.659293],[-76.6715899,-12.6593555],[-76.6717481,-12.6594629],[-76.6718867,-12.6596426],[-76.6721836,-12.6601367],[-76.6724454,-12.6605781],[-76.6724922,-12.6607149],[-76.6724004,-12.6609219],[-76.6723281,-12.6608965],[-76.672125,-12.6609687],[-76.6720605,-12.6609239],[-76.6718027,-12.660836],[-76.6716191,-12.6608555],[-76.6714707,-12.6609101],[-76.6714257,-12.6610919],[-76.6714922,-12.6612169],[-76.6716307,-12.661334],[-76.6718614,-12.6615312],[-76.6720391,-12.6617481],[-76.6721601,-12.6620625],[-76.6720586,-12.6620899],[-76.6717832,-12.6620645],[-76.671377,-12.6619414],[-76.670916,-12.6619356],[-76.6706972,-12.6620996],[-76.6706699,-12.6623164],[-76.6708476,-12.6625254],[-76.6710781,-12.6628106],[-76.671377,-12.663217],[-76.671457,-12.6633691],[-76.6715527,-12.6635215],[-76.6715899,-12.6635937],[-76.6715899,-12.6636582],[-76.6715742,-12.6638204],[-76.6715097,-12.6638652],[-76.6713457,-12.663957],[-76.6712989,-12.664084],[-76.6712364,-12.6643476],[-76.6713104,-12.6645272],[-76.6713125,-12.6646621],[-76.6711367,-12.6647187],[-76.6708965,-12.6646387],[-76.6706445,-12.6646346],[-76.6703652,-12.6647774],[-76.670043,-12.6650312],[-76.6692832,-12.6655157],[-76.6687891,-12.6660801],[-76.6678164,-12.6671386],[-76.6677557,-12.6671797],[-76.6676485,-12.6672989],[-76.6675547,-12.6673887],[-76.6675097,-12.6674531],[-76.6672167,-12.667834],[-76.6669902,-12.6681329],[-76.6665586,-12.6685156],[-76.6662207,-12.6688262],[-76.6658731,-12.6691719],[-76.6655801,-12.6695252],[-76.6652149,-12.669916],[-76.6649961,-12.670207],[-76.6646055,-12.6706347],[-76.6643555,-12.6709531],[-76.6639454,-12.6713789],[-76.6635879,-12.6718242],[-76.6631581,-12.6722169],[-76.6628105,-12.6725079],[-76.6624531,-12.6727812],[-76.6621055,-12.6730919],[-76.6617677,-12.6734101],[-76.6614551,-12.6737462],[-76.6611815,-12.674125],[-76.6607715,-12.6745371],[-76.6604336,-12.6749902],[-76.6600684,-12.6754336],[-76.6599171,-12.6756344],[-76.6597109,-12.6759082],[-76.6593525,-12.6763659]],[[-77.1863301,-11.7895703],[-77.1861047,-11.7899391],[-77.1856201,-11.7904768],[-77.1850461,-11.7909953],[-77.1846128,-11.7914828],[-77.1842224,-11.7919387],[-77.1834326,-11.7933953],[-77.1834161,-11.7934826],[-77.1833298,-11.7937258],[-77.1831028,-11.7941405],[-77.1828532,-11.7945742],[-77.1824226,-11.7952503],[-77.1821296,-11.7958233],[-77.1819915,-11.7963525],[-77.1817689,-11.7968264],[-77.1817092,-11.797263],[-77.1818254,-11.7973132],[-77.1818459,-11.7973691],[-77.1819414,-11.797416],[-77.1820877,-11.797502],[-77.1821875,-11.7975664],[-77.1822382,-11.7976719],[-77.1821836,-11.7977891],[-77.1821426,-11.7978419],[-77.1820976,-11.7979082],[-77.1820937,-11.7980079],[-77.1821601,-11.7981152],[-77.182127,-11.798207],[-77.1820996,-11.7982617],[-77.1820861,-11.7983242],[-77.182084,-11.7983887],[-77.1821289,-11.7984961],[-77.1822402,-11.7986016],[-77.1822871,-11.7986661],[-77.182332,-11.7987754],[-77.1823457,-11.7988926],[-77.182375,-11.7990176],[-77.1823652,-11.7991035],[-77.1823691,-11.7993164],[-77.1823535,-11.799416],[-77.1823204,-11.7995254],[-77.1822325,-11.7995976],[-77.1821407,-11.7996075],[-77.1820722,-11.7996271],[-77.1819297,-11.7998262],[-77.1818301,-11.7999101],[-77.1817382,-11.7998906],[-77.1816544,-11.7998457],[-77.1815507,-11.799793],[-77.1814512,-11.7997364],[-77.181334,-11.7997579],[-77.1812656,-11.7997402],[-77.1811797,-11.7997051],[-77.1809824,-11.7996777],[-77.1808535,-11.7996172],[-77.1807245,-11.7996271],[-77.180625,-11.7996562],[-77.1805156,-11.7997012],[-77.1804571,-11.7998007],[-77.1802424,-11.7999864],[-77.1792265,-11.8010399],[-77.1779649,-11.8022325],[-77.1779844,-11.8024414],[-77.178041,-11.8025682],[-77.1781719,-11.802666],[-77.1783417,-11.8027286],[-77.1784355,-11.8027891],[-77.1785371,-11.8028906],[-77.1786289,-11.8029785],[-77.1786757,-11.8030507],[-77.1787149,-11.8031309],[-77.1787812,-11.8033575],[-77.1788516,-11.8034551],[-77.1790586,-11.8036329],[-77.1791289,-11.803797],[-77.1792226,-11.803959],[-77.1792344,-11.8040332],[-77.1792364,-11.8041211],[-77.1792051,-11.8042481],[-77.1791094,-11.804336],[-77.1790351,-11.8043849],[-77.1789044,-11.8045507],[-77.1788594,-11.8046035],[-77.1788301,-11.8046562],[-77.1788086,-11.8047207],[-77.1787851,-11.8049024],[-77.1787344,-11.805002],[-77.1787597,-11.8051191],[-77.1787871,-11.8051816],[-77.1788496,-11.8052812],[-77.1788867,-11.8053809],[-77.178877,-11.8055059],[-77.1789004,-11.8056231],[-77.1790136,-11.8056132],[-77.1790899,-11.8056132],[-77.1792402,-11.805588],[-77.1793341,-11.8055566],[-77.1794414,-11.8055469],[-77.1793965,-11.8056289],[-77.179332,-11.8056621],[-77.1791777,-11.8057441],[-77.1791582,-11.8058399],[-77.1791562,-11.8060469],[-77.1792051,-11.8061016],[-77.1792814,-11.8061562],[-77.1793222,-11.806209],[-77.1793789,-11.8062597],[-77.1794707,-11.8063164],[-77.1795722,-11.8063867],[-77.1796561,-11.8064864],[-77.1797344,-11.8065332],[-77.1798222,-11.8065899],[-77.1800097,-11.8066816],[-77.1800547,-11.8067266],[-77.1800586,-11.8069101],[-77.1801055,-11.8069531],[-77.180209,-11.8069961],[-77.1802735,-11.807086],[-77.1802774,-11.8071504],[-77.1801972,-11.807252],[-77.1801329,-11.8072774],[-77.1800312,-11.8073419],[-77.1799766,-11.8073787],[-77.1798867,-11.8074141],[-77.179752,-11.8073985],[-77.1796231,-11.8073632],[-77.1795312,-11.8073476],[-77.1794395,-11.8073614],[-77.1793594,-11.8074101],[-77.1792851,-11.8075],[-77.1792325,-11.8075371],[-77.1791719,-11.8075646],[-77.1790742,-11.8075469],[-77.1790312,-11.8074941],[-77.1789277,-11.8074472],[-77.1788204,-11.8074317],[-77.1787636,-11.8074062],[-77.1786582,-11.807418],[-77.1787129,-11.8074864],[-77.1787656,-11.807586],[-77.1786445,-11.8076174],[-77.1784922,-11.8076875],[-77.1783906,-11.8076524],[-77.1783437,-11.8075976],[-77.1782949,-11.8075625],[-77.1781934,-11.8075371],[-77.177998,-11.8076465],[-77.1778906,-11.8076739],[-77.177791,-11.8076757],[-77.1776797,-11.807666],[-77.1776152,-11.8076757],[-77.1776191,-11.8077676],[-77.1777051,-11.8078555],[-77.177709,-11.8079297],[-77.1776934,-11.8080196],[-77.1776816,-11.8081289],[-77.1777325,-11.8082266],[-77.1778204,-11.8083164],[-77.1779452,-11.8083496],[-77.1780312,-11.8083789],[-77.1781191,-11.8084414],[-77.1782695,-11.8086211],[-77.1783301,-11.8086895],[-77.1784257,-11.8087735],[-77.1784805,-11.8088086],[-77.1786114,-11.8089336],[-77.1787774,-11.8089785],[-77.1788672,-11.8090566],[-77.1789141,-11.8091485],[-77.1789726,-11.8091757],[-77.1789746,-11.809295],[-77.1788632,-11.8093204],[-77.1788105,-11.80942],[-77.178709,-11.8094669],[-77.1786152,-11.809459],[-77.1784121,-11.809459],[-77.1783125,-11.809416],[-77.1782012,-11.8093887],[-77.1781542,-11.8094882],[-77.1780606,-11.8094707],[-77.1779941,-11.8094726],[-77.1779101,-11.8095547],[-77.1778789,-11.8096934],[-77.1778672,-11.8098652],[-77.1778204,-11.8102051],[-77.1777656,-11.8105645],[-77.17775,-11.8107794],[-77.17775,-11.8110176],[-77.1777382,-11.811092],[-77.1776582,-11.811291],[-77.1776426,-11.811418],[-77.1775391,-11.8117246],[-77.1775156,-11.8118047],[-77.1774531,-11.8119649],[-77.1773457,-11.8123106],[-77.1772812,-11.8124824],[-77.1770996,-11.8128222],[-77.1770801,-11.8129219],[-77.1770919,-11.8129922],[-77.1770801,-11.8130489],[-77.1770605,-11.8131114],[-77.1770274,-11.8131816],[-77.1769649,-11.8132579],[-77.1769726,-11.813375],[-77.176961,-11.8134687],[-77.176877,-11.8136016],[-77.1768457,-11.8138516],[-77.1768007,-11.8139454],[-77.1767344,-11.8142441],[-77.1767246,-11.8143711],[-77.1766777,-11.8145039],[-77.1766777,-11.8147051],[-77.1766386,-11.8148242],[-77.1766485,-11.8149395],[-77.1766211,-11.8150214],[-77.1766524,-11.8151562],[-77.1766542,-11.8152579],[-77.1766386,-11.8153204],[-77.1766309,-11.8153829],[-77.1766622,-11.8154472],[-77.1766777,-11.8155079],[-77.1766739,-11.8155664],[-77.1766757,-11.8156934],[-77.176709,-11.8157812],[-77.1767774,-11.8158614],[-77.1768457,-11.8158887],[-77.1769726,-11.8159239],[-77.1770391,-11.8159219],[-77.1771465,-11.8159395],[-77.1772031,-11.8159882],[-77.1773105,-11.816084],[-77.1774297,-11.8161094],[-77.1775351,-11.8161094],[-77.1777461,-11.8161427],[-77.1778086,-11.8161601],[-77.1779197,-11.8161504],[-77.1779824,-11.816168],[-77.1780292,-11.8162129],[-77.1780039,-11.8163319],[-77.1779257,-11.8163867],[-77.1778047,-11.816377],[-77.1777011,-11.8163867],[-77.1776035,-11.8164062],[-77.1775371,-11.8164707],[-77.1776524,-11.8165059],[-77.177748,-11.8165117],[-77.1778124,-11.8165937],[-77.177709,-11.816668],[-77.1775625,-11.816705],[-77.1774649,-11.8167597],[-77.1774922,-11.8168594],[-77.1775761,-11.8169121],[-77.1776836,-11.8169395],[-77.1777617,-11.8170117],[-77.1777989,-11.8170645],[-77.1778399,-11.8171094],[-77.1778711,-11.8172187],[-77.1779121,-11.8172715],[-77.1779629,-11.8173789],[-77.1780117,-11.8174707],[-77.178127,-11.8174687],[-77.17825,-11.8174414],[-77.1783145,-11.8174492],[-77.1784297,-11.8174825],[-77.1786465,-11.8174649],[-77.178709,-11.8174825],[-77.1787462,-11.8175899],[-77.1788614,-11.8176172],[-77.178961,-11.8175664],[-77.1790351,-11.8174882],[-77.1791426,-11.8173614],[-77.1792226,-11.8172969],[-77.1793301,-11.8172695],[-77.1794492,-11.81725],[-77.1795176,-11.8172422],[-77.1796152,-11.8172422],[-77.1797305,-11.8172305],[-77.1798086,-11.817213],[-77.1798964,-11.817166],[-77.1799649,-11.8171485],[-77.1800547,-11.8171387],[-77.1802324,-11.8170645],[-77.1803399,-11.817082],[-77.180375,-11.8171347],[-77.1803945,-11.8172012],[-77.1804707,-11.8172617],[-77.1806582,-11.817295],[-77.1807676,-11.8173496],[-77.1808496,-11.8174024],[-77.1808632,-11.8175137],[-77.1808106,-11.8175664],[-77.1807187,-11.8176035],[-77.1806114,-11.8176211],[-77.1805195,-11.817668],[-77.1805605,-11.8177382],[-77.180709,-11.8177266],[-77.1808106,-11.8177187],[-77.1808867,-11.8177012],[-77.1809961,-11.8177266],[-77.180961,-11.817836],[-77.1808652,-11.8179082],[-77.1807579,-11.8179277],[-77.1806621,-11.8179649],[-77.1805664,-11.8180294],[-77.1806289,-11.8180996],[-77.1806875,-11.8180722],[-77.180752,-11.8180625],[-77.1808184,-11.8180625],[-77.1808867,-11.8180507],[-77.1809961,-11.8180606],[-77.1811055,-11.8180781],[-77.1811347,-11.8181934],[-77.18125,-11.8182129],[-77.1813164,-11.8182129],[-77.1814239,-11.8182305],[-77.1815195,-11.8182286],[-77.1816309,-11.8182364],[-77.1817617,-11.8182637],[-77.1818184,-11.8182715],[-77.1818985,-11.8182715],[-77.1819825,-11.8183066],[-77.1820527,-11.818334],[-77.182166,-11.8183594],[-77.1822266,-11.818377],[-77.182334,-11.8183926],[-77.1824024,-11.8183926],[-77.1825155,-11.818457],[-77.1826426,-11.8185919],[-77.1827011,-11.8186172],[-77.1828047,-11.8187051],[-77.1828829,-11.8187619],[-77.1829629,-11.818842],[-77.1829395,-11.8189414],[-77.1828047,-11.8189414],[-77.1827422,-11.8190332],[-77.1827557,-11.8191954],[-77.1827324,-11.8192597],[-77.1826621,-11.8193419],[-77.1826074,-11.8194492],[-77.1826212,-11.8195137],[-77.1827149,-11.819584],[-77.1828204,-11.819619],[-77.182873,-11.8196562],[-77.1829551,-11.8197364],[-77.1830274,-11.8198145],[-77.1830449,-11.8198809],[-77.1830957,-11.8199707],[-77.1832382,-11.8200957],[-77.18325,-11.8201582],[-77.1831445,-11.8202052],[-77.1830762,-11.8202871],[-77.1829844,-11.8203419],[-77.1827949,-11.8203965],[-77.1825685,-11.8204531],[-77.1825155,-11.8204902],[-77.1824707,-11.820545],[-77.1824219,-11.82058],[-77.1821485,-11.8206562],[-77.1820761,-11.8207031],[-77.1820156,-11.8207715],[-77.1820059,-11.8208281],[-77.1820292,-11.8209551],[-77.1820215,-11.8210176],[-77.1819766,-11.8210625],[-77.1817931,-11.8210645],[-77.1816699,-11.821084],[-77.1815761,-11.8211309],[-77.1814062,-11.8213086],[-77.181293,-11.8213731],[-77.1811172,-11.8214922],[-77.1810117,-11.8215489],[-77.180834,-11.8215919],[-77.180623,-11.8216347],[-77.180545,-11.8216484],[-77.180373,-11.821709],[-77.1801289,-11.821752],[-77.1799864,-11.8218184],[-77.1799726,-11.8219277],[-77.1799004,-11.8219941],[-77.1798379,-11.8221055],[-77.1797579,-11.8222365],[-77.1797285,-11.8223887],[-77.1797305,-11.8224805],[-77.1797285,-11.8226094],[-77.1797597,-11.8227364],[-77.1798086,-11.8227812],[-77.1799805,-11.8228145],[-77.1800547,-11.8228262],[-77.1804239,-11.8228125],[-77.1805235,-11.8228125],[-77.1806426,-11.8228007],[-77.1809551,-11.8228047],[-77.1810489,-11.8228632],[-77.1810664,-11.8229785],[-77.1810449,-11.823082],[-77.1810976,-11.8231836],[-77.181166,-11.8232012],[-77.1812735,-11.82317],[-77.1813457,-11.823084],[-77.1814492,-11.8230527],[-77.1815547,-11.8230274],[-77.1816992,-11.8229121],[-77.1819239,-11.822832],[-77.1820391,-11.8228145],[-77.1821367,-11.8228066],[-77.1822422,-11.8228262],[-77.1824649,-11.8228125],[-77.1825722,-11.8228476],[-77.182666,-11.8229101],[-77.1827051,-11.8229551],[-77.1827011,-11.8230722],[-77.1827187,-11.8231836],[-77.182703,-11.8232537],[-77.182707,-11.8233614],[-77.1827637,-11.8234004],[-77.1828104,-11.8234882],[-77.1827871,-11.8236191],[-77.1827989,-11.8236972],[-77.1828007,-11.8238789],[-77.1828027,-11.8241485],[-77.1827539,-11.8242559],[-77.1826484,-11.8243926],[-77.1826035,-11.8244395],[-77.1826074,-11.8245117],[-77.1828535,-11.8244454],[-77.1829941,-11.8243632],[-77.1831114,-11.8243106],[-77.1831797,-11.8242871],[-77.1833985,-11.8241934],[-77.183586,-11.8241055],[-77.1836485,-11.8240879],[-77.1838516,-11.8240039],[-77.1839454,-11.8239454],[-77.1840116,-11.8239121],[-77.1841094,-11.8238476],[-77.1842344,-11.8238652],[-77.1842832,-11.8239121],[-77.1843184,-11.8240272],[-77.1844062,-11.8239902],[-77.1844414,-11.8239356],[-77.1845547,-11.8239474],[-77.1845919,-11.8239902],[-77.1846386,-11.8241074],[-77.1846406,-11.82417],[-77.1846016,-11.824332],[-77.184541,-11.8244961],[-77.1846191,-11.8245684],[-77.1847246,-11.8246035],[-77.1848184,-11.8245664],[-77.1848906,-11.8244746],[-77.1850195,-11.8242754],[-77.1850664,-11.8242226],[-77.1851777,-11.8241934],[-77.1852812,-11.8242187],[-77.1853399,-11.824211],[-77.1853965,-11.8241641],[-77.185543,-11.824127],[-77.1856777,-11.8240722],[-77.1858164,-11.8240606],[-77.1858906,-11.8241152],[-77.185959,-11.8242207],[-77.1860176,-11.8243399],[-77.1860059,-11.824461],[-77.1858867,-11.8246641],[-77.1859941,-11.8247012],[-77.1860664,-11.8246914],[-77.186166,-11.8247149],[-77.1862285,-11.8247539],[-77.1863066,-11.8248164],[-77.1864042,-11.8248242],[-77.186461,-11.8247832],[-77.1865332,-11.824709],[-77.186586,-11.82467],[-77.1867031,-11.8247051],[-77.1867969,-11.8248437],[-77.1868652,-11.8249766],[-77.186877,-11.825084],[-77.1869667,-11.8251465],[-77.1870292,-11.825127],[-77.1871465,-11.8251329],[-77.18725,-11.8251777],[-77.1872891,-11.8252344],[-77.1873476,-11.8253457],[-77.1873906,-11.8254492],[-77.1874141,-11.8254981],[-77.1875079,-11.8256211],[-77.1875254,-11.8257285],[-77.1874024,-11.8257851],[-77.1873164,-11.8258379],[-77.1873867,-11.8258906],[-77.1875917,-11.8259004],[-77.1876797,-11.8259629],[-77.1878086,-11.8261445],[-77.1878204,-11.8263809],[-77.187793,-11.8264862],[-77.1878067,-11.8265936],[-77.1879396,-11.8267207],[-77.1879707,-11.8267871],[-77.1879766,-11.8268457],[-77.188002,-11.8269412],[-77.1880292,-11.8270176],[-77.1881269,-11.8270351],[-77.1881914,-11.8270254],[-77.1882441,-11.8270664],[-77.1882305,-11.82717],[-77.1881757,-11.8272441],[-77.1881211,-11.8273789],[-77.1881132,-11.8274825],[-77.1881016,-11.827586],[-77.1881016,-11.8276485],[-77.1881035,-11.8278204],[-77.1881367,-11.8279472],[-77.1881035,-11.828],[-77.1881582,-11.8280254],[-77.18817,-11.8281075],[-77.1882011,-11.828168],[-77.1881934,-11.8282812],[-77.1881799,-11.8283535],[-77.1881562,-11.8284257],[-77.1881094,-11.8285195],[-77.1880507,-11.8285684],[-77.1879375,-11.8285702],[-77.1878086,-11.8285294],[-77.1877285,-11.8284687],[-77.1876094,-11.8285156],[-77.1875489,-11.8285039],[-77.1874589,-11.8284687],[-77.1873672,-11.8284257],[-77.1872597,-11.8283887],[-77.1870976,-11.8283614]],[[-77.1326263,-12.0706738],[-77.1322459,-12.0707824],[-77.131953,-12.0708892],[-77.1316041,-12.0710306],[-77.1312657,-12.0711332],[-77.1310379,-12.0712287],[-77.1307544,-12.0713165],[-77.1304886,-12.0714207],[-77.1302215,-12.0715224],[-77.1298005,-12.0716845],[-77.1293531,-12.0718892],[-77.128761,-12.0721529],[-77.1283338,-12.0723208],[-77.1279882,-12.0724602],[-77.1276475,-12.0726094],[-77.1270093,-12.0729242],[-77.1265674,-12.0731151],[-77.1261983,-12.0732714],[-77.1259293,-12.0734175],[-77.1255819,-12.0735973],[-77.1252383,-12.0737808],[-77.1249744,-12.0738829],[-77.1247462,-12.0740065],[-77.1245101,-12.0741166],[-77.1241946,-12.0743018],[-77.12393,-12.0744585],[-77.1235895,-12.0746266],[-77.1232971,-12.0747404],[-77.1230461,-12.0748577],[-77.1227572,-12.0749555],[-77.122469,-12.0750804],[-77.1219082,-12.0753454],[-77.1214319,-12.0755455],[-77.1208102,-12.0758078],[-77.1204934,-12.0759535],[-77.1195699,-12.0763921],[-77.1186619,-12.0767668],[-77.1178907,-12.0770992],[-77.1171592,-12.0774637],[-77.1167686,-12.0776317],[-77.116258,-12.0778671],[-77.1154715,-12.0782431],[-77.1140602,-12.0789112],[-77.1134819,-12.0792137],[-77.1130281,-12.0794668],[-77.1126989,-12.0796561],[-77.1123392,-12.0798284],[-77.1120025,-12.0799989]],[[-77.2492599,-11.6148227],[-77.2489025,-11.6151076],[-77.2487343,-11.615248],[-77.248455,-11.615481],[-77.248156,-11.6157304],[-77.2473651,-11.6163902],[-77.2450169,-11.6181511],[-77.2425964,-11.6199906],[-77.2407495,-11.6214808],[-77.2377628,-11.6236924],[-77.2346006,-11.626056],[-77.2327983,-11.6273713],[-77.2314179,-11.6284758],[-77.2297291,-11.629732],[-77.2282085,-11.6310059],[-77.2273766,-11.6316801],[-77.2260752,-11.6326613],[-77.2253005,-11.633298],[-77.2243348,-11.6340007],[-77.2223398,-11.6356123],[-77.2213786,-11.6364223],[-77.2199749,-11.637675],[-77.2192118,-11.6382681],[-77.21873,-11.638727],[-77.2184619,-11.6390867],[-77.2170464,-11.64041],[-77.2164313,-11.6413839],[-77.2163931,-11.6414831],[-77.2170697,-11.6418778],[-77.216986,-11.6420876],[-77.2166001,-11.6423673],[-77.2156998,-11.6423671],[-77.2152214,-11.6426788],[-77.2147762,-11.6426755],[-77.214472,-11.6429271],[-77.2140597,-11.643291],[-77.2136234,-11.6436574],[-77.2130327,-11.6440906],[-77.2127427,-11.6445623],[-77.2128627,-11.6450989],[-77.2119495,-11.6463202],[-77.2116634,-11.6464327],[-77.2116173,-11.6460031],[-77.211178,-11.6457601],[-77.2108533,-11.6458158],[-77.2104686,-11.6462596],[-77.2099766,-11.6466875],[-77.2097819,-11.6472097],[-77.2093781,-11.6476046],[-77.2089254,-11.6475145],[-77.2086353,-11.6478617],[-77.2083582,-11.6485641],[-77.2081533,-11.6493197],[-77.2083204,-11.6496938],[-77.2083882,-11.6501744],[-77.2084163,-11.6507123],[-77.2081769,-11.6509533],[-77.2076488,-11.6508542],[-77.2074553,-11.65089],[-77.2072057,-11.6516108],[-77.2071299,-11.651972],[-77.2074757,-11.6528165],[-77.2082423,-11.6537664],[-77.20812,-11.6544175],[-77.2083233,-11.6549252],[-77.2076114,-11.6561152],[-77.2070351,-11.6574375],[-77.2067636,-11.6578379],[-77.2063534,-11.6581582],[-77.2051855,-11.6588262],[-77.2047559,-11.6589746],[-77.2045935,-11.6592305],[-77.2046756,-11.6602814],[-77.2041801,-11.6617731],[-77.2035768,-11.6626165],[-77.203181,-11.663416],[-77.2024844,-11.6638906],[-77.2015129,-11.6648652],[-77.2007263,-11.6662979],[-77.2003037,-11.6673821],[-77.1996982,-11.6688935],[-77.1992724,-11.6697771],[-77.1989376,-11.6703473],[-77.1989471,-11.671167],[-77.1988209,-11.6718138],[-77.1986521,-11.6725848],[-77.1970742,-11.6742695],[-77.1964707,-11.6746641],[-77.1960937,-11.6756152],[-77.1956777,-11.6763047],[-77.1954219,-11.6764961],[-77.1943476,-11.6774181],[-77.1935235,-11.6783222]],[[-77.1388787,-11.9393017],[-77.138829,-11.9395305],[-77.1387098,-11.9398061],[-77.1385436,-11.94043],[-77.1380839,-11.9418483],[-77.1375451,-11.9437167],[-77.1371143,-11.9456869],[-77.1368696,-11.9469214],[-77.1365746,-11.9488927],[-77.136365,-11.9501944],[-77.13571,-11.9540402],[-77.1355654,-11.9543616],[-77.1351843,-11.9568492],[-77.1350484,-11.9579072],[-77.1349596,-11.9587464],[-77.1348878,-11.9599875],[-77.1348379,-11.9606027],[-77.134688,-11.9614136],[-77.1348943,-11.9614467],[-77.1348343,-11.9624591],[-77.1347449,-11.9628959],[-77.1347545,-11.9635279],[-77.1348986,-11.9637032],[-77.1350531,-11.9638368],[-77.1348949,-11.9638864],[-77.1348309,-11.9639705],[-77.1347116,-11.9642493],[-77.1346251,-11.9660314],[-77.1346515,-11.9673469],[-77.1347279,-11.9690702],[-77.1349189,-11.9713492],[-77.1350456,-11.9725693],[-77.1350979,-11.9733905],[-77.1351972,-11.9746491],[-77.1353944,-11.9755891],[-77.1356014,-11.9764841],[-77.1358166,-11.9770808],[-77.1360314,-11.9774483],[-77.136201,-11.9781523],[-77.136353,-11.9786096],[-77.1365233,-11.9792245],[-77.1364641,-11.9796035],[-77.136299,-11.9799755],[-77.1363105,-11.9803293],[-77.1362293,-11.9807056],[-77.1360217,-11.9812507],[-77.1359906,-11.9817267],[-77.1359624,-11.9827254],[-77.1359931,-11.9839717],[-77.1360765,-11.9846264],[-77.1361994,-11.985485],[-77.1362984,-11.9863391],[-77.1365519,-11.9878607],[-77.1366375,-11.9890561]],[[-77.1366375,-11.9890561],[-77.1369525,-11.9906864],[-77.1371209,-11.991388],[-77.1372332,-11.9921125],[-77.1373148,-11.9933621],[-77.1373182,-11.9938786],[-77.1373435,-11.994198],[-77.1374361,-11.9944497],[-77.1375989,-11.9954728],[-77.1376593,-11.9960379],[-77.1376755,-11.9961888],[-77.1376816,-11.9962459],[-77.1376764,-11.9963064],[-77.1377461,-11.9963004],[-77.137752,-11.996367],[-77.1378706,-11.9963563],[-77.1378747,-11.9964014],[-77.1377351,-11.9964168],[-77.137839,-11.9968135],[-77.1378672,-11.997111],[-77.1379621,-11.997603],[-77.138115,-11.9982011],[-77.1380942,-11.9983213],[-77.1379469,-11.9983642],[-77.1378557,-11.9984236],[-77.1378027,-11.9985535],[-77.1378821,-11.9986044],[-77.1381419,-11.9985908],[-77.1383402,-11.999362],[-77.1384512,-11.999875],[-77.1384738,-12.0000353],[-77.1388987,-12.000011],[-77.1388933,-11.9999381],[-77.1393566,-11.9999055],[-77.1393638,-12.0000037],[-77.139373,-12.0001279],[-77.1389096,-12.0001604],[-77.1389027,-12.0000665],[-77.1384544,-12.0000927],[-77.1384924,-12.0002034],[-77.1384668,-12.0003368],[-77.1384889,-12.0005424],[-77.1385377,-12.0006989],[-77.1385188,-12.0008333],[-77.1385431,-12.0009768],[-77.1386543,-12.0010864],[-77.138691,-12.0011972],[-77.1387438,-12.0013271],[-77.1387551,-12.0016837],[-77.1388795,-12.001962],[-77.1388894,-12.0023104],[-77.1389993,-12.0026124],[-77.1391709,-12.0032996],[-77.1392144,-12.0034579],[-77.1392114,-12.003499],[-77.1391659,-12.00354],[-77.1390763,-12.0035811],[-77.1390518,-12.003619],[-77.1390745,-12.0036475],[-77.139136,-12.0036256],[-77.1391864,-12.0035974],[-77.1392479,-12.0035997],[-77.1392838,-12.00366],[-77.1392687,-12.0037411],[-77.1392229,-12.0037923],[-77.139243,-12.0038511],[-77.1393133,-12.0040814],[-77.1394037,-12.0043402],[-77.1394727,-12.004617],[-77.139527,-12.0048051],[-77.1396383,-12.0052243],[-77.139711,-12.005505],[-77.1398254,-12.0059507],[-77.1399,-12.0062454],[-77.1399669,-12.0064314],[-77.1401376,-12.0069981],[-77.1402852,-12.0074145],[-77.1404041,-12.0078118],[-77.1406219,-12.0084116],[-77.1407638,-12.0088267],[-77.1408718,-12.0091725],[-77.1410674,-12.0096631],[-77.1413024,-12.0102553],[-77.1414652,-12.0106961],[-77.14165,-12.0111479],[-77.1418382,-12.0116579],[-77.1421127,-12.0124064],[-77.1422084,-12.0126915],[-77.1422698,-12.012841],[-77.142353,-12.013108],[-77.1425598,-12.0135011],[-77.1427642,-12.0138951],[-77.142972,-12.0142945],[-77.1432151,-12.0147375],[-77.1433566,-12.0150374],[-77.1434835,-12.0153499],[-77.143634,-12.0157573],[-77.1437377,-12.0162377],[-77.1439779,-12.017117],[-77.144142,-12.0176459],[-77.1442323,-12.0179333],[-77.1444146,-12.0185137],[-77.1445966,-12.0188981],[-77.1448492,-12.0192364],[-77.1451768,-12.0195478],[-77.1454707,-12.0198266],[-77.145712,-12.0202467],[-77.1459918,-12.020802]],[[-77.1459918,-12.020802],[-77.1461758,-12.0217498],[-77.146301,-12.0228819],[-77.1464287,-12.0235009],[-77.1470444,-12.0251926],[-77.1473107,-12.0262678],[-77.1474727,-12.0269257],[-77.1475758,-12.027397],[-77.1476689,-12.027856],[-77.1477698,-12.0285819],[-77.1478478,-12.0292742],[-77.1479121,-12.0297599],[-77.1479418,-12.030046],[-77.147912,-12.0303459],[-77.1478136,-12.0305544],[-77.1476552,-12.0306549],[-77.1475937,-12.0307388]],[[-76.9049865,-12.2992895],[-76.9050814,-12.2995225],[-76.9051069,-12.2996365],[-76.9051203,-12.2997584],[-76.9051002,-12.2998973],[-76.905067,-12.3000139],[-76.9050023,-12.3001607],[-76.9049326,-12.300276],[-76.9048298,-12.300431],[-76.9047864,-12.3004725],[-76.9047475,-12.3005092],[-76.9047073,-12.3005577],[-76.9046779,-12.3006272],[-76.9046351,-12.3008526],[-76.904604,-12.3011106],[-76.9045946,-12.3012745],[-76.9046075,-12.3013617],[-76.9046793,-12.3015877],[-76.904714,-12.3016695],[-76.9047435,-12.3016977],[-76.9047651,-12.3017052],[-76.9048026,-12.3017037],[-76.9048199,-12.3016937],[-76.904834,-12.3016776],[-76.9048467,-12.3016498],[-76.9048628,-12.3016308],[-76.9048855,-12.3016142],[-76.9049131,-12.3016066],[-76.9049668,-12.3016112],[-76.9050922,-12.3016335],[-76.9051689,-12.3016463],[-76.9052963,-12.3016991],[-76.9053891,-12.3017456],[-76.9055354,-12.3018176],[-76.9055477,-12.3018304],[-76.9055515,-12.3018437],[-76.9055495,-12.3018549],[-76.9055367,-12.3018844],[-76.9055274,-12.3019146],[-76.9055327,-12.3019381],[-76.9055447,-12.3019618],[-76.9055712,-12.3019952],[-76.905583,-12.3020193],[-76.9055863,-12.3020423],[-76.9055803,-12.3020685],[-76.9055576,-12.302107],[-76.9055341,-12.3021367],[-76.9055113,-12.3021536],[-76.9054952,-12.3021595],[-76.9054673,-12.3021674],[-76.9054549,-12.3021743],[-76.9054522,-12.3021858],[-76.9054519,-12.3021979],[-76.9054659,-12.3022248],[-76.9055297,-12.3022776],[-76.9055495,-12.3023024],[-76.9055549,-12.302324],[-76.9055528,-12.3023403],[-76.9055213,-12.3023738],[-76.9054914,-12.3023797],[-76.9054556,-12.3023823],[-76.905421,-12.3023686],[-76.9053791,-12.3023096],[-76.9053643,-12.3022786],[-76.9053295,-12.3022408],[-76.9052779,-12.3022159],[-76.9052068,-12.3021962],[-76.9051208,-12.3021748],[-76.9050492,-12.3021569],[-76.9050103,-12.302136],[-76.9049875,-12.3021071],[-76.9049654,-12.3020547],[-76.904954,-12.3020023],[-76.9049527,-12.301961],[-76.9049587,-12.3018693],[-76.9049533,-12.301849],[-76.9049446,-12.3018169],[-76.9049158,-12.3017887],[-76.9048903,-12.3017724],[-76.9048548,-12.3017612],[-76.9048212,-12.3017606],[-76.9047797,-12.3017632],[-76.9047488,-12.3017743],[-76.9047227,-12.3017933],[-76.904655,-12.3018379],[-76.9046114,-12.3018726],[-76.9045644,-12.3019158],[-76.9045309,-12.3019748],[-76.9045188,-12.3020462],[-76.9045369,-12.302134],[-76.904549,-12.3021478],[-76.9045631,-12.302151],[-76.9046127,-12.3021569],[-76.904671,-12.3021707],[-76.9047241,-12.3022008],[-76.9047795,-12.3022557],[-76.9048005,-12.3022893],[-76.9048154,-12.302327],[-76.9048203,-12.3023681],[-76.9048141,-12.3023922],[-76.9047857,-12.3024124],[-76.9046773,-12.3024643],[-76.9046436,-12.302495],[-76.9045949,-12.3025632],[-76.9045906,-12.3025782],[-76.9045896,-12.30259],[-76.9045929,-12.3026037],[-76.904601,-12.3026146],[-76.9046167,-12.3026293],[-76.904714,-12.3026974],[-76.9047501,-12.3027243],[-76.9047696,-12.3027367],[-76.9047817,-12.302761],[-76.904779,-12.3028016],[-76.9047508,-12.3028547],[-76.9047052,-12.3029274],[-76.9044551,-12.3031999],[-76.9044142,-12.3032471],[-76.9043928,-12.3032635],[-76.9043673,-12.3032736],[-76.9043465,-12.3032763],[-76.9043247,-12.3032707],[-76.9043032,-12.3032589],[-76.9042858,-12.3032327],[-76.9042747,-12.3031996],[-76.9042674,-12.3031731],[-76.904266,-12.3031246],[-76.9042633,-12.3031076],[-76.9042526,-12.3030899],[-76.9042124,-12.3030617],[-76.9041279,-12.3030132],[-76.9040474,-12.302985],[-76.9039542,-12.3029543],[-76.9039106,-12.3029385],[-76.9038644,-12.3029104],[-76.9038362,-12.3028946],[-76.9038107,-12.3028907],[-76.9037812,-12.3028953],[-76.9037484,-12.3029221],[-76.9037115,-12.302966],[-76.9036887,-12.3029844],[-76.9036545,-12.3030099],[-76.903631,-12.3030257],[-76.9036136,-12.3030414],[-76.9036015,-12.303065],[-76.9035995,-12.3030905],[-76.9036169,-12.303122],[-76.9036404,-12.3031508],[-76.9036786,-12.3031967],[-76.9037303,-12.3032425],[-76.9037759,-12.3032733],[-76.9038402,-12.3033218],[-76.9038805,-12.3033559],[-76.9038945,-12.3033735],[-76.9039066,-12.3033932],[-76.9039073,-12.3034161],[-76.9038979,-12.3034509],[-76.9038825,-12.3034771],[-76.9038852,-12.3035105],[-76.9039106,-12.3035459],[-76.9039804,-12.3036205],[-76.9040099,-12.3036487],[-76.9040273,-12.3036985],[-76.9040333,-12.303745],[-76.9040327,-12.3037745],[-76.9040313,-12.3038374],[-76.904036,-12.3038747],[-76.9040374,-12.3039324],[-76.9040333,-12.3039606],[-76.9040112,-12.3039874],[-76.9039844,-12.3039986],[-76.9039529,-12.3039927],[-76.9039086,-12.3039848],[-76.9038717,-12.3039828],[-76.9038489,-12.30399],[-76.9038282,-12.3040097],[-76.903804,-12.3040385],[-76.9037819,-12.3040588],[-76.9037484,-12.3040641],[-76.9037028,-12.3040615],[-76.9036015,-12.3040294],[-76.9035244,-12.304013],[-76.9034708,-12.3040038],[-76.9034419,-12.3040031],[-76.9034097,-12.3040176],[-76.9033943,-12.3040379],[-76.9033852,-12.3040626],[-76.9033923,-12.3040811],[-76.9034098,-12.3040987],[-76.9034745,-12.3041469],[-76.9036211,-12.3042363],[-76.9036725,-12.3042776],[-76.903682,-12.3043124],[-76.9036826,-12.3043425],[-76.9036771,-12.3043661],[-76.903658,-12.3043923],[-76.9036303,-12.3044266],[-76.9036037,-12.3044652],[-76.9035801,-12.3044952],[-76.9035593,-12.304524],[-76.9035251,-12.30456],[-76.9034956,-12.3045875],[-76.9034728,-12.3046138],[-76.9034456,-12.3046537],[-76.9034231,-12.3046773],[-76.9034131,-12.3046843],[-76.903407,-12.3046845],[-76.9033936,-12.3046783],[-76.9033695,-12.3046393],[-76.9033449,-12.3045981],[-76.9033193,-12.304562],[-76.9032944,-12.304524],[-76.9032526,-12.3044811],[-76.9032004,-12.3044362],[-76.9031915,-12.3044313],[-76.9031784,-12.304428],[-76.9031589,-12.3044264],[-76.9031306,-12.3044332],[-76.9030309,-12.3045332],[-76.9029625,-12.3045859],[-76.90289,-12.304669],[-76.9028631,-12.3047149],[-76.902824,-12.3047707],[-76.9027874,-12.3048209],[-76.9027603,-12.3048496],[-76.9027311,-12.3048843],[-76.902709,-12.3049164],[-76.9026851,-12.3049552],[-76.9026631,-12.3049869],[-76.9026335,-12.305017],[-76.902595,-12.3050455],[-76.9025688,-12.30505],[-76.902532,-12.305041],[-76.9024797,-12.305017],[-76.9023575,-12.3049548],[-76.9022916,-12.3049197],[-76.9022789,-12.3049155],[-76.9022668,-12.3049138],[-76.902254,-12.3049164],[-76.9022402,-12.3049277],[-76.9022242,-12.3049485],[-76.9021959,-12.3049865],[-76.9021786,-12.305016],[-76.9021659,-12.305037],[-76.9021424,-12.3050672],[-76.9021206,-12.305095],[-76.9020941,-12.3051195],[-76.9020747,-12.3051398],[-76.9020545,-12.3051562],[-76.9020261,-12.3051818],[-76.9019667,-12.305221],[-76.9019425,-12.3052414],[-76.9019039,-12.3052631],[-76.9018486,-12.3052881],[-76.9017984,-12.3053036],[-76.9017541,-12.3053023],[-76.9016987,-12.3052966],[-76.9016406,-12.3052863],[-76.9016086,-12.3052768],[-76.9015825,-12.3052538],[-76.9015671,-12.3052368],[-76.9015642,-12.3052237],[-76.9015707,-12.3052008],[-76.9015736,-12.3051895],[-76.901616,-12.3051425],[-76.9016774,-12.305075],[-76.9016814,-12.3050642],[-76.9016818,-12.3050551],[-76.90168,-12.3050473],[-76.9016757,-12.3050396],[-76.9016722,-12.3050353],[-76.901665,-12.305033],[-76.9016468,-12.3050347],[-76.9016247,-12.3050465],[-76.9015974,-12.3050646],[-76.9015342,-12.3051123],[-76.9014595,-12.3051824],[-76.9013708,-12.3052409],[-76.9012921,-12.305282],[-76.9012407,-12.3052998],[-76.901217,-12.3053003],[-76.9012029,-12.3052912],[-76.9012005,-12.3052714],[-76.9012103,-12.3052447],[-76.9012346,-12.3052065],[-76.901262,-12.3051778],[-76.9012861,-12.3051529],[-76.9013161,-12.3051176],[-76.9013371,-12.3050815],[-76.9013373,-12.3050751],[-76.9013352,-12.3050705],[-76.9013314,-12.3050686],[-76.9013251,-12.3050683],[-76.9013163,-12.305072],[-76.9012544,-12.3051228],[-76.9012409,-12.3051281],[-76.9012298,-12.3051287],[-76.9011969,-12.3051169],[-76.9010996,-12.3050721],[-76.9010662,-12.3050691],[-76.9010434,-12.3050737],[-76.901018,-12.3050873],[-76.900909,-12.3051669],[-76.9008844,-12.3051772],[-76.9008598,-12.3051796],[-76.9008412,-12.3051765],[-76.9008243,-12.3051625],[-76.9008013,-12.3051379],[-76.9007844,-12.3050895],[-76.9007899,-12.3050271],[-76.9007964,-12.3049921],[-76.9007983,-12.3049525],[-76.900806,-12.3049164],[-76.9008065,-12.3048924],[-76.9008097,-12.3048707],[-76.9008067,-12.3048444],[-76.9008013,-12.3048103],[-76.9007879,-12.3047657],[-76.9007604,-12.3047258],[-76.9007362,-12.304702],[-76.9007151,-12.3046889],[-76.9006919,-12.3046852],[-76.9006558,-12.3046826],[-76.9006162,-12.3046733],[-76.9005847,-12.304655],[-76.9005284,-12.3045764],[-76.9005136,-12.3045332],[-76.9004996,-12.3044814],[-76.9004741,-12.3044121],[-76.9004601,-12.3043459],[-76.9004417,-12.304284],[-76.9004316,-12.304212],[-76.9004457,-12.3041172],[-76.9004596,-12.3040182],[-76.9004649,-12.3038926],[-76.9004388,-12.3037462],[-76.9003795,-12.3035574],[-76.9003674,-12.3034207],[-76.9003513,-12.3032844],[-76.9003635,-12.3031173],[-76.9004413,-12.3028495],[-76.9004653,-12.3027421],[-76.9004801,-12.3025844],[-76.9005177,-12.3023743],[-76.9005584,-12.3022944],[-76.9006592,-12.3021346],[-76.90081,-12.3019466],[-76.9010199,-12.3017828],[-76.9010789,-12.3017259],[-76.9011513,-12.3016485],[-76.9012177,-12.3015548],[-76.9012715,-12.3014751],[-76.9015101,-12.3012168],[-76.9018207,-12.3008847],[-76.9019936,-12.3006933],[-76.9021189,-12.3005158],[-76.9022399,-12.300297],[-76.9023141,-12.3001174],[-76.9023925,-12.2999956],[-76.902504,-12.2998253],[-76.9025671,-12.2997258],[-76.902595,-12.2996536],[-76.9026111,-12.2995553],[-76.9026218,-12.2994426],[-76.9026352,-12.2993509],[-76.9026361,-12.2992317]],[[-76.8966881,-12.3119149],[-76.8966284,-12.3119258],[-76.8965386,-12.3119677],[-76.8964729,-12.3119965],[-76.8963991,-12.3120751],[-76.8963595,-12.3121782],[-76.8963401,-12.3122612],[-76.8963428,-12.312307],[-76.8963334,-12.3123464],[-76.8962602,-12.3123787],[-76.8961805,-12.3124132],[-76.8961684,-12.3124564],[-76.8961651,-12.3125042],[-76.8961557,-12.3125291],[-76.8961302,-12.312535],[-76.8961141,-12.3125101],[-76.8961091,-12.3125052],[-76.8960997,-12.3125062],[-76.896085,-12.3125242],[-76.8960638,-12.3125226],[-76.8960474,-12.3125193],[-76.8960313,-12.3125111],[-76.8960135,-12.3125118],[-76.8959918,-12.3125288],[-76.8959706,-12.3125334],[-76.8959169,-12.3125176],[-76.8958962,-12.3124997],[-76.8958855,-12.3124702],[-76.8958747,-12.3124472],[-76.8958674,-12.3124335],[-76.8958583,-12.3124256],[-76.8958462,-12.3124204],[-76.8957936,-12.3124132],[-76.8957701,-12.3124089],[-76.8957594,-12.3124145],[-76.8957711,-12.312422],[-76.8957715,-12.3124309],[-76.8957658,-12.3124387],[-76.8957571,-12.3124466],[-76.8957493,-12.3124486],[-76.895746,-12.312441],[-76.8957405,-12.3124364],[-76.8957338,-12.3124368],[-76.8957276,-12.3124427],[-76.8957234,-12.3124471],[-76.8957215,-12.3124567],[-76.8957242,-12.3124633],[-76.8957326,-12.3124689],[-76.8957426,-12.3124816],[-76.895749,-12.3124954],[-76.895746,-12.3125059],[-76.8957369,-12.3125131],[-76.8956944,-12.3125101],[-76.8956813,-12.3124997],[-76.8956582,-12.3124381],[-76.8956538,-12.3124099],[-76.8956508,-12.3123876],[-76.8956461,-12.3123647],[-76.895627,-12.3123473],[-76.8956229,-12.3123365],[-76.8956488,-12.312311],[-76.8956776,-12.3123057],[-76.8956843,-12.312288],[-76.8956856,-12.3122671],[-76.8956883,-12.3122114],[-76.8956977,-12.312161],[-76.8957017,-12.3121334],[-76.8956991,-12.3121085],[-76.895689,-12.3120817],[-76.8956688,-12.3120682],[-76.8956146,-12.3120568],[-76.8955716,-12.312082],[-76.8955227,-12.3120843],[-76.8954603,-12.3120686],[-76.8953148,-12.3119922],[-76.895229,-12.3119004],[-76.8952082,-12.3118131],[-76.8951586,-12.3117384],[-76.8951398,-12.3116729],[-76.8951297,-12.311645],[-76.8951063,-12.31161],[-76.8949279,-12.3114973],[-76.894891,-12.3114497],[-76.894767,-12.3111488],[-76.8946255,-12.3106898],[-76.8946061,-12.3105172],[-76.8946221,-12.3100901],[-76.894649,-12.3098922],[-76.894675,-12.3097163],[-76.8946633,-12.3095386],[-76.8946154,-12.3094834],[-76.89459,-12.3094494],[-76.8945819,-12.3094022],[-76.8945993,-12.3093707],[-76.8946624,-12.3093498],[-76.8947402,-12.3093655],[-76.8948407,-12.3093694],[-76.8949179,-12.3093557],[-76.8949366,-12.3093445],[-76.8949561,-12.3093465],[-76.8949789,-12.3093609],[-76.895013,-12.3094057],[-76.8951358,-12.3095005],[-76.8952303,-12.3095394],[-76.8955354,-12.3096184],[-76.8955696,-12.3096433],[-76.8956253,-12.3097166],[-76.895681,-12.3097625],[-76.8957064,-12.3097691],[-76.8957286,-12.3097677],[-76.8957975,-12.3097477],[-76.8958949,-12.309811],[-76.8959928,-12.3098123],[-76.8960652,-12.3098686],[-76.8961946,-12.3099037],[-76.8962623,-12.3099957],[-76.8963133,-12.3100075],[-76.8964413,-12.3100372],[-76.8965164,-12.3101369],[-76.8965614,-12.3101104],[-76.8965808,-12.3101143],[-76.8966016,-12.3101386],[-76.8966157,-12.3101333],[-76.8966284,-12.310075],[-76.8966506,-12.3100803],[-76.8966774,-12.3101117],[-76.8966948,-12.3101471],[-76.8966848,-12.3101713],[-76.8966666,-12.310222],[-76.8966658,-12.3102301],[-76.896669,-12.3102381],[-76.8967283,-12.310298],[-76.8967394,-12.3103135],[-76.8967595,-12.310321],[-76.8967699,-12.3103197],[-76.8967766,-12.3103145],[-76.896784,-12.310304],[-76.8968011,-12.3102915],[-76.8968206,-12.3102892],[-76.8968343,-12.3102942],[-76.8968467,-12.310304],[-76.8968541,-12.3103184],[-76.8968527,-12.3103374],[-76.8968427,-12.310358],[-76.8968397,-12.310376],[-76.8968571,-12.3103803],[-76.8968765,-12.3103855],[-76.8968926,-12.310398],[-76.896896,-12.3104242],[-76.8968946,-12.3104491],[-76.8968792,-12.3104628],[-76.8968651,-12.3104628],[-76.8968578,-12.310471],[-76.8968561,-12.3104864],[-76.8968678,-12.3105205],[-76.8968826,-12.310531],[-76.8969664,-12.3105578],[-76.8969744,-12.3105736],[-76.8969711,-12.3105998],[-76.8969529,-12.3106256],[-76.8969067,-12.3107068],[-76.8969067,-12.3107308],[-76.8969134,-12.3107472],[-76.8969268,-12.3107583],[-76.8969537,-12.3107688],[-76.8969919,-12.3107845],[-76.8970381,-12.3108192],[-76.8970395,-12.3108409],[-76.8970147,-12.3108723],[-76.8969838,-12.3108913],[-76.8969644,-12.3109149],[-76.8969523,-12.3109326],[-76.896947,-12.3109444],[-76.896948,-12.3109578],[-76.8969537,-12.3109699],[-76.8969724,-12.3109863],[-76.8970019,-12.3110125],[-76.8970254,-12.3110322],[-76.8970281,-12.3110623],[-76.8970234,-12.3111366],[-76.897012,-12.3111776],[-76.8969476,-12.3112529],[-76.8969305,-12.311288],[-76.8969141,-12.3112959],[-76.8969047,-12.3113014],[-76.8969034,-12.3113121],[-76.8969074,-12.3113185],[-76.8969181,-12.3113273],[-76.8969242,-12.3113361],[-76.8969191,-12.3113486],[-76.8968946,-12.3113617],[-76.8968859,-12.3113732],[-76.8968792,-12.3113899],[-76.8968034,-12.3114274],[-76.8967599,-12.3114462],[-76.8967438,-12.3115287],[-76.8967894,-12.3116401],[-76.8967934,-12.3117345],[-76.8967626,-12.3118262],[-76.8967424,-12.3118865],[-76.8966881,-12.3119149]],[[-77.1933276,-12.1093212],[-77.1933203,-12.1092958],[-77.1933203,-12.1092879],[-77.1933217,-12.1092819],[-77.1933275,-12.1092769],[-77.1933313,-12.1092765],[-77.1933351,-12.1092771],[-77.1933393,-12.1092793],[-77.1933424,-12.109283],[-77.1933575,-12.1093089],[-77.1933773,-12.1093322],[-77.1934108,-12.1093322],[-77.193437,-12.109346],[-77.1934571,-12.1093735],[-77.1934645,-12.1094043],[-77.1934772,-12.1094654],[-77.193559,-12.1096725],[-77.1935617,-12.1096884],[-77.1935602,-12.1096975],[-77.1935567,-12.1097041],[-77.1935465,-12.1097051],[-77.1935444,-12.1097073],[-77.1935434,-12.109711],[-77.1935438,-12.1097176],[-77.1935463,-12.1097272],[-77.1935548,-12.1097392],[-77.1935666,-12.1097531],[-77.1935879,-12.1097701],[-77.1936127,-12.1097931],[-77.1936287,-12.1098299],[-77.1936777,-12.1099806],[-77.1936871,-12.1100101],[-77.1936884,-12.1100169],[-77.193688,-12.1100238],[-77.1936862,-12.1100316],[-77.1936811,-12.1100386],[-77.1936749,-12.1100423],[-77.1936689,-12.1100436],[-77.1936541,-12.1100429],[-77.1936234,-12.1100278],[-77.1935842,-12.1099954],[-77.1935539,-12.1099735],[-77.1934837,-12.1099008],[-77.1934786,-12.1098649],[-77.1934578,-12.1098311],[-77.1934357,-12.1097685],[-77.1934124,-12.1096784],[-77.1934048,-12.1096603],[-77.1934062,-12.1096498],[-77.1934122,-12.1096385],[-77.1934122,-12.1096321],[-77.1934015,-12.1096134],[-77.1933766,-12.1095643],[-77.1933706,-12.109523],[-77.1933555,-12.1094825],[-77.1933378,-12.1094495],[-77.1933276,-12.1093212]],[[-77.2047969,-12.0888728],[-77.2050047,-12.088635],[-77.2050986,-12.088538],[-77.2051784,-12.08846],[-77.2052326,-12.0883998],[-77.2053306,-12.0882862],[-77.2054499,-12.0881538],[-77.2057168,-12.0878194],[-77.2058469,-12.0876673],[-77.2059448,-12.0875781],[-77.2060226,-12.0875204],[-77.2061983,-12.0873735],[-77.2063297,-12.087203],[-77.2064464,-12.0870194],[-77.206504,-12.086908],[-77.2065429,-12.0867913],[-77.2065778,-12.086689],[-77.2065966,-12.0865539],[-77.2066154,-12.0863651],[-77.206665,-12.0862038],[-77.2067414,-12.0860897],[-77.2069171,-12.0858969],[-77.2071987,-12.0856582],[-77.2077687,-12.0852452],[-77.2081335,-12.0849999],[-77.2084634,-12.0847612],[-77.2087752,-12.0845362],[-77.208961,-12.084377],[-77.2090803,-12.0842354],[-77.2091621,-12.0841095],[-77.2092091,-12.0839967],[-77.2092453,-12.0839115],[-77.209311,-12.0837187],[-77.2093937,-12.0835571],[-77.209574,-12.0832901],[-77.2098273,-12.0827745],[-77.2099118,-12.0825739],[-77.209944,-12.0824152],[-77.2099815,-12.0821398],[-77.2099802,-12.0819404],[-77.2099789,-12.0817765],[-77.2099708,-12.0816454],[-77.209944,-12.0815247],[-77.2098823,-12.0814067],[-77.2097884,-12.0812952],[-77.209665,-12.0811916],[-77.2095631,-12.0811339],[-77.209482,-12.0811012],[-77.2094478,-12.0810716],[-77.2094384,-12.0810349],[-77.2094364,-12.0809628],[-77.2094424,-12.080911],[-77.2094518,-12.0807117],[-77.2094572,-12.0804625],[-77.2094598,-12.0802028],[-77.2094437,-12.0800678],[-77.2093908,-12.0798979],[-77.2093787,-12.0798599],[-77.20938,-12.079814],[-77.2093841,-12.0797688],[-77.2093955,-12.0797314],[-77.2094167,-12.0797066],[-77.2094598,-12.0796809],[-77.2095591,-12.0796586],[-77.209771,-12.0796678],[-77.2101197,-12.0796914],[-77.2103289,-12.079673],[-77.2105944,-12.0796258],[-77.2108787,-12.0795891],[-77.211037,-12.0795576],[-77.211265,-12.0794711],[-77.2114702,-12.0793308],[-77.2116137,-12.0791839],[-77.2116579,-12.079079],[-77.2116888,-12.0789544],[-77.2117183,-12.0788547],[-77.2117464,-12.0787721],[-77.2117726,-12.078698],[-77.211843,-12.0786042],[-77.2119892,-12.0785019],[-77.2121689,-12.0784115],[-77.2123474,-12.0783871],[-77.2124465,-12.0783813],[-77.2126223,-12.0784094],[-77.2129033,-12.0784961],[-77.2130701,-12.0785124],[-77.213172,-12.0785026],[-77.2134697,-12.0784298],[-77.2136723,-12.0783787],[-77.2138573,-12.0782882],[-77.2140598,-12.0781518],[-77.2141644,-12.0780495],[-77.2142382,-12.0779341],[-77.2142851,-12.0777938],[-77.21432,-12.0775931],[-77.2143576,-12.0773413],[-77.2143871,-12.0771],[-77.2144058,-12.0769112],[-77.2144139,-12.0767774],[-77.2144541,-12.0766122],[-77.2145158,-12.0765466],[-77.2145963,-12.0764942],[-77.2146969,-12.0764456],[-77.2147847,-12.0764114],[-77.2148967,-12.0763827],[-77.2157469,-12.0762869],[-77.2164604,-12.0761873],[-77.2171336,-12.0760378],[-77.2176996,-12.0758437],[-77.2180805,-12.0756286],[-77.2183031,-12.075487],[-77.2185002,-12.075306],[-77.2186705,-12.0750136],[-77.2188006,-12.0747316],[-77.2189173,-12.0745244],[-77.2190172,-12.0744049],[-77.2190554,-12.0743723],[-77.2191332,-12.0743159],[-77.2192352,-12.074249],[-77.2193398,-12.0741808],[-77.2195208,-12.0740051],[-77.2196764,-12.0738188],[-77.2197917,-12.0736038],[-77.2198842,-12.073428],[-77.2199198,-12.0733225],[-77.2199298,-12.0732746],[-77.2199305,-12.0732333],[-77.2199205,-12.0729854],[-77.2199097,-12.0729205],[-77.2198923,-12.0728739],[-77.2198467,-12.07279],[-77.2197059,-12.0726595],[-77.2196201,-12.0725008],[-77.219604,-12.0724235],[-77.2195919,-12.0723107],[-77.2196201,-12.0721349],[-77.2196321,-12.0720681],[-77.2196636,-12.07199],[-77.2196878,-12.0719389],[-77.2197206,-12.0718792],[-77.219777,-12.0717809],[-77.2198333,-12.0716943],[-77.2199754,-12.071533],[-77.220055,-12.0714746],[-77.2201753,-12.0714005],[-77.2203463,-12.0712812],[-77.2204073,-12.0712222],[-77.2204187,-12.0712078],[-77.220421,-12.0711897],[-77.2204073,-12.0711553],[-77.2203851,-12.0711205],[-77.2203759,-12.071102],[-77.2203738,-12.0710845],[-77.2203778,-12.0710707],[-77.2203878,-12.0710655],[-77.2204053,-12.071065],[-77.2204254,-12.0710714],[-77.2204542,-12.071095],[-77.2204733,-12.07111],[-77.2204857,-12.0711163],[-77.2205018,-12.0711179],[-77.2205323,-12.0711097],[-77.2205863,-12.0710655],[-77.2206132,-12.0710381],[-77.2208478,-12.070836],[-77.2209075,-12.0707783],[-77.2209142,-12.070752],[-77.2209082,-12.0707219],[-77.2208854,-12.0706884],[-77.2208485,-12.0706596],[-77.2208371,-12.0706386],[-77.2208317,-12.0706124],[-77.2208234,-12.070552],[-77.220818,-12.070512],[-77.2208217,-12.0704806],[-77.2208237,-12.0704648],[-77.2208358,-12.0704543],[-77.2208532,-12.0704533],[-77.2208753,-12.070455],[-77.2209229,-12.070453],[-77.2209672,-12.0704497],[-77.2210285,-12.0704409],[-77.2210731,-12.0704258],[-77.2211717,-12.0703835],[-77.2212522,-12.0703343],[-77.2212763,-12.0702832],[-77.2212723,-12.0702084],[-77.2212629,-12.0701389],[-77.2212642,-12.0700563],[-77.221278,-12.0700327],[-77.2212954,-12.0700278],[-77.2213216,-12.0700248],[-77.221343,-12.070036],[-77.2213863,-12.0700655],[-77.2214815,-12.0701402],[-77.2215633,-12.0701848],[-77.2217765,-12.0702202],[-77.2220166,-12.0702176],[-77.2221614,-12.0701888],[-77.222254,-12.0701481],[-77.2223393,-12.0701017],[-77.2224994,-12.0700196],[-77.2227247,-12.0699474],[-77.223005,-12.0698792],[-77.2235012,-12.0697192],[-77.2244624,-12.0693644],[-77.224617,-12.0693415],[-77.2249067,-12.0693048],[-77.2252902,-12.0692943],[-77.2256604,-12.0692445],[-77.2259999,-12.0691103],[-77.226339,-12.0689114],[-77.2267011,-12.0686884],[-77.2269505,-12.0685599],[-77.2276533,-12.0683658],[-77.2283226,-12.0681853],[-77.2285143,-12.0681324],[-77.2289018,-12.0679556],[-77.2291003,-12.0677966],[-77.2291848,-12.0676852],[-77.2292291,-12.0675566],[-77.2292452,-12.067474],[-77.2292398,-12.0673534],[-77.2292264,-12.0671999],[-77.2292519,-12.0669626],[-77.2292827,-12.0668209],[-77.2293091,-12.0666433],[-77.2293632,-12.0665009],[-77.2294318,-12.0664221],[-77.2296307,-12.0662922],[-77.229972,-12.0661494],[-77.2301531,-12.0660406],[-77.2302631,-12.065937],[-77.2303315,-12.0658373],[-77.2304052,-12.0657639],[-77.2305098,-12.0656786],[-77.2306654,-12.0655881],[-77.2308317,-12.0655317],[-77.2310261,-12.0654819],[-77.2311267,-12.0654819],[-77.2312488,-12.065495],[-77.2314218,-12.0655252],[-77.2316216,-12.0655645],[-77.231812,-12.0655776],[-77.2320212,-12.0655514],[-77.2321956,-12.0655003],[-77.2322948,-12.0654439],[-77.2324249,-12.0653639],[-77.2324987,-12.0653035],[-77.2325429,-12.0652589],[-77.2326019,-12.0652104],[-77.2326958,-12.0651566],[-77.2328058,-12.0651239],[-77.2329345,-12.0651068],[-77.2331826,-12.0651383],[-77.233758,-12.0653442],[-77.2340637,-12.0653993],[-77.2343802,-12.0654045],[-77.2347584,-12.0653704],[-77.2351259,-12.0653285],[-77.2354397,-12.0652786],[-77.2356738,-12.065227],[-77.2360305,-12.0651092],[-77.2362337,-12.0650635],[-77.2364375,-12.0650189],[-77.2366662,-12.0649755],[-77.2369015,-12.0649376],[-77.2371966,-12.0648773],[-77.2373091,-12.0648458],[-77.237395,-12.0647973],[-77.2374822,-12.0647357],[-77.2375694,-12.0646596],[-77.237784,-12.0645232],[-77.2381327,-12.0643881],[-77.2383861,-12.0642452],[-77.238488,-12.064156],[-77.2385286,-12.064061],[-77.2385538,-12.0638989],[-77.2385457,-12.0637625],[-77.2385538,-12.0636366],[-77.2385927,-12.0635409],[-77.2386476,-12.0634661],[-77.238999,-12.0629756],[-77.2394094,-12.0623147],[-77.2399183,-12.0616902],[-77.2402011,-12.061236],[-77.2404964,-12.0605164],[-77.2406486,-12.0602661],[-77.2408927,-12.0600195],[-77.2411609,-12.0598989],[-77.2414237,-12.0598569],[-77.2416029,-12.0598647],[-77.2418663,-12.0598831],[-77.2422177,-12.0598753],[-77.2425047,-12.0598307],[-77.2430384,-12.059773],[-77.2434247,-12.0596785],[-77.243886,-12.0595553],[-77.2442991,-12.0594635],[-77.2445914,-12.0594005],[-77.2450313,-12.0592457],[-77.2451359,-12.0592326],[-77.2452647,-12.0592326],[-77.2454256,-12.0592641],[-77.245616,-12.0593375],[-77.2461176,-12.0595185],[-77.2467372,-12.0597572],[-77.2471958,-12.0599382],[-77.2475982,-12.0600458],[-77.2478074,-12.0601245],[-77.2479415,-12.0602163],[-77.2480568,-12.0603159],[-77.2482768,-12.0605468],[-77.2487408,-12.0609559],[-77.2490948,-12.0612943],[-77.2493416,-12.061554],[-77.2495455,-12.0617901],[-77.2497198,-12.0620628],[-77.2498459,-12.0622753],[-77.2499666,-12.062472],[-77.2500712,-12.0625953],[-77.2501999,-12.0627291],[-77.2504601,-12.0630071],[-77.250672,-12.0632957],[-77.2508785,-12.063634],[-77.2510475,-12.0638937],[-77.2512004,-12.0641376],[-77.2513399,-12.064455],[-77.2514498,-12.0647147],[-77.2514954,-12.0648852],[-77.2515357,-12.0650819],[-77.251539,-12.0652535],[-77.2515611,-12.0656917],[-77.2515585,-12.0658045],[-77.2515424,-12.0658596],[-77.2515055,-12.0659237],[-77.2510287,-12.0666058],[-77.2508571,-12.0668786],[-77.25074,-12.0671357],[-77.2505184,-12.0676259],[-77.2503421,-12.0678727],[-77.250098,-12.0682924],[-77.2500122,-12.0684812],[-77.2499961,-12.0686806],[-77.2499961,-12.0687934],[-77.2500336,-12.0688983],[-77.2501168,-12.0689848],[-77.2502918,-12.0690509],[-77.2503454,-12.0690679],[-77.2503615,-12.0690884],[-77.2503676,-12.0691075],[-77.2503682,-12.069133],[-77.2503535,-12.0691527],[-77.2503307,-12.0691652],[-77.2503233,-12.069175],[-77.2503186,-12.0691953],[-77.2503256,-12.0692334],[-77.2503273,-12.0692432],[-77.250323,-12.069253],[-77.2503098,-12.0692607],[-77.2502519,-12.0692935],[-77.2501067,-12.0693309],[-77.2500484,-12.0693534],[-77.2499853,-12.069437],[-77.2499424,-12.0695304],[-77.2499049,-12.0697481],[-77.249864,-12.0699171],[-77.249811,-12.070034],[-77.2497413,-12.0701651],[-77.2496796,-12.0702491],[-77.2494871,-12.0704115],[-77.2490251,-12.0707973],[-77.2486898,-12.0710517],[-77.2484678,-12.0712023],[-77.2482017,-12.0713638],[-77.2480776,-12.071479],[-77.2480139,-12.0715474],[-77.2479844,-12.0716576],[-77.2479877,-12.0717741],[-77.2479737,-12.071954],[-77.2479489,-12.0720031],[-77.2479006,-12.0720193],[-77.2478479,-12.0720236],[-77.2478188,-12.072013],[-77.2478013,-12.0719761],[-77.2477879,-12.0718285],[-77.2477672,-12.0717966],[-77.247747,-12.0717763],[-77.2476773,-12.0717835],[-77.2476076,-12.0717769],[-77.247462,-12.0717151],[-77.2473239,-12.0716167],[-77.2472803,-12.0715986],[-77.2472219,-12.0716061],[-77.2470604,-12.0716694],[-77.246937,-12.0717363],[-77.2468284,-12.071811],[-77.2467546,-12.0718779],[-77.246705,-12.071954],[-77.2466353,-12.0721323],[-77.2466031,-12.0722713],[-77.2466084,-12.0724654],[-77.2466943,-12.0728956],[-77.2467727,-12.0732049],[-77.2468177,-12.073428],[-77.2469249,-12.0738319],[-77.2470242,-12.0741703],[-77.2471529,-12.0745795],[-77.2472924,-12.0749991],[-77.2474372,-12.0754424],[-77.2475955,-12.0758437],[-77.2477725,-12.0762345],[-77.2478959,-12.0765728],[-77.2480045,-12.0769309],[-77.248081,-12.0771013],[-77.248138,-12.0771938],[-77.2482486,-12.0773],[-77.2483137,-12.0773518],[-77.2483787,-12.0774043],[-77.2484245,-12.0774637],[-77.2484779,-12.0775669],[-77.2485448,-12.0776728],[-77.2486523,-12.0778161],[-77.2488183,-12.0779946],[-77.248884,-12.0780932],[-77.2489037,-12.0782126],[-77.2488695,-12.078359],[-77.2487454,-12.0784932],[-77.2485852,-12.0785164],[-77.2484169,-12.0785043],[-77.248244,-12.0784242],[-77.2480761,-12.0783955],[-77.247971,-12.0784259],[-77.2478818,-12.0784855],[-77.2478208,-12.0785767],[-77.2478021,-12.0786915],[-77.2478315,-12.0787786],[-77.2478932,-12.078856],[-77.2479267,-12.0788993],[-77.2479281,-12.0789439],[-77.2478932,-12.0789859],[-77.2478329,-12.0790186],[-77.2477859,-12.0790606],[-77.2477631,-12.0791026],[-77.2477461,-12.0791752],[-77.2477001,-12.0791957],[-77.2476518,-12.0792088],[-77.2475767,-12.0792376],[-77.2475097,-12.0792704],[-77.2474131,-12.0793085],[-77.2473595,-12.0793019],[-77.2473112,-12.0792704],[-77.2472347,-12.0792272],[-77.2471489,-12.0791878],[-77.2469732,-12.0791576],[-77.2468793,-12.0791498],[-77.2467848,-12.0791537],[-77.2467211,-12.0791616],[-77.246656,-12.0791583],[-77.2466355,-12.0791427],[-77.2466312,-12.0791222],[-77.2466339,-12.0790514],[-77.2466138,-12.0790239],[-77.2465655,-12.0790009],[-77.2465052,-12.0789963],[-77.2464415,-12.0790272],[-77.2463644,-12.0790842],[-77.2462946,-12.079138],[-77.2462249,-12.0792009],[-77.2461618,-12.0792862],[-77.246123,-12.0793609],[-77.2460948,-12.079416],[-77.2460733,-12.0794632],[-77.2460525,-12.0795091],[-77.2460418,-12.0795399],[-77.2460264,-12.0795858],[-77.246011,-12.0796337],[-77.2460036,-12.0796671],[-77.2459842,-12.0797661],[-77.2459942,-12.0798658],[-77.246009,-12.0799091],[-77.2460331,-12.0799399],[-77.2460767,-12.0799792],[-77.2461169,-12.0799884],[-77.2461726,-12.0799819],[-77.2462182,-12.0799747],[-77.2462524,-12.0799865],[-77.2462886,-12.0800061],[-77.2463295,-12.0800343],[-77.2463684,-12.0800606],[-77.2464006,-12.0800842],[-77.2464301,-12.0801137],[-77.2464361,-12.0801419],[-77.246416,-12.0801622],[-77.2463563,-12.0801858],[-77.2462832,-12.0801996],[-77.2462356,-12.0802074],[-77.246182,-12.0802376],[-77.2461558,-12.0802756],[-77.2461511,-12.0803484],[-77.2461639,-12.0804186],[-77.2461806,-12.0805018],[-77.2461846,-12.0806041],[-77.2461833,-12.0807563],[-77.24619,-12.080928],[-77.2462088,-12.0810749],[-77.2462837,-12.081198],[-77.2463362,-12.0812743],[-77.2463804,-12.0813477],[-77.2464202,-12.0814457],[-77.2464267,-12.0814729],[-77.246424,-12.0815011],[-77.2464102,-12.0815163],[-77.2463818,-12.0815215],[-77.2463259,-12.0814982],[-77.2461994,-12.0814342],[-77.2461337,-12.0814185],[-77.2460613,-12.0814185],[-77.2460251,-12.0814362],[-77.2459915,-12.0814762],[-77.2459526,-12.0815287],[-77.2458963,-12.0815719],[-77.245841,-12.0815756],[-77.2457994,-12.0815506],[-77.2457652,-12.0815064],[-77.2457495,-12.0814746],[-77.245734,-12.0814641],[-77.2457092,-12.0814608],[-77.2456639,-12.0814701],[-77.2455786,-12.0814902],[-77.2455456,-12.0814874],[-77.2455094,-12.0814756],[-77.2454041,-12.081349],[-77.2452378,-12.0811772],[-77.2450434,-12.0810343],[-77.2449307,-12.0810002],[-77.2447886,-12.0809976],[-77.244691,-12.0810018],[-77.2445461,-12.0809855],[-77.2445042,-12.0809648],[-77.2444821,-12.0809248],[-77.2444872,-12.0808487],[-77.2444828,-12.0808218],[-77.2444674,-12.0808048],[-77.2444332,-12.0808015],[-77.2442694,-12.0808569],[-77.2440362,-12.0810421],[-77.2436205,-12.0814067],[-77.243371,-12.081627],[-77.2429633,-12.0821962],[-77.2428421,-12.0824841],[-77.242797,-12.0827968],[-77.242797,-12.0829673],[-77.2428473,-12.0831064],[-77.2428399,-12.0831522],[-77.2426817,-12.0834184],[-77.2423974,-12.0837856],[-77.2422418,-12.0840583],[-77.2421882,-12.0842393],[-77.2422311,-12.0844046],[-77.2423196,-12.084575],[-77.2423223,-12.0846432],[-77.2422962,-12.084712],[-77.242223,-12.0847481],[-77.2420654,-12.0848096],[-77.2419991,-12.0848688],[-77.2419615,-12.0849448],[-77.2419564,-12.0850344],[-77.2419716,-12.0851319],[-77.2419548,-12.0852071],[-77.2418797,-12.0852705],[-77.2417885,-12.0853199],[-77.2416792,-12.0853236],[-77.2415277,-12.0852537],[-77.2414358,-12.0852419],[-77.2413566,-12.0852535],[-77.2409946,-12.0853461],[-77.2407944,-12.0854877],[-77.2406459,-12.0857238],[-77.2405225,-12.0860936],[-77.2404139,-12.0863585],[-77.2403716,-12.0864104],[-77.2402023,-12.0865161],[-77.2399271,-12.086786],[-77.2398251,-12.0870142],[-77.2397968,-12.0872559],[-77.2398654,-12.0875099],[-77.2399825,-12.0877382],[-77.239972,-12.0877848],[-77.239919,-12.0878177],[-77.2398166,-12.087783],[-77.2397111,-12.0876941],[-77.2396343,-12.0875595],[-77.2395623,-12.0872896],[-77.2395194,-12.0871021],[-77.2394925,-12.0869486],[-77.2394785,-12.0869217],[-77.239455,-12.086904],[-77.2394315,-12.0869008],[-77.239396,-12.0869093],[-77.2393209,-12.0869735],[-77.2390136,-12.0873377],[-77.2386664,-12.0876882],[-77.2382909,-12.0881026],[-77.2380636,-12.0884604],[-77.2380012,-12.0887373],[-77.2379744,-12.0891412],[-77.238071,-12.0895871],[-77.2381394,-12.0898782],[-77.2381769,-12.0901038],[-77.2382064,-12.0902402],[-77.238244,-12.0903057],[-77.2383057,-12.0903621],[-77.2383995,-12.0904041],[-77.2384478,-12.0903988],[-77.2385484,-12.0903818],[-77.2386128,-12.0903883],[-77.2386825,-12.0904355],[-77.2387335,-12.0905287],[-77.2387871,-12.0906309],[-77.2388703,-12.0907083],[-77.2389172,-12.0907345],[-77.2389702,-12.0907418],[-77.2390218,-12.0907398],[-77.2390627,-12.0907372],[-77.239119,-12.0907319],[-77.2391941,-12.0907391],[-77.2392431,-12.0907555],[-77.2393008,-12.0907785],[-77.2393517,-12.0907988],[-77.2393913,-12.090827],[-77.2394335,-12.0908749],[-77.2394496,-12.0909247],[-77.2394443,-12.0909929],[-77.2394148,-12.0910427],[-77.2393598,-12.0910768],[-77.2392941,-12.0911057],[-77.2392297,-12.0911437],[-77.2391921,-12.0912119],[-77.2391801,-12.0912787],[-77.2391794,-12.0913561],[-77.2391747,-12.0913863],[-77.2391679,-12.0914057],[-77.2390419,-12.0915371],[-77.2389246,-12.0916282],[-77.2388947,-12.0916392],[-77.2388428,-12.0916472],[-77.2387771,-12.0916446],[-77.2387268,-12.0916308],[-77.2386798,-12.0915987],[-77.2386423,-12.0915823],[-77.2386101,-12.0915843],[-77.238531,-12.0916027],[-77.2384411,-12.0916407],[-77.2383727,-12.0916787],[-77.238315,-12.0917167],[-77.2382681,-12.0917613],[-77.2382493,-12.0917994],[-77.2382212,-12.0918544],[-77.2381957,-12.0919108],[-77.2381856,-12.0919823],[-77.2381957,-12.0920243],[-77.2382131,-12.0920485],[-77.238246,-12.0920754],[-77.2383271,-12.0921226],[-77.2383834,-12.0921613],[-77.2383989,-12.0921862],[-77.2383962,-12.0922092],[-77.2383754,-12.0922373],[-77.2383218,-12.0922616],[-77.2382601,-12.0922728],[-77.2381923,-12.0922701],[-77.2381273,-12.0922649],[-77.2380374,-12.0922596],[-77.2379697,-12.0922583],[-77.2379167,-12.0922754],[-77.2378745,-12.0923009],[-77.2378383,-12.0923331],[-77.2377826,-12.0924039],[-77.2377518,-12.0924681],[-77.237725,-12.0925599],[-77.2377089,-12.0927698],[-77.2377102,-12.0929192],[-77.2377464,-12.0930228],[-77.2377947,-12.0930582],[-77.2378752,-12.093091],[-77.2379201,-12.0931189],[-77.2379412,-12.093155],[-77.2379513,-12.0931923],[-77.2379436,-12.0932209],[-77.2378349,-12.0933153],[-77.237788,-12.0933612],[-77.2377206,-12.0934146],[-77.2376864,-12.0934451],[-77.23767,-12.0934792],[-77.2376626,-12.0935185],[-77.2376606,-12.0935539],[-77.2376579,-12.0935802],[-77.2376472,-12.0936169],[-77.2376297,-12.0936431],[-77.2375613,-12.0936851],[-77.2374943,-12.0936916],[-77.2374527,-12.0936772],[-77.2374031,-12.0936366],[-77.2373669,-12.0936025],[-77.2373267,-12.0935736],[-77.2372569,-12.0935461],[-77.2372301,-12.0935303],[-77.2371818,-12.0934871],[-77.237159,-12.0934215],[-77.2371161,-12.0933703],[-77.2370397,-12.0933022],[-77.2369471,-12.0932471],[-77.2368814,-12.0932117],[-77.2368237,-12.0932038],[-77.2367446,-12.0932104],[-77.2366735,-12.0932038],[-77.2366427,-12.0931868],[-77.2366065,-12.0931356],[-77.2365864,-12.0930635],[-77.2365783,-12.0930202],[-77.2365783,-12.0929547],[-77.2365837,-12.0929088],[-77.2366025,-12.0928143],[-77.236632,-12.092678],[-77.2366883,-12.0924734],[-77.2367111,-12.0923632],[-77.2367151,-12.092295],[-77.2366937,-12.09224],[-77.2366735,-12.0921823],[-77.236638,-12.0921324],[-77.2365904,-12.0920715],[-77.2365401,-12.0920269],[-77.2364938,-12.092002],[-77.2364489,-12.0919915],[-77.2363973,-12.0919836],[-77.2363483,-12.091979],[-77.2363067,-12.0919816],[-77.2362437,-12.0919967],[-77.23618,-12.0920439],[-77.2361277,-12.0920997],[-77.2360935,-12.0921167],[-77.236058,-12.0921233],[-77.2360244,-12.0921154],[-77.2359923,-12.0920879],[-77.2359896,-12.0920354],[-77.2359929,-12.0919947],[-77.2359949,-12.0919456],[-77.2359855,-12.0919108],[-77.2359634,-12.0918748],[-77.235946,-12.0918374],[-77.2359386,-12.0917928],[-77.2359339,-12.0917292],[-77.2359346,-12.0916866],[-77.2359413,-12.0916315],[-77.235944,-12.0915725],[-77.235948,-12.09152],[-77.2359453,-12.0914545],[-77.2359265,-12.0913948],[-77.2358561,-12.091305],[-77.2357783,-12.0912565],[-77.2351313,-12.091145],[-77.2344822,-12.0910873],[-77.2339162,-12.091082],[-77.2332376,-12.091187],[-77.2319314,-12.0915332],[-77.2304481,-12.0923462],[-77.2294906,-12.0929743],[-77.2292183,-12.0931618],[-77.2290306,-12.0933048],[-77.2288978,-12.0934294],[-77.2288214,-12.0935566],[-77.2287785,-12.0936247],[-77.2287422,-12.0936956],[-77.2287027,-12.0937474],[-77.228643,-12.0938352],[-77.2286319,-12.0938726],[-77.228637,-12.0939205],[-77.2286544,-12.0939434],[-77.2286859,-12.0939634],[-77.2287292,-12.0939742],[-77.2287778,-12.0939867],[-77.228812,-12.094005],[-77.2288328,-12.0940391],[-77.2288308,-12.0940804],[-77.2288187,-12.0941427],[-77.2288247,-12.0941912],[-77.2288308,-12.0942391],[-77.2288468,-12.0943132],[-77.2288529,-12.0943814],[-77.2288354,-12.0944122],[-77.2288053,-12.0944168],[-77.2287127,-12.0944102],[-77.2286524,-12.0943991],[-77.2286068,-12.0943912],[-77.2285511,-12.0944024],[-77.228525,-12.0944332],[-77.2284948,-12.0944922],[-77.2284673,-12.0945532],[-77.2284338,-12.0946227],[-77.2284177,-12.094662],[-77.22841,-12.0946971],[-77.2283929,-12.0947404],[-77.2283778,-12.0947591],[-77.2283607,-12.0947774],[-77.2283352,-12.0947833],[-77.2283097,-12.09478],[-77.2282822,-12.0947754],[-77.2282474,-12.0947571],[-77.2282152,-12.0947387],[-77.2281689,-12.0947138],[-77.2280965,-12.0946587],[-77.2280341,-12.0945965],[-77.2279845,-12.0945361],[-77.2279396,-12.0944824],[-77.2279108,-12.0944424],[-77.2278745,-12.0943965],[-77.2278343,-12.0943643],[-77.2278048,-12.0943434],[-77.2277693,-12.0943204],[-77.2277337,-12.0942929],[-77.2276969,-12.0942693],[-77.227664,-12.0942547],[-77.2276459,-12.0942516],[-77.2275473,-12.0942712],[-77.2274253,-12.0943119],[-77.2270801,-12.0945242],[-77.2254727,-12.0956143],[-77.2248168,-12.0960848],[-77.2235522,-12.0970644],[-77.2227609,-12.0977148],[-77.221624,-12.0987599],[-77.2211592,-12.0991653]],[[-77.1922542,-12.1104827],[-77.1922191,-12.11048],[-77.1921907,-12.1104477],[-77.1921539,-12.1103745],[-77.1921321,-12.1103304],[-77.1921108,-12.1102824],[-77.1921076,-12.1102708],[-77.1921113,-12.1102628],[-77.1921403,-12.1102591],[-77.1921882,-12.1102427],[-77.1922283,-12.1102405],[-77.1922855,-12.1102387],[-77.192316,-12.1102502],[-77.1923361,-12.1102722],[-77.1923654,-12.1103061],[-77.1923742,-12.1103315],[-77.1923595,-12.1103662],[-77.1923149,-12.1104072],[-77.1922934,-12.1104312],[-77.1922858,-12.1104624],[-77.1922542,-12.1104827]],[[-77.1919164,-12.1101324],[-77.1919008,-12.1101799],[-77.1918702,-12.1102057],[-77.1918011,-12.1102423],[-77.1917605,-12.1102568],[-77.1917213,-12.1102518],[-77.1916917,-12.1102252],[-77.1916815,-12.1101811],[-77.1916861,-12.110086],[-77.1917532,-12.1100173],[-77.1918069,-12.1099937],[-77.1918675,-12.1099924],[-77.1919184,-12.110052],[-77.1919164,-12.1101324]],[[-77.1915874,-12.1101087],[-77.1915934,-12.1101919],[-77.1915923,-12.1102311],[-77.1915752,-12.1102701],[-77.1915437,-12.110294],[-77.191489,-12.1102901],[-77.1914144,-12.110254],[-77.1913762,-12.1101386],[-77.1913699,-12.1100118],[-77.1914219,-12.1099424],[-77.1914932,-12.1099221],[-77.1915398,-12.1099365],[-77.1915759,-12.1100181],[-77.1915874,-12.1101087]],[[-77.1475937,-12.0307388],[-77.1476727,-12.0307725],[-77.1478938,-12.0307459],[-77.1481895,-12.0306719],[-77.1482832,-12.0306739],[-77.1483847,-12.0307051],[-77.1484805,-12.0307754],[-77.148543,-12.0308926],[-77.1485547,-12.0309786],[-77.1485156,-12.0312715],[-77.148461,-12.0316231],[-77.1483476,-12.0323262],[-77.1480645,-12.032529],[-77.1479736,-12.0328214],[-77.1476988,-12.0334675],[-77.1476548,-12.0338133],[-77.1476411,-12.0345136],[-77.1475022,-12.0350661],[-77.1474821,-12.0364598],[-77.1473965,-12.0369187],[-77.1473875,-12.0373848],[-77.1474784,-12.0376669],[-77.1475576,-12.0377984],[-77.1477129,-12.0378535],[-77.1482207,-12.0381582],[-77.1485,-12.0383379],[-77.1486778,-12.038412],[-77.1488648,-12.0385671],[-77.1491602,-12.0388932],[-77.1494865,-12.0392917],[-77.149909,-12.0397594],[-77.1503706,-12.0403056],[-77.1510475,-12.0410924],[-77.1517521,-12.0419069],[-77.1533197,-12.0436936],[-77.1542555,-12.044742],[-77.1546859,-12.0452368],[-77.1550089,-12.0456161],[-77.1554329,-12.0461237],[-77.1555306,-12.0462237],[-77.1555549,-12.0462631],[-77.1555396,-12.0463079],[-77.1554884,-12.0463211],[-77.1551599,-12.0458949],[-77.1540456,-12.0446147],[-77.1532872,-12.0437682],[-77.1523507,-12.0426734],[-77.1516882,-12.0419331],[-77.1510697,-12.0412285],[-77.1504605,-12.0405175],[-77.1500489,-12.0400112],[-77.1498589,-12.0398047],[-77.1495297,-12.0394402],[-77.1494183,-12.0395372],[-77.1492408,-12.039386],[-77.1492156,-12.0393032],[-77.1493023,-12.0391714],[-77.1490729,-12.0388767],[-77.1490118,-12.0388344],[-77.1489191,-12.0387976],[-77.14884,-12.038755],[-77.1487633,-12.0387001],[-77.1486356,-12.038639],[-77.1485546,-12.0386142],[-77.1484686,-12.0385685],[-77.1483437,-12.0384902],[-77.1481972,-12.0384004],[-77.1479865,-12.0383399],[-77.1478261,-12.03825],[-77.1477287,-12.0382292],[-77.147597,-12.0381418],[-77.1474348,-12.0381297],[-77.1489238,-12.0408542],[-77.1491458,-12.0407298],[-77.1496636,-12.0417932],[-77.149164,-12.0420409],[-77.1487553,-12.0409525],[-77.148911,-12.0408626],[-77.1474303,-12.0381786],[-77.1473759,-12.0381638],[-77.1467011,-12.039334],[-77.1462812,-12.0391309],[-77.1457871,-12.0388672],[-77.1430202,-12.0373693],[-77.1411856,-12.0380059],[-77.1411135,-12.0381415],[-77.1426942,-12.0389453],[-77.1426433,-12.0390251],[-77.1410953,-12.0382508],[-77.1407884,-12.0388736],[-77.1437155,-12.0403529],[-77.1436719,-12.0404231],[-77.140742,-12.0389654],[-77.1404499,-12.0395055],[-77.1406031,-12.0395984],[-77.1406113,-12.0396431],[-77.1424389,-12.0405732],[-77.1423834,-12.0406907],[-77.1391315,-12.039081],[-77.1389408,-12.0390397],[-77.1388533,-12.0390491],[-77.1388331,-12.0390792],[-77.1388918,-12.0391776],[-77.1390323,-12.0392902],[-77.1395568,-12.0395806],[-77.1404156,-12.0400188],[-77.1405843,-12.0401994],[-77.1405838,-12.0403501],[-77.1404658,-12.0405178],[-77.1403419,-12.0407539],[-77.1401792,-12.0411122],[-77.1426956,-12.0423626],[-77.1426175,-12.0425094],[-77.1416903,-12.0420452],[-77.1411613,-12.0417799],[-77.1410866,-12.0419184],[-77.1410097,-12.0420579],[-77.1409636,-12.0421526],[-77.1408596,-12.0423383],[-77.1408509,-12.0423588],[-77.1408194,-12.0424326],[-77.1417477,-12.042928],[-77.141606,-12.0432051],[-77.1406929,-12.0427135],[-77.1406264,-12.0428357],[-77.1405246,-12.0427815],[-77.140454,-12.0429233],[-77.1404434,-12.042946],[-77.1404642,-12.0429969],[-77.1405007,-12.0430253],[-77.1405444,-12.0431192],[-77.1406069,-12.0432148],[-77.1407382,-12.0433145],[-77.1409202,-12.0433625],[-77.140995,-12.0433911],[-77.1410204,-12.0434325],[-77.1410176,-12.0435128],[-77.1410275,-12.0436121],[-77.14107,-12.0437273],[-77.1411062,-12.0438135],[-77.1411709,-12.0438962],[-77.1411687,-12.0439464],[-77.1411493,-12.0439945],[-77.141084,-12.0440955],[-77.1410433,-12.0441547],[-77.1410018,-12.044238],[-77.1412403,-12.0442507],[-77.1412471,-12.044287],[-77.1411233,-12.0443153],[-77.1413066,-12.0453182],[-77.1414013,-12.0453454],[-77.141377,-12.0454451],[-77.1409543,-12.0453607],[-77.1408987,-12.0455895],[-77.1410596,-12.0458604],[-77.1410605,-12.0459071],[-77.1409022,-12.0461234],[-77.1409806,-12.0465277],[-77.1410257,-12.0466007],[-77.1413864,-12.0469027],[-77.1417582,-12.046878],[-77.1417904,-12.0468507],[-77.1415651,-12.0466706],[-77.142377,-12.0457371],[-77.1448813,-12.0427873],[-77.1463706,-12.0440691],[-77.1452695,-12.0452637],[-77.1440079,-12.0467189],[-77.144041,-12.0471816],[-77.1457305,-12.047029],[-77.1457471,-12.0471647],[-77.1457627,-12.0472913],[-77.1440332,-12.0474415],[-77.144127,-12.04825],[-77.1458048,-12.0481214],[-77.1458259,-12.0485049],[-77.1458471,-12.0489056],[-77.1441851,-12.0490403],[-77.1442513,-12.0498684],[-77.1459518,-12.0497615],[-77.1459648,-12.0501214],[-77.1460006,-12.0505131],[-77.1443242,-12.0506601],[-77.1443804,-12.0514678],[-77.1460071,-12.0513493],[-77.1460389,-12.0513581],[-77.1460544,-12.0513788],[-77.1460708,-12.0515649],[-77.1460626,-12.0516068],[-77.1460279,-12.0516348],[-77.1444048,-12.0517712],[-77.1444375,-12.0523437],[-77.14485,-12.0528256],[-77.1450937,-12.0526392],[-77.1467163,-12.0545803],[-77.1464988,-12.0547565],[-77.1470892,-12.0554414],[-77.1516952,-12.0517122],[-77.1545489,-12.0494142],[-77.1548978,-12.0498242],[-77.1547655,-12.0499347],[-77.1547997,-12.0499759],[-77.1543775,-12.050322],[-77.1544134,-12.0503652],[-77.1543242,-12.0504387],[-77.1544857,-12.0506476],[-77.1545932,-12.050685],[-77.1547642,-12.0507265],[-77.1550509,-12.0508107],[-77.1552164,-12.0509034],[-77.1556693,-12.0494667],[-77.1557256,-12.0493881],[-77.1557673,-12.0493793],[-77.1558333,-12.0493989],[-77.1558701,-12.0494247],[-77.1558791,-12.0494601],[-77.1558853,-12.049523],[-77.1558779,-12.0495745],[-77.1558518,-12.049626],[-77.1554482,-12.0508336],[-77.1553916,-12.0510042],[-77.1557585,-12.0514433],[-77.1562238,-12.0519984],[-77.1562848,-12.0520699],[-77.1563165,-12.0521183],[-77.1563244,-12.0521612],[-77.1563099,-12.0522256],[-77.1562506,-12.0522815],[-77.1554014,-12.0529564],[-77.1545073,-12.0537028],[-77.1537839,-12.0543045],[-77.1536689,-12.0543783],[-77.1535988,-12.054389],[-77.1532784,-12.0543189],[-77.1528601,-12.0542485],[-77.1513001,-12.0555201],[-77.1512349,-12.0556534],[-77.1511744,-12.0558301],[-77.151121,-12.05592],[-77.1510476,-12.0560179],[-77.1509188,-12.056148],[-77.1507539,-12.0562839],[-77.1506626,-12.056333],[-77.1505509,-12.0563552],[-77.1503654,-12.0563468],[-77.1502955,-12.0563431],[-77.1502501,-12.0563311],[-77.1488926,-12.0574395],[-77.1488653,-12.0576661],[-77.1492087,-12.0580871],[-77.1492041,-12.0580979],[-77.1491951,-12.0581062],[-77.1491813,-12.0581132],[-77.1491694,-12.0581164],[-77.149157,-12.0581156],[-77.1491437,-12.0581119],[-77.1491336,-12.0581029],[-77.1491274,-12.0580927],[-77.1491249,-12.0580813],[-77.1491258,-12.0580682],[-77.1491262,-12.058055],[-77.1488533,-12.057735],[-77.1486641,-12.0584377],[-77.1486368,-12.0585421],[-77.1486263,-12.0585669],[-77.1492643,-12.0587535],[-77.1493495,-12.0584482],[-77.1493306,-12.0584374],[-77.1493241,-12.0584276],[-77.1493187,-12.0584163],[-77.149316,-12.0584071],[-77.1493153,-12.0583978],[-77.1493241,-12.0583815],[-77.1493391,-12.0583688],[-77.1493553,-12.0583656],[-77.1493705,-12.0583681],[-77.1493822,-12.0583733],[-77.1493889,-12.0583791],[-77.1493965,-12.0583895],[-77.1493993,-12.0584016],[-77.1493994,-12.0584152],[-77.1493901,-12.0584502],[-77.1492795,-12.0588609],[-77.1492956,-12.0588818],[-77.1493388,-12.0588925],[-77.1493986,-12.0589111],[-77.1494842,-12.0589746],[-77.1495605,-12.0590645],[-77.1496465,-12.05917],[-77.1497392,-12.0592698],[-77.1501552,-12.0590799],[-77.1501799,-12.0590382],[-77.1502532,-12.0590638],[-77.1502523,-12.0590778],[-77.1502166,-12.0591134],[-77.1500471,-12.0591891],[-77.1498827,-12.0592701],[-77.1499197,-12.0593563],[-77.1498043,-12.0594206],[-77.1498604,-12.0595172],[-77.1498975,-12.0595801],[-77.1502987,-12.0602943],[-77.15045,-12.0602112],[-77.1505334,-12.0603891],[-77.1509014,-12.0602078],[-77.1509228,-12.0601917],[-77.1509051,-12.0601349],[-77.1508952,-12.0600709],[-77.1509559,-12.0600273],[-77.1504227,-12.0590819],[-77.1503702,-12.0588975],[-77.1504454,-12.0588209],[-77.1504965,-12.0588373],[-77.1505085,-12.0589807],[-77.1505663,-12.059135],[-77.1510753,-12.0599967],[-77.151096,-12.0600898],[-77.1510839,-12.0601499],[-77.1510639,-12.0601894],[-77.1508779,-12.0602889],[-77.1510113,-12.0605391],[-77.1512403,-12.0607947],[-77.1514177,-12.0610868],[-77.1515633,-12.0612646],[-77.1516636,-12.061335],[-77.151666,-12.0613714],[-77.1517397,-12.0614304],[-77.1518024,-12.0614772],[-77.1518647,-12.0615375],[-77.1519241,-12.0615713],[-77.1519795,-12.0616249],[-77.1519991,-12.0617042],[-77.1520428,-12.0617178],[-77.1520673,-12.0618363],[-77.1521278,-12.0618793],[-77.1521572,-12.061926],[-77.1522236,-12.0619553],[-77.152282,-12.0620035],[-77.15233,-12.0620501],[-77.1523481,-12.0621213],[-77.1523944,-12.0621319],[-77.1526895,-12.0623068],[-77.1529269,-12.0624065],[-77.1533199,-12.0626111],[-77.1537091,-12.0628804],[-77.1538644,-12.0630202],[-77.1541219,-12.0632595],[-77.1542009,-12.0633546],[-77.1543684,-12.0635482],[-77.1546405,-12.063774],[-77.1548863,-12.0639999],[-77.1551386,-12.064261],[-77.1552659,-12.0643568],[-77.1553488,-12.0643704],[-77.1554752,-12.0644718],[-77.1556805,-12.0646138],[-77.1563984,-12.0639278],[-77.15643,-12.0639571],[-77.1559208,-12.0644545],[-77.1557283,-12.0646531],[-77.1560153,-12.0648398],[-77.1562436,-12.0649961],[-77.1563477,-12.0650897],[-77.1564169,-12.0651361],[-77.1564134,-12.0651766],[-77.1564545,-12.0651912],[-77.1565296,-12.0652372],[-77.1565456,-12.0652822],[-77.1565744,-12.0652928],[-77.1566178,-12.0653065],[-77.1566989,-12.0653678],[-77.1567756,-12.0654264],[-77.1568695,-12.0654576],[-77.1569303,-12.065529],[-77.1570347,-12.0655478],[-77.1571106,-12.0656209],[-77.1571289,-12.0656016],[-77.1571895,-12.0656347],[-77.1572441,-12.0656739],[-77.1572491,-12.0657226],[-77.1573653,-12.0658109],[-77.157479,-12.0658922],[-77.1576111,-12.0660102],[-77.1576945,-12.0661046],[-77.1578224,-12.0661847],[-77.1579039,-12.0662489],[-77.1579807,-12.0663033],[-77.1580781,-12.0663847],[-77.158123,-12.06642],[-77.1581875,-12.0664726],[-77.1582441,-12.0665097],[-77.1583086,-12.0665586],[-77.158377,-12.0666132]],[[-77.1057891,-12.0836599],[-77.1050895,-12.0841577],[-77.1045491,-12.0845207],[-77.1039233,-12.0848608],[-77.1033671,-12.0851393],[-77.102754,-12.0853766],[-77.1023171,-12.0855222],[-77.1016821,-12.0857669],[-77.1011657,-12.0860024],[-77.1007033,-12.0862348],[-77.1002979,-12.0864381],[-77.0999018,-12.0866682],[-77.0993072,-12.0869982],[-77.0987655,-12.0872976],[-77.0979344,-12.0877682],[-77.0971599,-12.0882347],[-77.096084,-12.0888794],[-77.09493,-12.0895928],[-77.0936998,-12.0903883],[-77.0927281,-12.0910105],[-77.0914475,-12.0919676],[-77.0906312,-12.0924822],[-77.089638,-12.0931204],[-77.0888674,-12.0935611],[-77.0878443,-12.094106],[-77.0868975,-12.0946234],[-77.0865869,-12.0948141],[-77.0861131,-12.095058],[-77.0855921,-12.0952566],[-77.0849504,-12.0955344],[-77.084002,-12.0958896],[-77.0833536,-12.0960919],[-77.0826839,-12.0963737],[-77.0819007,-12.096662],[-77.0813996,-12.0968835],[-77.0807168,-12.0971513],[-77.0801146,-12.0973989],[-77.0796444,-12.0975813],[-77.0790081,-12.097876]],[[-77.0790081,-12.097876],[-77.0785368,-12.0980682],[-77.0781183,-12.0982584],[-77.0776955,-12.0984215],[-77.0771755,-12.098637],[-77.0762099,-12.0990674],[-77.0753742,-12.0994378],[-77.0745185,-12.0998424],[-77.0733375,-12.1003848],[-77.0719712,-12.101071],[-77.0714544,-12.1013146],[-77.0703317,-12.1018873],[-77.0697894,-12.1021397],[-77.0690142,-12.1024416],[-77.0682979,-12.1027822],[-77.0674134,-12.1032706],[-77.0670703,-12.1034528],[-77.0666328,-12.1036862],[-77.0657122,-12.1042429],[-77.0653482,-12.1044883],[-77.0645975,-12.1049944],[-77.0641151,-12.1053223],[-77.0637479,-12.1056296],[-77.0633644,-12.1059326],[-77.0626487,-12.1063792],[-77.0620826,-12.1067474],[-77.0618714,-12.1069068],[-77.0616515,-12.1071468],[-77.0615272,-12.1073807],[-77.0614033,-12.1075053],[-77.0612393,-12.1076194],[-77.0608319,-12.1079299]],[[-77.0560187,-12.1112981],[-77.0556648,-12.1115778],[-77.0551517,-12.1118852],[-77.0549731,-12.1119849],[-77.05448,-12.112312],[-77.0539185,-12.1126424],[-77.0533866,-12.1130198],[-77.053079,-12.1132299],[-77.0527582,-12.11348],[-77.0520912,-12.1140758],[-77.0515054,-12.1146577],[-77.0511281,-12.1151013],[-77.0507515,-12.1156966],[-77.050454,-12.1161203],[-77.0503968,-12.1162864],[-77.0503794,-12.1163742],[-77.0503807,-12.1164398],[-77.0504035,-12.1165054],[-77.05044,-12.1165558]],[[-77.05044,-12.1165558],[-77.0512656,-12.1174141],[-77.0511739,-12.1174961],[-77.050338,-12.1166797],[-77.0502695,-12.1166797],[-77.0501445,-12.1167422],[-77.0499882,-12.1168847],[-77.049832,-12.1169981],[-77.0497011,-12.1170976],[-77.0495449,-12.1172129],[-77.0494042,-12.1173476],[-77.0492735,-12.1174629],[-77.0491114,-12.1175781],[-77.0488926,-12.1177031],[-77.0487872,-12.1178065],[-77.0486191,-12.1179316],[-77.0484649,-12.1179844],[-77.0483145,-12.118084],[-77.0480684,-12.1182031],[-77.0478809,-12.1182715],[-77.0477285,-12.1183145],[-77.0476309,-12.1183867],[-77.0475781,-12.1184785],[-77.0474531,-12.1185332],[-77.0473086,-12.1185722],[-77.0471036,-12.1186992],[-77.0470097,-12.118752],[-77.0468476,-12.1188672],[-77.046791,-12.119002],[-77.0467011,-12.1190547],[-77.0466074,-12.1190899],[-77.0464882,-12.1191836],[-77.0464013,-12.1193303],[-77.0463003,-12.1194534],[-77.0462457,-12.1195972],[-77.04621,-12.1197268],[-77.0462261,-12.1198112],[-77.0463771,-12.1198745],[-77.0465495,-12.1199966],[-77.046716,-12.1200708],[-77.0469089,-12.1201697],[-77.0468827,-12.1202401],[-77.0467107,-12.1201739],[-77.0466112,-12.1201949],[-77.0464435,-12.1203392],[-77.0463648,-12.1204271],[-77.046252,-12.1205509],[-77.0461935,-12.1206113],[-77.0461241,-12.1206859],[-77.04605,-12.1207937],[-77.0459768,-12.1209357],[-77.0459336,-12.1210606],[-77.0460077,-12.1211777],[-77.046043,-12.1212656],[-77.0460359,-12.1213648],[-77.0465721,-12.1218743],[-77.0465025,-12.1219443],[-77.0459955,-12.1214625],[-77.0458555,-12.121457],[-77.0457969,-12.121459],[-77.0457305,-12.1214766],[-77.0456641,-12.1214844],[-77.0456094,-12.1215117],[-77.0455117,-12.1215489],[-77.0454355,-12.1215879],[-77.0453516,-12.1216426],[-77.0452989,-12.1216799],[-77.0452324,-12.1217305],[-77.0451601,-12.1217774],[-77.0450664,-12.1218476],[-77.045,-12.1218985],[-77.0448985,-12.1219961],[-77.0448281,-12.122045],[-77.0447636,-12.1220937],[-77.0447011,-12.1221387],[-77.0446347,-12.1221757],[-77.0445781,-12.1222169],[-77.0445371,-12.1222735],[-77.0444766,-12.1223145],[-77.0444199,-12.1223731],[-77.0443555,-12.1224297],[-77.0443047,-12.1224707],[-77.0442305,-12.1225254],[-77.0441562,-12.122586],[-77.0440899,-12.122627],[-77.0440449,-12.1226621],[-77.0439805,-12.122709],[-77.0439101,-12.1227656],[-77.0438417,-12.122795],[-77.0437637,-12.122836],[-77.0436875,-12.1228926],[-77.043625,-12.122918],[-77.0435469,-12.1229472],[-77.0434689,-12.1229882],[-77.0434239,-12.1230195],[-77.0433615,-12.1230742],[-77.043252,-12.123123],[-77.0430136,-12.1231934],[-77.0428457,-12.12325],[-77.0427481,-12.123291],[-77.0426035,-12.1233594],[-77.0425235,-12.1233965],[-77.0424726,-12.1234356],[-77.0423066,-12.1234706],[-77.0421816,-12.1235507],[-77.0420215,-12.1236524],[-77.041791,-12.1238281],[-77.0416485,-12.1239687],[-77.041543,-12.1241485],[-77.0416836,-12.1243281],[-77.0415996,-12.1244101],[-77.041412,-12.1242149],[-77.0413164,-12.1241932],[-77.0412149,-12.1242344],[-77.0411446,-12.1243204],[-77.0410449,-12.1243594],[-77.0408027,-12.1244414],[-77.0405917,-12.1244862],[-77.0404961,-12.1245566],[-77.0403165,-12.1247012],[-77.0400742,-12.1249024],[-77.0398945,-12.1250039],[-77.0397676,-12.1251132],[-77.0396485,-12.1252305],[-77.0395781,-12.125295],[-77.039416,-12.1254551],[-77.0392559,-12.1256329],[-77.0390937,-12.125791],[-77.0389532,-12.1259531],[-77.038752,-12.1261544],[-77.0386114,-12.1263399],[-77.0385117,-12.1265059],[-77.0385117,-12.1266075],[-77.0385469,-12.1266779],[-77.0385879,-12.1267577],[-77.0393476,-12.127543],[-77.0392402,-12.1276485],[-77.0385117,-12.1268926],[-77.0384316,-12.1269434],[-77.0382402,-12.1270742],[-77.0380801,-12.1271895],[-77.0379844,-12.1273106],[-77.0377676,-12.1275254],[-77.0376562,-12.1276367],[-77.0375976,-12.1277734],[-77.0374552,-12.1279434],[-77.037336,-12.1281309],[-77.0371836,-12.128293],[-77.0371035,-12.1284159],[-77.0370899,-12.1285312],[-77.0371836,-12.1286132],[-77.0372656,-12.1286545],[-77.0372656,-12.1287735],[-77.0371092,-12.128791],[-77.0369844,-12.1289551],[-77.0369082,-12.1290742],[-77.0367969,-12.1291954],[-77.0366817,-12.1292754],[-77.0365507,-12.1293575],[-77.0364356,-12.1294571],[-77.0363047,-12.1295976],[-77.0361191,-12.1297481],[-77.0359472,-12.12992],[-77.0357715,-12.1300705],[-77.0356621,-12.1301816],[-77.0355899,-12.1303184],[-77.0355391,-12.1304375],[-77.0356245,-12.1305608],[-77.0360489,-12.1311647],[-77.0362092,-12.1314056],[-77.0365769,-12.1319459],[-77.0371172,-12.1326915],[-77.0370019,-12.1327735],[-77.0356895,-12.1308965],[-77.0355761,-12.1308632],[-77.035453,-12.1308672],[-77.0353437,-12.1309062],[-77.0351972,-12.1309825],[-77.0350312,-12.1310391],[-77.0349219,-12.1311329],[-77.0348164,-12.1312539],[-77.0346797,-12.131418],[-77.0345469,-12.1314884],[-77.0343906,-12.1316075],[-77.0341816,-12.1317169],[-77.033998,-12.1317969],[-77.0338262,-12.1319101],[-77.0336699,-12.1319669],[-77.0335039,-12.132],[-77.0334434,-12.1320625],[-77.0333437,-12.1321582],[-77.0331739,-12.1322695],[-77.0328417,-12.1325059],[-77.0326855,-12.1326582],[-77.032543,-12.1328047],[-77.0323943,-12.1329585],[-77.0323711,-12.1329825],[-77.0321309,-12.133086],[-77.031916,-12.1331972],[-77.0317636,-12.1332989],[-77.0316542,-12.1334375],[-77.0314707,-12.133586],[-77.0313281,-12.1337129],[-77.031248,-12.1338496],[-77.0311406,-12.1339492],[-77.0310274,-12.1340272],[-77.0309336,-12.1341641],[-77.0308399,-12.1342871],[-77.0306934,-12.1344687],[-77.0305371,-12.1347187],[-77.0303847,-12.13491],[-77.0302422,-12.1351601],[-77.0301542,-12.1353281],[-77.030041,-12.1355],[-77.0299277,-12.1356621],[-77.0298379,-12.1358457],[-77.029793,-12.1359121],[-77.0297599,-12.1359746],[-77.0297422,-12.1360294],[-77.0296992,-12.1361231],[-77.0296525,-12.1362461],[-77.0295899,-12.136334],[-77.0295332,-12.1364395],[-77.0294902,-12.1365097],[-77.0294531,-12.1365917],[-77.0294101,-12.1367207],[-77.0293614,-12.136834],[-77.0293399,-12.1369101],[-77.029293,-12.136994],[-77.0292637,-12.1370527],[-77.0292402,-12.1371309],[-77.0291972,-12.1372129],[-77.0291524,-12.1373047],[-77.0291132,-12.1373926],[-77.0290996,-12.137461],[-77.0291152,-12.137545],[-77.0293985,-12.1376739],[-77.029375,-12.1377402],[-77.0291309,-12.1376601],[-77.029082,-12.1377579],[-77.0290527,-12.1378184],[-77.0290254,-12.1379062],[-77.029,-12.1380156],[-77.0289629,-12.1381035],[-77.0289257,-12.1381524],[-77.0288691,-12.1382246],[-77.0287969,-12.1383066],[-77.0287422,-12.1383985],[-77.028709,-12.1384785],[-77.0286934,-12.1385489],[-77.02867,-12.1386426],[-77.0286562,-12.1387207],[-77.0286172,-12.1387989],[-77.0285841,-12.1388711],[-77.0285625,-12.1389277],[-77.0284864,-12.1390252],[-77.0284492,-12.1390976],[-77.0284355,-12.1391641],[-77.0284277,-12.1392481],[-77.0284082,-12.139334],[-77.02842,-12.1394375],[-77.028457,-12.1395312],[-77.0285195,-12.1396035],[-77.0285664,-12.1396895],[-77.029541,-12.1401485],[-77.0294375,-12.1401406]],[[-77.0608319,-12.1079299],[-77.0606945,-12.1080097],[-77.0602753,-12.1081814],[-77.0599565,-12.1083603],[-77.0595389,-12.1086931],[-77.059146,-12.108982],[-77.058742,-12.1093637],[-77.0583959,-12.1096514],[-77.0577604,-12.1100961],[-77.0571032,-12.1105561],[-77.0564491,-12.1110468],[-77.0560187,-12.1112981]],[[-77.0285258,-12.1537312],[-77.0283897,-12.1541522],[-77.0273664,-12.1557351],[-77.0267502,-12.1556881],[-77.0266972,-12.1558781],[-77.0266523,-12.1560239],[-77.0265976,-12.1561559],[-77.0265763,-12.1563126],[-77.0265376,-12.1564728],[-77.026538,-12.1566152],[-77.0265152,-12.1568197],[-77.0265106,-12.1569613],[-77.026491,-12.1571157],[-77.0264454,-12.1573105]],[[-77.1808525,-11.8118464],[-77.1809541,-11.8119978],[-77.1809497,-11.8121491],[-77.18072,-11.812201],[-77.1805079,-11.8119632],[-77.1804416,-11.8118291],[-77.1805653,-11.8118162],[-77.1808525,-11.8118464]],[[-76.7809483,-12.412516],[-76.7809782,-12.4126184],[-76.7810052,-12.4127062],[-76.7811131,-12.4127677],[-76.781164,-12.4128584],[-76.7810921,-12.4128935],[-76.7808973,-12.412876],[-76.7807055,-12.4127999],[-76.7806066,-12.412756],[-76.7805767,-12.4127033],[-76.7805107,-12.4127004],[-76.7804988,-12.412633],[-76.7806366,-12.412554],[-76.7807085,-12.4125569],[-76.7807865,-12.4125189],[-76.7808704,-12.4124691],[-76.7809483,-12.412516]],[[-76.7813858,-12.4127852],[-76.7814697,-12.4128086],[-76.7814158,-12.4128847],[-76.7813439,-12.4129228],[-76.7812869,-12.4129052],[-76.781233,-12.4128672],[-76.781218,-12.4127706],[-76.7813049,-12.412753],[-76.7813858,-12.4127852]],[[-76.8168076,-12.3464887],[-76.8168379,-12.3465097],[-76.8168867,-12.346545],[-76.8169746,-12.3466055],[-76.8170586,-12.3466856],[-76.817127,-12.3467794],[-76.8171955,-12.3468594],[-76.8172812,-12.3469512],[-76.8173594,-12.3470215],[-76.8174374,-12.3471075],[-76.8175039,-12.3471836],[-76.8175625,-12.3472656],[-76.8175957,-12.3473789],[-76.8175742,-12.3474982],[-76.8175176,-12.347625],[-76.8174687,-12.3477441],[-76.8174472,-12.3478086],[-76.8174759,-12.3479818],[-76.8175327,-12.3480637],[-76.8179424,-12.3481633],[-76.8179476,-12.3481895],[-76.8179314,-12.348213],[-76.817642,-12.3481639],[-76.8176089,-12.3481729],[-76.8175918,-12.34822]],[[-76.8167482,-12.3459514],[-76.8166884,-12.3460975],[-76.8166721,-12.3461781],[-76.8166811,-12.3462682],[-76.8167089,-12.346336],[-76.8167226,-12.3464296],[-76.8168076,-12.3464887]],[[-76.8175496,-12.3504874],[-76.8175638,-12.3507226],[-76.8175307,-12.3510083],[-76.8178,-12.3512001],[-76.8177565,-12.3512221],[-76.8175546,-12.3511503],[-76.8173671,-12.3513307],[-76.8172891,-12.3518131]],[[-76.8172891,-12.3518131],[-76.8172342,-12.3520488],[-76.81703,-12.3524177],[-76.8165996,-12.3526739],[-76.8163399,-12.352711],[-76.8160586,-12.3527207],[-76.8159336,-12.3526739],[-76.8155761,-12.3526739],[-76.8153164,-12.3527892],[-76.8151558,-12.3528538],[-76.8150547,-12.3528945],[-76.8147051,-12.3530684],[-76.8145059,-12.3530586],[-76.8143125,-12.3531075],[-76.814207,-12.3532617],[-76.8140254,-12.3533204],[-76.8138867,-12.3533007],[-76.813627,-12.3534844],[-76.81325,-12.3536387],[-76.8129316,-12.3537832],[-76.8126329,-12.3539375],[-76.8123926,-12.3541601],[-76.811957,-12.3543614],[-76.8112715,-12.3546524],[-76.811041,-12.3548457],[-76.8107871,-12.3548867],[-76.8104414,-12.3550096],[-76.8103125,-12.3550919],[-76.8102209,-12.3551836],[-76.8098965,-12.3553652],[-76.8097129,-12.355459],[-76.8095781,-12.3555429],[-76.809082,-12.3557812],[-76.8085644,-12.3560957],[-76.8080976,-12.3562676],[-76.8076542,-12.356541],[-76.807207,-12.3566797],[-76.8068632,-12.3568164],[-76.8064512,-12.357039],[-76.805832,-12.357332],[-76.8055215,-12.3575762],[-76.8053066,-12.3576914],[-76.8050099,-12.3578809],[-76.804836,-12.3579492],[-76.8043577,-12.3582112],[-76.8040664,-12.3584297],[-76.8037722,-12.3586679],[-76.8034761,-12.3588048],[-76.8030195,-12.358961],[-76.8026784,-12.35912],[-76.8023243,-12.359367],[-76.8017773,-12.3597909],[-76.8014278,-12.3600683],[-76.8009257,-12.3604375],[-76.8004941,-12.360786],[-76.8002889,-12.3609581],[-76.8000851,-12.3611224],[-76.7998768,-12.3613836],[-76.7996505,-12.3617191],[-76.7994661,-12.3619496],[-76.7992851,-12.362192],[-76.7990845,-12.3625367],[-76.7988728,-12.3628985],[-76.7987936,-12.3631219],[-76.7987566,-12.3633147],[-76.7987569,-12.3635799],[-76.7988732,-12.3636691],[-76.7990023,-12.3637246],[-76.7992129,-12.3638426],[-76.7992346,-12.3638871],[-76.7992738,-12.3638988],[-76.7992776,-12.36392],[-76.7992525,-12.3639369],[-76.7992262,-12.3639255],[-76.7991901,-12.3639417],[-76.799163,-12.3639419],[-76.7991348,-12.3639348],[-76.7991272,-12.3640448],[-76.7991485,-12.3640187],[-76.7991869,-12.3640063],[-76.7992327,-12.3640139],[-76.7992607,-12.3639726],[-76.7992993,-12.3639619],[-76.7993143,-12.3639376],[-76.7993744,-12.3639598],[-76.7994404,-12.3640212],[-76.7994498,-12.3641128],[-76.7994824,-12.3641428],[-76.7995236,-12.3641435],[-76.799647,-12.3641345],[-76.7997264,-12.3641916],[-76.7997529,-12.3642073],[-76.7998101,-12.3641533],[-76.7998602,-12.3641755],[-76.7999381,-12.3641559],[-76.7999933,-12.3641897],[-76.8000346,-12.3642004],[-76.8001749,-12.3642399],[-76.80017,-12.3641528],[-76.8001812,-12.3641241],[-76.8002396,-12.3641311],[-76.8002813,-12.3642015],[-76.8002897,-12.3642688],[-76.8002435,-12.3643108],[-76.8002515,-12.3643622],[-76.8003067,-12.3643906],[-76.800319,-12.3644592],[-76.8002652,-12.3644573],[-76.8002426,-12.3644196],[-76.8002299,-12.3643824],[-76.8001787,-12.3643829],[-76.8001277,-12.3644071],[-76.8001081,-12.3644597],[-76.8000698,-12.3644762],[-76.8000375,-12.3644256],[-76.7999988,-12.3644463],[-76.7999986,-12.364496],[-76.8000497,-12.3645325],[-76.8000417,-12.3645591],[-76.7999674,-12.3645949],[-76.7999154,-12.3645593],[-76.7998495,-12.3645017],[-76.7997862,-12.3644401],[-76.7997003,-12.3644142],[-76.7996181,-12.3643618],[-76.7995346,-12.3643506],[-76.7994842,-12.3643137],[-76.7994837,-12.3642785],[-76.7994531,-12.3642286],[-76.7994181,-12.3641831],[-76.7993803,-12.3641562],[-76.7993345,-12.3642108],[-76.7993746,-12.3642498],[-76.7994265,-12.3643091],[-76.7994267,-12.3643419],[-76.7993926,-12.3643516],[-76.7993422,-12.3643654],[-76.7993041,-12.3644059],[-76.7992617,-12.3644044],[-76.7991951,-12.3643929],[-76.7991661,-12.3643515],[-76.7990738,-12.3643259],[-76.7990196,-12.3642919],[-76.7990075,-12.3642487],[-76.7990396,-12.3641478],[-76.7989614,-12.3641687],[-76.7988525,-12.3643292],[-76.7986345,-12.3645183],[-76.7984902,-12.3646294],[-76.7983502,-12.3648201],[-76.7983114,-12.3649523],[-76.7982033,-12.3652475],[-76.7981972,-12.3653947],[-76.7981905,-12.3655559],[-76.7982661,-12.3656745],[-76.7983172,-12.3656842],[-76.7983843,-12.3657297],[-76.798378,-12.3658186],[-76.7983907,-12.3659276],[-76.7984551,-12.3667656],[-76.7985136,-12.3669316],[-76.798627,-12.3670507],[-76.798791,-12.3672305],[-76.7991739,-12.3673575],[-76.7992871,-12.3673575],[-76.7994141,-12.3674121],[-76.799586,-12.3675976],[-76.7995781,-12.3677715],[-76.7996542,-12.36792],[-76.7997891,-12.3680996],[-76.7998027,-12.3682285],[-76.7997207,-12.368332],[-76.7996172,-12.3683399],[-76.7994882,-12.3685507],[-76.7993691,-12.3685586],[-76.7992187,-12.3685137],[-76.7991289,-12.3684297],[-76.799,-12.3683066],[-76.7989336,-12.36825],[-76.7988437,-12.3683555],[-76.7986797,-12.3685215],[-76.7985586,-12.3685586],[-76.7984766,-12.3686777],[-76.7983867,-12.3687226],[-76.7983047,-12.3688027],[-76.7982364,-12.3690156],[-76.7980039,-12.3690879],[-76.7979082,-12.3692695],[-76.797795,-12.3692851],[-76.7977129,-12.3693379],[-76.7976152,-12.3696231],[-76.7974805,-12.3696895],[-76.797375,-12.3698867],[-76.7971895,-12.369959],[-76.7971132,-12.3700879],[-76.7969257,-12.370168],[-76.796836,-12.370334],[-76.7967011,-12.3704101],[-76.7966406,-12.3705899],[-76.7965586,-12.3706641],[-76.7964297,-12.3707402],[-76.7964082,-12.3709121],[-76.7962186,-12.3710215],[-76.7961309,-12.3711972],[-76.7959629,-12.3712187],[-76.7958691,-12.371377],[-76.7957266,-12.3713985],[-76.7955469,-12.3716504],[-76.7955761,-12.3717285],[-76.7954336,-12.3717812],[-76.7952382,-12.3719004],[-76.7952167,-12.3720137],[-76.7951035,-12.3720879],[-76.7950136,-12.372291],[-76.7949239,-12.3723066],[-76.7948184,-12.3724336],[-76.7946621,-12.3726875],[-76.7944806,-12.3728222],[-76.794377,-12.3730039],[-76.7942481,-12.3730781],[-76.7940469,-12.3732656],[-76.7939121,-12.3734747],[-76.7936485,-12.3737754],[-76.7934551,-12.3739101],[-76.7932969,-12.374127],[-76.7931836,-12.3743145],[-76.7930722,-12.3744336],[-76.792959,-12.3747051],[-76.7928476,-12.3749082],[-76.7927129,-12.3752149],[-76.7926152,-12.3752441],[-76.792457,-12.3754844],[-76.7922559,-12.3756562],[-76.792082,-12.3758437],[-76.7918574,-12.376121],[-76.7917305,-12.37625],[-76.7914219,-12.3765722],[-76.791377,-12.3767149],[-76.7912734,-12.3768262],[-76.7911231,-12.3770137],[-76.791041,-12.3773379],[-76.7909726,-12.3774551],[-76.790873,-12.3777559],[-76.7907051,-12.3781387],[-76.7904336,-12.378334],[-76.7903066,-12.378586],[-76.7903516,-12.3787676],[-76.7903124,-12.378918],[-76.7901406,-12.3791132],[-76.7898945,-12.3791582],[-76.7896309,-12.3792402],[-76.7893906,-12.3796954],[-76.7891582,-12.3800506],[-76.7891445,-12.3801914],[-76.7890761,-12.3803281],[-76.7889491,-12.3805079],[-76.7888886,-12.3807695],[-76.7888066,-12.3811075],[-76.7886114,-12.381586],[-76.7886152,-12.3819004],[-76.7886035,-12.3823732],[-76.7887461,-12.3828007],[-76.7889193,-12.3830806],[-76.7890156,-12.3832364],[-76.7892266,-12.383461],[-76.789293,-12.3837011],[-76.789166,-12.3838125],[-76.7891814,-12.3838595],[-76.7892031,-12.3839256]],[[-76.8175918,-12.34822],[-76.8175501,-12.3483409],[-76.8174858,-12.3484758],[-76.8173614,-12.3488575]],[[-76.8173614,-12.3488575],[-76.8175792,-12.3490824],[-76.8176557,-12.3494363],[-76.8176961,-12.349469],[-76.8180019,-12.3495432],[-76.8181119,-12.3496125],[-76.8184073,-12.3497831],[-76.8184104,-12.3498219],[-76.8184029,-12.3498448],[-76.8183569,-12.3498538],[-76.8181169,-12.3497253],[-76.8179379,-12.3496497],[-76.817739,-12.3495993],[-76.8176732,-12.349607],[-76.8175826,-12.3497391],[-76.8175035,-12.3498531],[-76.8174937,-12.3501152],[-76.8175468,-12.3504414],[-76.8175496,-12.3504874]],[[-77.0335333,-12.1657355],[-77.0336445,-12.1655332],[-77.0342344,-12.1654101],[-77.0345351,-12.1652794],[-77.0355057,-12.165293],[-77.0366001,-12.1652999],[-77.0366512,-12.165324],[-77.0366473,-12.1653866],[-77.0366041,-12.1654062],[-77.0350776,-12.1653647],[-77.035108,-12.1655151],[-77.0350856,-12.1656086],[-77.0350871,-12.1657699],[-77.0350947,-12.1658934],[-77.0350959,-12.1660126],[-77.0350973,-12.1660857],[-77.0351187,-12.1661324],[-77.0351382,-12.166231],[-77.0352225,-12.1663844],[-77.0355815,-12.1663632],[-77.035723,-12.1663321],[-77.0357731,-12.1663625],[-77.0357709,-12.1664141],[-77.0357073,-12.1664639],[-77.0356366,-12.1665154],[-77.035644,-12.1666415],[-77.0356901,-12.1667209],[-77.03578,-12.1667896],[-77.0359682,-12.1668942],[-77.0361691,-12.166981],[-77.036382,-12.1668994],[-77.0364275,-12.1668996],[-77.0364679,-12.166951],[-77.0364269,-12.1670126],[-77.0362986,-12.1670831],[-77.0362894,-12.1671458],[-77.0364448,-12.1673347],[-77.0366127,-12.1674009],[-77.036716,-12.1674192],[-77.0368015,-12.1674456],[-77.0369133,-12.1674606],[-77.0371096,-12.1674831],[-77.0372392,-12.1674631],[-77.0378492,-12.1675206],[-77.0379733,-12.1674703],[-77.0381074,-12.1673363],[-77.0380287,-12.1672224],[-77.0378043,-12.166946],[-77.0374902,-12.1667181],[-77.0372489,-12.1656097],[-77.037345,-12.1655729],[-77.0375987,-12.1665566],[-77.0377372,-12.1667462],[-77.0382891,-12.1672204],[-77.038505,-12.1674855],[-77.0383396,-12.1677199],[-77.0382398,-12.1678407],[-77.0382626,-12.167932],[-77.0382403,-12.1680298],[-77.038243,-12.1681239],[-77.0382187,-12.1681895],[-77.0383027,-12.1682891],[-77.0384723,-12.1683229],[-77.0385895,-12.1683793],[-77.0385278,-12.1685353],[-77.0383301,-12.1685235],[-77.0382637,-12.1685117],[-77.0381836,-12.1684805],[-77.0381289,-12.1684531],[-77.0380059,-12.1684375],[-77.0380254,-12.1685],[-77.0381934,-12.1685802],[-77.0382637,-12.1686132],[-77.0383301,-12.1686485],[-77.038336,-12.1687129],[-77.0382364,-12.1687871],[-77.0381504,-12.1687051],[-77.0380917,-12.1687246],[-77.0381445,-12.1687871],[-77.0381035,-12.168832],[-77.0378906,-12.168832],[-77.037834,-12.1687715],[-77.0378189,-12.1689197],[-77.0377725,-12.1690778],[-77.0376929,-12.1691989],[-77.0376036,-12.1692464],[-77.0375668,-12.1693966],[-77.0374395,-12.1693906],[-77.0373926,-12.1694257],[-77.037334,-12.169416],[-77.0372735,-12.1694257],[-77.0372031,-12.1694316],[-77.037127,-12.1694004],[-77.0370684,-12.1694004],[-77.0371016,-12.1694726],[-77.0370625,-12.1695176],[-77.037,-12.1695097],[-77.0369491,-12.1694766],[-77.0368476,-12.1694454],[-77.0367891,-12.1694454],[-77.0367364,-12.1694766],[-77.0367812,-12.1695117],[-77.0368379,-12.1695294],[-77.0371095,-12.1696331],[-77.036907,-12.1697904],[-77.03675,-12.1697012],[-77.0366914,-12.1696836],[-77.0366191,-12.1696309],[-77.0365586,-12.1697129],[-77.0365137,-12.1698105],[-77.0364629,-12.1698945],[-77.0364297,-12.1699844],[-77.036377,-12.1700215],[-77.0363242,-12.1700566],[-77.0362617,-12.1700664],[-77.0362246,-12.1701114],[-77.0361777,-12.1702305],[-77.0361836,-12.170293],[-77.0362382,-12.1703222],[-77.0363345,-12.1703567],[-77.0364018,-12.170376],[-77.0364812,-12.1704074],[-77.0367827,-12.1704433],[-77.0369764,-12.1705317],[-77.0369239,-12.1706839],[-77.0368478,-12.1706766],[-77.036783,-12.1708187],[-77.0367128,-12.1709793],[-77.0365577,-12.1711017],[-77.0364954,-12.1711379],[-77.0364116,-12.1711365],[-77.0363356,-12.1710729],[-77.0361774,-12.171134],[-77.036127,-12.1710704],[-77.0360684,-12.1710527],[-77.0359882,-12.1709454],[-77.0358985,-12.1709101],[-77.0358457,-12.1709375],[-77.035799,-12.1709746],[-77.0357539,-12.1710274],[-77.0357149,-12.1710742],[-77.0357075,-12.171184],[-77.0356576,-12.1712511],[-77.0356144,-12.1713072],[-77.0355664,-12.1713987],[-77.0355114,-12.1714881],[-77.0354838,-12.1716043],[-77.0354173,-12.1717259],[-77.0353532,-12.1718523],[-77.0352792,-12.1719897],[-77.0352006,-12.1721436],[-77.0351236,-12.1723355],[-77.0352596,-12.1726077],[-77.0350469,-12.1728575],[-77.034623,-12.1727891],[-77.0345136,-12.1728985],[-77.0344825,-12.1729629],[-77.0343711,-12.1732266],[-77.0343399,-12.1733789],[-77.0342871,-12.1735255],[-77.0342266,-12.17366],[-77.0341601,-12.1737676],[-77.034008,-12.1740507],[-77.0339104,-12.1743308],[-77.0337964,-12.1746858],[-77.0337296,-12.1749099],[-77.0336895,-12.1750744],[-77.0336152,-12.175291],[-77.0335722,-12.1754454],[-77.0334687,-12.1762775],[-77.0334802,-12.1765916],[-77.0335373,-12.1768048],[-77.0336521,-12.1769998],[-77.033625,-12.1770566],[-77.0337307,-12.1772101],[-77.0337428,-12.177429],[-77.0337769,-12.1776154],[-77.0339021,-12.177826],[-77.033978,-12.1780606],[-77.03404,-12.1781967],[-77.0341025,-12.1783142],[-77.0341641,-12.1784277],[-77.0342891,-12.1785684],[-77.0344374,-12.1787481],[-77.0345586,-12.1788281],[-77.0347871,-12.178918],[-77.0348985,-12.1789434],[-77.0349531,-12.1789785],[-77.0350507,-12.1791231],[-77.0350782,-12.1791856],[-77.0352384,-12.1794101],[-77.0353185,-12.1794902],[-77.0354062,-12.1795527],[-77.035584,-12.1796972],[-77.0357031,-12.1797676],[-77.035793,-12.1798222],[-77.036043,-12.179875],[-77.036211,-12.1800176],[-77.0362481,-12.1800724],[-77.0363417,-12.1801347],[-77.0364257,-12.1801525],[-77.0366914,-12.1802754],[-77.0367989,-12.1803397],[-77.0369766,-12.1803829],[-77.0372441,-12.1804882],[-77.0374336,-12.1805332],[-77.0376329,-12.1805489],[-77.0378222,-12.1806485],[-77.0379629,-12.1807539],[-77.0381152,-12.1808164],[-77.0382871,-12.180877],[-77.0384824,-12.1809551],[-77.0386054,-12.1810507],[-77.0388125,-12.1811739],[-77.0390235,-12.1811816],[-77.0391035,-12.1812344],[-77.039168,-12.1813242],[-77.0392246,-12.1813691],[-77.0392676,-12.1814239],[-77.0392949,-12.181541],[-77.0393476,-12.18167],[-77.0394004,-12.1818417],[-77.0394414,-12.1819101],[-77.0394667,-12.1819825],[-77.0395,-12.1820684],[-77.0395507,-12.1821367],[-77.039543,-12.1822246],[-77.0394726,-12.1823887],[-77.0394004,-12.1826152],[-77.0393789,-12.1827422],[-77.0393242,-12.1828965],[-77.0392344,-12.1831504],[-77.0391836,-12.183375],[-77.0391777,-12.1835391],[-77.0391935,-12.1836836],[-77.0391797,-12.1837735],[-77.0391405,-12.1839902],[-77.0391329,-12.184168],[-77.0390117,-12.1843437],[-77.0389882,-12.1844531],[-77.0389687,-12.1845976],[-77.038957,-12.1846875],[-77.0388906,-12.1849141],[-77.0388222,-12.1851329],[-77.038795,-12.1853125],[-77.0387715,-12.1854766],[-77.038795,-12.1855489],[-77.0388809,-12.185631],[-77.0389239,-12.185709],[-77.038916,-12.1857812],[-77.0388829,-12.1858731],[-77.0388301,-12.1859629],[-77.0387891,-12.1860625],[-77.0387754,-12.1861347],[-77.0387617,-12.1862891],[-77.0387792,-12.1863887],[-77.0388242,-12.1864882],[-77.0388789,-12.1865586],[-77.0389472,-12.186625],[-77.039,-12.186668],[-77.0390957,-12.1867207],[-77.0391895,-12.186791],[-77.0392579,-12.186877],[-77.0392949,-12.1869531],[-77.0393145,-12.1870489],[-77.0393555,-12.1871172],[-77.0394219,-12.1871799],[-77.039502,-12.187293],[-77.0395195,-12.1873674],[-77.0395195,-12.1875312],[-77.0395039,-12.1876387],[-77.0394667,-12.1878204],[-77.0394629,-12.1879472],[-77.0394551,-12.1881035],[-77.0394257,-12.1881739],[-77.0393867,-12.1882285],[-77.039291,-12.1882832],[-77.0391231,-12.1883555],[-77.0390136,-12.1884376],[-77.0389434,-12.1885351],[-77.038918,-12.1886016],[-77.0388242,-12.1888887],[-77.038795,-12.1889825],[-77.0387792,-12.1891445],[-77.0387657,-12.1891992],[-77.0387325,-12.1892637],[-77.0386289,-12.1893731],[-77.0385684,-12.1894492],[-77.0385117,-12.1895722],[-77.0384785,-12.1896992],[-77.0384551,-12.189834],[-77.038457,-12.1900391],[-77.038502,-12.1902267],[-77.0385957,-12.1903261],[-77.038627,-12.1904297],[-77.0386329,-12.1905744],[-77.0386584,-12.1908086],[-77.0387051,-12.1909082],[-77.0387422,-12.1909531],[-77.0388417,-12.1910021],[-77.0389511,-12.1910586],[-77.0390156,-12.1911366],[-77.0390664,-12.1912676],[-77.0391405,-12.1913789],[-77.0391562,-12.1915274],[-77.0391836,-12.1916114],[-77.0392422,-12.1916446],[-77.039291,-12.1917129],[-77.039334,-12.1918887],[-77.0393829,-12.1920059],[-77.0394024,-12.1921132],[-77.0394004,-12.1922226],[-77.0393807,-12.1923184],[-77.0394414,-12.1923809],[-77.0395235,-12.1923847],[-77.039621,-12.1924375],[-77.0396777,-12.1925371],[-77.0397695,-12.192627],[-77.0398125,-12.192707],[-77.0398047,-12.1928164],[-77.0398027,-12.1929239],[-77.0398341,-12.1930334],[-77.039836,-12.1930957],[-77.0397871,-12.1931777],[-77.0397051,-12.1932676],[-77.0396114,-12.1933047],[-77.0396641,-12.1933496],[-77.0397051,-12.1934044],[-77.0397246,-12.1934669],[-77.0397051,-12.1935312],[-77.0396347,-12.193584],[-77.0395469,-12.1936132],[-77.0394726,-12.1936172],[-77.0393731,-12.1936035],[-77.039332,-12.1935332],[-77.0392792,-12.1934337],[-77.039209,-12.1933985],[-77.0391289,-12.1934257],[-77.0391172,-12.1934902],[-77.0390781,-12.193545],[-77.0390156,-12.1935176],[-77.0389472,-12.1935195],[-77.0388399,-12.1935664],[-77.0386972,-12.193709],[-77.0385722,-12.1938106],[-77.0384355,-12.1939922],[-77.0381816,-12.1942441],[-77.0379277,-12.1945117],[-77.0378047,-12.1946739],[-77.0376542,-12.1948106],[-77.0373985,-12.1950489],[-77.0370801,-12.1954297],[-77.0369961,-12.1955294],[-77.0368146,-12.1957129],[-77.0365274,-12.1960039],[-77.0364902,-12.1960586],[-77.0362636,-12.1962675],[-77.0361562,-12.1963555],[-77.0360409,-12.1964766],[-77.0359941,-12.1965469],[-77.035875,-12.1966777],[-77.0357402,-12.1968145],[-77.0357051,-12.196875],[-77.0356055,-12.1969981],[-77.0354844,-12.1972051],[-77.0353379,-12.1974219],[-77.0351934,-12.1976875],[-77.0350937,-12.1978672],[-77.0349551,-12.1981211],[-77.0348007,-12.1982851],[-77.0346505,-12.1985294],[-77.0344785,-12.1989472],[-77.0343614,-12.1992285],[-77.034293,-12.1994454],[-77.0341934,-12.1996895],[-77.0341582,-12.1998711],[-77.0340996,-12.2001621],[-77.0340645,-12.2005137],[-77.0341154,-12.2007304],[-77.0341406,-12.2009551],[-77.034168,-12.2010097],[-77.0342246,-12.201045],[-77.0343145,-12.2010801],[-77.0344102,-12.201166],[-77.0344141,-12.2012617],[-77.0343066,-12.2013965],[-77.0341601,-12.2014961],[-77.0341544,-12.2015527],[-77.0342207,-12.2015507],[-77.0343437,-12.2015137],[-77.0344102,-12.2015137],[-77.0344667,-12.201541],[-77.0344941,-12.2015957],[-77.0344941,-12.2016661],[-77.0344687,-12.2017754],[-77.034461,-12.2018399],[-77.0345722,-12.2018652],[-77.0346172,-12.2019257],[-77.0347011,-12.2019551],[-77.0348731,-12.2019257],[-77.0349414,-12.2019512],[-77.0350566,-12.2019512],[-77.0351114,-12.2019707],[-77.0351719,-12.2019687],[-77.0352167,-12.2020059],[-77.0352891,-12.2021211],[-77.0353729,-12.202166],[-77.0354239,-12.2022169],[-77.0354355,-12.2023027],[-77.0354766,-12.2023614],[-77.035541,-12.2023281],[-77.0355937,-12.202291],[-77.0356524,-12.202291],[-77.0357051,-12.2023184],[-77.035795,-12.2022382],[-77.0359042,-12.202254],[-77.0360409,-12.2023145],[-77.0361719,-12.2024004],[-77.036254,-12.2024825],[-77.0363242,-12.2025762],[-77.0363847,-12.2027031],[-77.0364239,-12.2027969],[-77.0364415,-12.2028926],[-77.0364277,-12.2029551],[-77.0363632,-12.2029961],[-77.0362774,-12.2030274],[-77.0362129,-12.2031092],[-77.0361954,-12.2031641],[-77.0362617,-12.2031856],[-77.0363555,-12.2031544],[-77.0364686,-12.2030801],[-77.0365527,-12.2030351],[-77.036625,-12.203084],[-77.0366777,-12.2031426],[-77.0366777,-12.2032051],[-77.0366504,-12.203332],[-77.0366641,-12.2033867],[-77.0367129,-12.2034766],[-77.0367597,-12.2035195],[-77.0368047,-12.2035742],[-77.0368906,-12.2036114],[-77.0369687,-12.2036075],[-77.0370704,-12.2035684],[-77.0371406,-12.2035547],[-77.0371972,-12.2035626],[-77.0372696,-12.203625],[-77.0373417,-12.2037169],[-77.0374219,-12.203832],[-77.0374882,-12.2038945],[-77.0375996,-12.2039766],[-77.0376601,-12.2040294],[-77.037709,-12.204084],[-77.0377597,-12.2041641],[-77.0377891,-12.20425],[-77.0378222,-12.2043262],[-77.0379082,-12.2044082],[-77.0379551,-12.2044531],[-77.0379882,-12.2045371],[-77.0380215,-12.2046152],[-77.0380079,-12.2046934],[-77.0380156,-12.2047597],[-77.037959,-12.2048106],[-77.037875,-12.20475],[-77.0378242,-12.2046426],[-77.0377754,-12.2045664],[-77.0376895,-12.2044629],[-77.0375937,-12.2043926],[-77.0374629,-12.2043301],[-77.0373711,-12.2043047],[-77.0373575,-12.2044649],[-77.0373965,-12.2045566],[-77.037459,-12.2046524],[-77.037545,-12.2047266],[-77.0375976,-12.2047617],[-77.0376875,-12.2048789],[-77.0377636,-12.2049941],[-77.0378125,-12.2050859],[-77.037877,-12.2053027],[-77.037883,-12.2054551],[-77.0378926,-12.2055274],[-77.037883,-12.2055939],[-77.0378437,-12.2056465],[-77.0377305,-12.2056562],[-77.0376485,-12.2056445],[-77.0375332,-12.205586],[-77.0374707,-12.2055586],[-77.0374101,-12.2055682],[-77.0373066,-12.2056367],[-77.037248,-12.2057051],[-77.0372031,-12.2058047],[-77.037125,-12.2059142],[-77.0371035,-12.2060235],[-77.0370645,-12.2061406],[-77.0370215,-12.2062402],[-77.0369669,-12.2063222],[-77.0369062,-12.2063575],[-77.0367989,-12.206377],[-77.0366954,-12.206377],[-77.0365527,-12.2063692],[-77.036461,-12.2063906],[-77.0363574,-12.2063262],[-77.0363106,-12.2062989],[-77.0362441,-12.206291],[-77.0361347,-12.2063281],[-77.0360312,-12.2063106],[-77.0359375,-12.2063281],[-77.035836,-12.2063945],[-77.0357617,-12.2063945],[-77.0357051,-12.2063496],[-77.0356699,-12.2062226],[-77.0356115,-12.2061504],[-77.0355215,-12.2060606],[-77.0354336,-12.2059922],[-77.0353729,-12.2060079],[-77.0353516,-12.2060625],[-77.0353614,-12.2061347],[-77.0354199,-12.2062422],[-77.0354629,-12.2063614],[-77.0355097,-12.2065037],[-77.0355625,-12.2066035],[-77.0355489,-12.206711],[-77.0354336,-12.2067597],[-77.0353457,-12.206744],[-77.0352639,-12.2066231],[-77.0352364,-12.2065606],[-77.0351699,-12.2065097],[-77.0351211,-12.206625],[-77.0350332,-12.2066875],[-77.0350764,-12.2068379],[-77.035082,-12.2070684],[-77.0351114,-12.2071446],[-77.0350704,-12.2072305],[-77.035002,-12.2072754],[-77.0349356,-12.2072754],[-77.034875,-12.20725],[-77.0348007,-12.2071601],[-77.0347636,-12.2071055],[-77.0347422,-12.2070527],[-77.0346386,-12.2069707],[-77.0345879,-12.2069454],[-77.034584,-12.2070312],[-77.0346289,-12.207125],[-77.034707,-12.2071875],[-77.0347324,-12.2072402],[-77.0347031,-12.207334],[-77.034582,-12.2074141],[-77.034461,-12.2073965],[-77.034377,-12.2073574],[-77.0343086,-12.2072969],[-77.0342382,-12.2071191],[-77.0341562,-12.2070117],[-77.0341329,-12.206959],[-77.0340761,-12.2068575],[-77.0340235,-12.2068066],[-77.0339687,-12.2068222],[-77.0339844,-12.2068769],[-77.0340527,-12.2069492],[-77.0340897,-12.2071016],[-77.0340274,-12.207166],[-77.0339552,-12.2071367],[-77.0338399,-12.2069492],[-77.0337637,-12.2067149],[-77.033748,-12.2065957],[-77.0337012,-12.2065059],[-77.033625,-12.2065],[-77.0335781,-12.2065371],[-77.0335235,-12.2064687],[-77.0334864,-12.206543],[-77.0334395,-12.2066095],[-77.0333829,-12.2066095],[-77.0333632,-12.2065567],[-77.0333516,-12.2064922],[-77.0332989,-12.2064434],[-77.0332187,-12.2064922],[-77.0331485,-12.2065292],[-77.0328652,-12.2065235],[-77.0327754,-12.2065781],[-77.0326426,-12.2066641],[-77.0325527,-12.2066875],[-77.0322382,-12.206791],[-77.0321411,-12.2068484],[-77.0320247,-12.2069171],[-77.0319767,-12.2069454],[-77.0318164,-12.2070372],[-77.031584,-12.2071465],[-77.0313867,-12.2072031],[-77.0312285,-12.2072794],[-77.0310351,-12.2073867],[-77.0308417,-12.2074395],[-77.0307851,-12.2074512],[-77.0306426,-12.2074922],[-77.0303672,-12.207582],[-77.0303242,-12.2076387],[-77.0300819,-12.207711],[-77.0298164,-12.207711],[-77.0296347,-12.2078222],[-77.0294766,-12.207832],[-77.029416,-12.2078496],[-77.0293379,-12.2079316],[-77.0292285,-12.2079864],[-77.0290704,-12.2079882],[-77.0289511,-12.2080351],[-77.0288125,-12.2081504],[-77.02867,-12.2081602],[-77.0285156,-12.2082539],[-77.0284707,-12.2083007],[-77.0283711,-12.2083459],[-77.0281544,-12.2083575],[-77.0280137,-12.208457],[-77.0278496,-12.2085391],[-77.0276621,-12.2085861],[-77.0275781,-12.2086504],[-77.0275235,-12.2087325],[-77.0274492,-12.2087715],[-77.0273399,-12.2087969],[-77.0271524,-12.2087794],[-77.027084,-12.2087989],[-77.0269746,-12.2088614],[-77.0268516,-12.208881],[-77.0267579,-12.208918],[-77.0267129,-12.2089629],[-77.0266641,-12.209],[-77.0265996,-12.2090351],[-77.026498,-12.209082],[-77.0263867,-12.2091055],[-77.0262695,-12.2091347],[-77.0261954,-12.2091855],[-77.0261211,-12.2092402],[-77.0260351,-12.2092676],[-77.025916,-12.2092735],[-77.0258301,-12.2093047],[-77.0257791,-12.2093476],[-77.0257382,-12.2093867],[-77.0256836,-12.2094239],[-77.0255976,-12.2094336],[-77.025375,-12.2094707],[-77.0252656,-12.2095351],[-77.0251992,-12.2095957],[-77.0251289,-12.2096347],[-77.0250567,-12.2096445],[-77.0249649,-12.2096544],[-77.0248867,-12.2097012],[-77.0248204,-12.2097715],[-77.0247246,-12.2098125],[-77.024668,-12.2098204],[-77.0245899,-12.2098204],[-77.0244882,-12.2098399],[-77.0244024,-12.2099101],[-77.0243379,-12.2099746],[-77.0242792,-12.210004],[-77.0241972,-12.2100137],[-77.024125,-12.2100137],[-77.024043,-12.2100332],[-77.0239667,-12.2100839],[-77.0238807,-12.2101915],[-77.0237734,-12.2102344],[-77.023666,-12.210252],[-77.0235391,-12.2102714],[-77.0234922,-12.2103066],[-77.0234316,-12.2103496],[-77.0233614,-12.2103437],[-77.0233086,-12.2103535],[-77.0231836,-12.2104004],[-77.0231406,-12.2104454],[-77.0230722,-12.2105],[-77.023,-12.2105097],[-77.0228379,-12.2105371],[-77.0227754,-12.2105742],[-77.0226855,-12.210666],[-77.022584,-12.2106934],[-77.0224687,-12.2106934],[-77.022383,-12.2107226],[-77.0223204,-12.2108086],[-77.022248,-12.2108496],[-77.0221719,-12.210875],[-77.0221152,-12.2108945],[-77.022041,-12.2108965],[-77.0219864,-12.2109239],[-77.0219316,-12.2109785],[-77.0218516,-12.2110332],[-77.0217539,-12.2110507],[-77.0216641,-12.2110625],[-77.0215704,-12.2110879],[-77.0215079,-12.211125],[-77.0213886,-12.2111836],[-77.0212382,-12.2112187],[-77.0211329,-12.2112285],[-77.021086,-12.2112656],[-77.0210351,-12.2113222],[-77.0209864,-12.2113555],[-77.0209239,-12.2113829],[-77.0207989,-12.2114121],[-77.0207246,-12.2114746],[-77.0206466,-12.211502],[-77.0205645,-12.2115469],[-77.0204667,-12.2116016],[-77.0203829,-12.2116406],[-77.0203222,-12.2116582],[-77.020246,-12.2116954],[-77.0201562,-12.2117226],[-77.0200996,-12.2117324],[-77.0200469,-12.2117832],[-77.0199824,-12.211834],[-77.0199259,-12.2118691],[-77.0198575,-12.2118965],[-77.0197655,-12.21192],[-77.0196797,-12.2119375],[-77.0195742,-12.2119531],[-77.0195176,-12.2119726],[-77.0194511,-12.2120332],[-77.0193437,-12.212086],[-77.0192597,-12.2121094],[-77.0192051,-12.2121191],[-77.0191152,-12.2121465],[-77.0190274,-12.2121757],[-77.0189649,-12.2122209],[-77.0188965,-12.2122656],[-77.0188066,-12.2122891],[-77.0187382,-12.2123086],[-77.0186757,-12.2123496],[-77.0185917,-12.2124355],[-77.0184629,-12.2124941],[-77.0183691,-12.2125117],[-77.0182579,-12.2125332],[-77.0181836,-12.212586],[-77.0181172,-12.2126329],[-77.0180391,-12.2126426],[-77.0179375,-12.2126524],[-77.017832,-12.2126895],[-77.017707,-12.2127579],[-77.0176504,-12.212791],[-77.0175489,-12.2128281],[-77.0174375,-12.2128829],[-77.0173815,-12.2129111],[-77.0173147,-12.2129373],[-77.0171853,-12.2129804],[-77.0171322,-12.2130209],[-77.0170684,-12.2130469],[-77.017002,-12.2130664],[-77.0169449,-12.213086],[-77.0168924,-12.2131093],[-77.0168017,-12.2131579],[-77.0166954,-12.213211],[-77.0165742,-12.2132539],[-77.016502,-12.2132676],[-77.0164256,-12.2133027],[-77.016334,-12.213334],[-77.0162305,-12.2133965],[-77.0161211,-12.2134649],[-77.0160351,-12.2134882],[-77.0159726,-12.2135],[-77.0158945,-12.2135176],[-77.0157695,-12.2135489],[-77.0156739,-12.213627],[-77.0156152,-12.2136719],[-77.0155176,-12.2137226],[-77.0154395,-12.2137364],[-77.015375,-12.2137579],[-77.0152792,-12.2137559],[-77.015211,-12.213793],[-77.0151641,-12.213832],[-77.0151016,-12.2138809],[-77.0150391,-12.2139219],[-77.014955,-12.2139454],[-77.0148789,-12.2139492],[-77.0148125,-12.2139766],[-77.0147675,-12.214041],[-77.0146992,-12.2140937],[-77.014627,-12.2141132],[-77.0144707,-12.2141152],[-77.014416,-12.2141445],[-77.0143632,-12.2141895],[-77.0143184,-12.2142246],[-77.0142715,-12.2142695],[-77.0142149,-12.2143067],[-77.0141132,-12.214336],[-77.0140117,-12.2143535],[-77.0138261,-12.2143926],[-77.0137774,-12.2144356],[-77.0137305,-12.2144726],[-77.0136066,-12.2145068],[-77.0135489,-12.2145156],[-77.0134805,-12.2145294],[-77.0134199,-12.2145547],[-77.013326,-12.2146387],[-77.0132364,-12.214666],[-77.0131485,-12.2146582],[-77.0130957,-12.2146856],[-77.0130449,-12.2147676],[-77.0129687,-12.2148184],[-77.0128847,-12.2148222],[-77.0127695,-12.2148594],[-77.0126445,-12.2149785],[-77.0125332,-12.2149941],[-77.0123985,-12.2150312],[-77.0123281,-12.2150802],[-77.0122579,-12.2151349],[-77.0122051,-12.215162],[-77.012083,-12.215184],[-77.0120256,-12.2152041],[-77.0119115,-12.2152626],[-77.0118282,-12.2152774],[-77.011752,-12.215332],[-77.0116875,-12.2153731],[-77.0116309,-12.2153926],[-77.0115664,-12.2154062],[-77.0114687,-12.2154472],[-77.0113867,-12.215459],[-77.0112735,-12.2154844],[-77.0111797,-12.2155391],[-77.0110996,-12.215586],[-77.0110371,-12.2156132],[-77.0109766,-12.2156329],[-77.0109004,-12.2156582],[-77.0108437,-12.215668],[-77.0107832,-12.2156992],[-77.0107226,-12.2157441],[-77.0106426,-12.2158125],[-77.0105194,-12.2158437],[-77.0104511,-12.2158711],[-77.010375,-12.215877],[-77.0102617,-12.215918],[-77.0101836,-12.2159512],[-77.0101094,-12.2160079],[-77.0100235,-12.2160606],[-77.009961,-12.2160919],[-77.0098965,-12.2161114],[-77.0098007,-12.2161289],[-77.0097305,-12.2161367],[-77.0096426,-12.2162129],[-77.0095917,-12.2162676],[-77.0095274,-12.2163105],[-77.0093789,-12.2163457],[-77.0092695,-12.2163594],[-77.0092031,-12.2164004],[-77.0091485,-12.2164395],[-77.009086,-12.2164961],[-77.0089649,-12.2165507],[-77.0088457,-12.216578],[-77.0087774,-12.2166191],[-77.0086582,-12.2166972],[-77.0085899,-12.216752],[-77.0085235,-12.2167676],[-77.0084297,-12.216791],[-77.0083125,-12.2167891],[-77.0082422,-12.2167989],[-77.0081895,-12.2168182],[-77.0081309,-12.2168632],[-77.0080625,-12.216918],[-77.0080079,-12.2169454],[-77.0079551,-12.2169649],[-77.0077871,-12.2169844],[-77.007707,-12.2170176],[-77.0076347,-12.217084],[-77.007582,-12.2171211],[-77.0075117,-12.2171406],[-77.0074219,-12.2171485],[-77.0073525,-12.2171975],[-77.0072896,-12.2172418],[-77.0072031,-12.2172637],[-77.0071465,-12.2173222],[-77.0070899,-12.2173496],[-77.0070274,-12.2173517],[-77.0069531,-12.2173965],[-77.0068496,-12.2174219],[-77.0068005,-12.2174597],[-77.0067458,-12.2174749],[-77.0066465,-12.2175159],[-77.0065543,-12.2175469],[-77.0064922,-12.2175722],[-77.0064395,-12.2176016],[-77.0063711,-12.2176347],[-77.0063145,-12.2176544],[-77.0062344,-12.2176641],[-77.0061092,-12.2177012],[-77.0060391,-12.2177382],[-77.005957,-12.2177832],[-77.005875,-12.2178301],[-77.0057735,-12.2178476],[-77.0056875,-12.2178672],[-77.0056016,-12.2179257],[-77.0055507,-12.2179667],[-77.0054981,-12.2179942],[-77.0054297,-12.2180274],[-77.0053557,-12.2180486],[-77.0052762,-12.2180705],[-77.005212,-12.2181061],[-77.0051211,-12.2181504],[-77.0050625,-12.2181972],[-77.0050079,-12.2182149],[-77.0049511,-12.2182149],[-77.0048867,-12.2182246],[-77.0048105,-12.2182305],[-77.0047422,-12.218291],[-77.0046621,-12.2183419],[-77.0045761,-12.2183632],[-77.0044823,-12.2183918],[-77.0044076,-12.2184187],[-77.0043431,-12.2184576],[-77.0042794,-12.2184892],[-77.0042127,-12.2185469],[-77.0041485,-12.2185821],[-77.0040879,-12.2186191],[-77.0040176,-12.2186289],[-77.0039375,-12.2186211],[-77.0038242,-12.2186387],[-77.0037676,-12.2186856],[-77.0037322,-12.2187325],[-77.0037031,-12.218793],[-77.0036524,-12.2188301],[-77.0035937,-12.2188495],[-77.0034454,-12.2188789],[-77.0033691,-12.2189141],[-77.0033125,-12.2189395],[-77.0032617,-12.2189707],[-77.0030919,-12.2190332],[-77.0030136,-12.2190704],[-77.0029569,-12.2191074],[-77.0028945,-12.2191427],[-77.0028224,-12.2191875],[-77.002752,-12.2192325],[-77.0026797,-12.2192735],[-77.0026191,-12.2192891],[-77.0025527,-12.2193106],[-77.0024629,-12.2193086],[-77.0024418,-12.2193135],[-77.0023867,-12.2193262],[-77.0023164,-12.2194024],[-77.0022656,-12.2194922],[-77.0021406,-12.2195097],[-77.0020241,-12.2194912],[-77.0019598,-12.2195181],[-77.0018793,-12.2195338],[-77.001805,-12.219579],[-77.0017891,-12.2195919],[-77.0017149,-12.2196426],[-77.0016309,-12.2196739],[-77.0015605,-12.2196856],[-77.001461,-12.2197051],[-77.0013476,-12.2197774],[-77.0013027,-12.2198242],[-77.0012324,-12.2198632],[-77.0011465,-12.2198985],[-77.0010566,-12.2199141],[-77.0009784,-12.2199239],[-77.000918,-12.2199629],[-77.0008672,-12.2200079],[-77.0007969,-12.2200547],[-77.000668,-12.220082],[-77.0005664,-12.2200996],[-77.0005,-12.2201191],[-77.0004454,-12.2201544],[-77.0003985,-12.2202012],[-77.0003261,-12.220252],[-77.0001875,-12.2202929],[-77.0001132,-12.2202832],[-77.0000391,-12.2202851],[-76.9999687,-12.2203145],[-76.9998985,-12.2203632],[-76.9997969,-12.2204414],[-76.9997266,-12.2204902],[-76.9996601,-12.2205176],[-76.9995801,-12.2205312],[-76.9995097,-12.2205391],[-76.9994257,-12.2205704],[-76.9993691,-12.2206094],[-76.9993184,-12.2206524],[-76.9992404,-12.2206836],[-76.9991485,-12.220707],[-76.9990547,-12.2207246],[-76.9989941,-12.2207344],[-76.9989257,-12.2207637],[-76.998875,-12.220791],[-76.9987989,-12.2208536],[-76.9987226,-12.2209004],[-76.9986544,-12.220918],[-76.9985684,-12.2209551],[-76.9985097,-12.2210195],[-76.9984336,-12.2210664],[-76.9983535,-12.221084],[-76.9981895,-12.221084],[-76.9981231,-12.2210939],[-76.9980646,-12.2211132],[-76.9980176,-12.2211504],[-76.9979845,-12.2211954],[-76.9979062,-12.2212382],[-76.9978145,-12.2212676],[-76.997752,-12.2212851],[-76.9976524,-12.221336],[-76.997582,-12.2214004],[-76.9975391,-12.2214415],[-76.9974765,-12.221459],[-76.9974004,-12.221467],[-76.9973047,-12.2214629],[-76.9972169,-12.2214805],[-76.997123,-12.2215254],[-76.9970684,-12.2215625],[-76.996957,-12.2216817],[-76.996873,-12.2217441],[-76.9968087,-12.2217637],[-76.9967324,-12.2217559],[-76.9966465,-12.2217441],[-76.9965899,-12.2217832],[-76.9965155,-12.2218379],[-76.9963926,-12.2218847],[-76.996332,-12.2218926],[-76.9962695,-12.2219121],[-76.9961601,-12.221957],[-76.996088,-12.2220176],[-76.996,-12.2220606],[-76.9959082,-12.222082],[-76.9958261,-12.2221016],[-76.995748,-12.2221075],[-76.9956621,-12.2221309],[-76.995584,-12.2221992],[-76.9955274,-12.222252],[-76.9954669,-12.2222794],[-76.9953867,-12.2223007],[-76.9953145,-12.2223535],[-76.9952596,-12.2223809],[-76.995211,-12.222416],[-76.9951504,-12.2224355],[-76.9950879,-12.2224454],[-76.9949922,-12.2224629],[-76.9949277,-12.2224922],[-76.9948731,-12.2225586],[-76.9948145,-12.2226094],[-76.9947597,-12.2226367],[-76.9946836,-12.222666],[-76.9945,-12.2227285],[-76.9943614,-12.2228302],[-76.9940507,-12.2229669],[-76.9939336,-12.2229961],[-76.9937597,-12.2230507],[-76.9936347,-12.2230742],[-76.9934902,-12.2231347],[-76.993295,-12.223207],[-76.993123,-12.2233262],[-76.9926757,-12.2234961],[-76.992627,-12.2235645],[-76.9924882,-12.223625],[-76.9924002,-12.2236309],[-76.9923007,-12.2236621],[-76.9922559,-12.2236972],[-76.9922012,-12.2237305],[-76.9920684,-12.2237774],[-76.9919805,-12.2238419],[-76.9919197,-12.2238691],[-76.9918027,-12.2238867],[-76.9916954,-12.2239336],[-76.991627,-12.2239981],[-76.9915605,-12.2240527],[-76.9914647,-12.2240877],[-76.9913965,-12.2241075],[-76.9913281,-12.2241172],[-76.9911739,-12.2241719],[-76.9911152,-12.2241816],[-76.9909492,-12.2242285],[-76.990711,-12.2243476],[-76.9906114,-12.2244121],[-76.9904844,-12.2244492],[-76.9903789,-12.2244669],[-76.9903047,-12.2244864],[-76.9902266,-12.224541],[-76.9900957,-12.224582],[-76.989957,-12.2246387],[-76.9898145,-12.2247735],[-76.9896544,-12.2248437],[-76.9895957,-12.2248789],[-76.9895392,-12.2248985],[-76.9894512,-12.2249531],[-76.9893379,-12.2250079],[-76.9891542,-12.2250606],[-76.988666,-12.2252754],[-76.9883301,-12.2253496],[-76.9882322,-12.2254219],[-76.988166,-12.225504],[-76.9880039,-12.225541],[-76.9879395,-12.2255332],[-76.9877851,-12.2255704],[-76.9875391,-12.2257285],[-76.9873224,-12.2258184],[-76.9871855,-12.2259277],[-76.9869297,-12.2260371],[-76.9864297,-12.2261504],[-76.9863067,-12.2262774],[-76.9855781,-12.2265176],[-76.9853182,-12.2266719],[-76.9849454,-12.2267754],[-76.9844551,-12.2269669],[-76.9831992,-12.2276465],[-76.982584,-12.2278125],[-76.9821524,-12.2280429],[-76.9819941,-12.2280801],[-76.9817266,-12.2281367],[-76.9813867,-12.2283281],[-76.9809395,-12.2284121],[-76.9804687,-12.2286504],[-76.9795664,-12.2291719],[-76.9791191,-12.2292754],[-76.9788497,-12.2293887],[-76.9783614,-12.2295976],[-76.9780899,-12.229793],[-76.9777559,-12.2299277],[-76.9775879,-12.230043],[-76.9773887,-12.2301815],[-76.9773066,-12.2301895],[-76.9771954,-12.2302031],[-76.9762207,-12.230625],[-76.9759232,-12.2307892]],[[-77.0328255,-12.165178],[-77.0329118,-12.1651242],[-77.0329883,-12.1650724],[-77.0330186,-12.1649745],[-77.0331734,-12.1648961],[-77.0332548,-12.1649323],[-77.0332354,-12.1650365],[-77.0330741,-12.1651465],[-77.0331426,-12.1652031],[-77.0331739,-12.1652617],[-77.0331914,-12.1653184],[-77.0332285,-12.1653749],[-77.0332754,-12.165416],[-77.0333125,-12.1654922],[-77.0334121,-12.1655762],[-77.0335333,-12.1657355]],[[-77.0323056,-12.1656559],[-77.032431,-12.1654194],[-77.0325065,-12.1653322],[-77.0328255,-12.165178]],[[-77.0314404,-12.1651238],[-77.0314969,-12.1651453],[-77.0315228,-12.165188],[-77.0316021,-12.1652576],[-77.031775,-12.1654363],[-77.0319041,-12.1655135],[-77.0320364,-12.165617],[-77.0321965,-12.1656576],[-77.0323056,-12.1656559]],[[-77.2317468,-12.1285098],[-77.2317541,-12.1285255],[-77.2317676,-12.1285406],[-77.2317555,-12.1285681],[-77.2317371,-12.1285645],[-77.2317356,-12.1285676],[-77.2317441,-12.1285878],[-77.2317374,-12.1286219],[-77.2317005,-12.1286238],[-77.2316793,-12.1286212],[-77.2316697,-12.1286081],[-77.2316717,-12.1285891],[-77.2316723,-12.1285596],[-77.2316945,-12.1285406],[-77.2316951,-12.1285144],[-77.2317226,-12.1285065],[-77.2317468,-12.1285098]],[[-77.2310017,-12.1281806],[-77.231087,-12.1282838],[-77.2311208,-12.1283143],[-77.2310913,-12.1283409],[-77.2311073,-12.128354],[-77.2311073,-12.1284234],[-77.2311078,-12.1284791],[-77.2310971,-12.1285483],[-77.2310784,-12.1285714],[-77.2310563,-12.1285749],[-77.2310375,-12.1285622],[-77.2310135,-12.1285126],[-77.2309924,-12.1284862],[-77.2309594,-12.1284424],[-77.2309121,-12.1284044],[-77.2309172,-12.1283574],[-77.2308815,-12.1282958],[-77.230851,-12.1282378],[-77.2308429,-12.1281789],[-77.2308338,-12.128123],[-77.230835,-12.1281101],[-77.2308416,-12.1281001],[-77.2308491,-12.1280996],[-77.2308645,-12.1281088],[-77.2308935,-12.128136],[-77.2309147,-12.1281583],[-77.2309291,-12.1281534],[-77.2309814,-12.1281971],[-77.2310017,-12.1281806]],[[-77.2319552,-12.1286155],[-77.2319923,-12.1285238],[-77.2320005,-12.12851],[-77.2320557,-12.1284751],[-77.232072,-12.1284521],[-77.2320739,-12.1284351],[-77.2320751,-12.1284181],[-77.2320709,-12.1284051],[-77.2320756,-12.1283986],[-77.2320814,-12.1283966],[-77.232087,-12.1283973],[-77.232098,-12.1284097],[-77.2321233,-12.1284223],[-77.2321356,-12.1284324],[-77.2321374,-12.128441],[-77.2321369,-12.1284482],[-77.2321212,-12.1284579],[-77.2321153,-12.1284609],[-77.2321122,-12.128464],[-77.2321123,-12.1284682],[-77.2321252,-12.128475],[-77.2321322,-12.1284838],[-77.2321352,-12.1284927],[-77.2321265,-12.128509],[-77.2321212,-12.1285271],[-77.2321213,-12.1285385],[-77.2321402,-12.1285858],[-77.2321698,-12.1286271],[-77.2321782,-12.128699],[-77.2321761,-12.1287269],[-77.232201,-12.1287434],[-77.2322036,-12.1287524],[-77.2322046,-12.1287913],[-77.2321989,-12.1288007],[-77.2321802,-12.1288136],[-77.2321735,-12.1288201],[-77.2321689,-12.1288324],[-77.2321641,-12.1289021],[-77.2321602,-12.1289091],[-77.2321523,-12.1289091],[-77.2321205,-12.1289086],[-77.2321111,-12.1289103],[-77.2321057,-12.1289142],[-77.2321043,-12.1289204],[-77.2321037,-12.1289493],[-77.2321092,-12.1289571],[-77.2321222,-12.1289588],[-77.2321389,-12.1289598],[-77.2321571,-12.1289711],[-77.2321714,-12.1289899],[-77.2321691,-12.1290066],[-77.2321573,-12.1290244],[-77.2321306,-12.1290482],[-77.2321175,-12.1290483],[-77.2320751,-12.1290194],[-77.2320595,-12.1289952],[-77.232054,-12.1289682],[-77.2320615,-12.128925],[-77.2320616,-12.1289184],[-77.2320594,-12.128916],[-77.2320553,-12.1289161],[-77.2320512,-12.1289193],[-77.2320337,-12.1289534],[-77.2320122,-12.1289732],[-77.232001,-12.1289762],[-77.2319905,-12.1289731],[-77.2319807,-12.1289653],[-77.2319755,-12.1289565],[-77.2319532,-12.1289363],[-77.2319484,-12.1289278],[-77.2319438,-12.1289021],[-77.2319398,-12.1288886],[-77.2319317,-12.1288762],[-77.231896,-12.12886],[-77.2318747,-12.1288342],[-77.2318687,-12.1288254],[-77.2318678,-12.1288161],[-77.231921,-12.1287877],[-77.2319317,-12.1287811],[-77.2319322,-12.128777],[-77.2319314,-12.1287712],[-77.231909,-12.12876],[-77.2319078,-12.1287559],[-77.2319156,-12.128727],[-77.2319196,-12.1287244],[-77.2319444,-12.1287215],[-77.2319451,-12.1287121],[-77.2319438,-12.1287034],[-77.2319306,-12.1286907],[-77.2319298,-12.1286833],[-77.231945,-12.1286519],[-77.231967,-12.1286321],[-77.2319552,-12.1286155]],[[-76.7822943,-12.3894683],[-76.7823637,-12.389499],[-76.7825547,-12.3894774],[-76.7826797,-12.3896172],[-76.7827031,-12.3899121],[-76.782752,-12.3899805],[-76.7828496,-12.3899121],[-76.7829746,-12.3899336],[-76.7829864,-12.3900351],[-76.7831074,-12.3900215],[-76.7831582,-12.3899297],[-76.7833106,-12.3898985],[-76.78342,-12.3898985],[-76.7835469,-12.3899239],[-76.7836211,-12.3899667],[-76.7837149,-12.3900312],[-76.7837579,-12.390084],[-76.7838222,-12.3901816],[-76.7839316,-12.390207],[-76.7841131,-12.3900469],[-76.7842207,-12.3899766],[-76.7843262,-12.3899726],[-76.7843809,-12.3899941],[-76.7844941,-12.390084],[-76.784592,-12.3901954],[-76.7846055,-12.3902715],[-76.7844336,-12.3904297],[-76.7843809,-12.3905294],[-76.7843691,-12.3906387],[-76.7843829,-12.3907382],[-76.7843555,-12.3908614],[-76.7842579,-12.3908887],[-76.7842129,-12.3908535],[-76.7841211,-12.3908066],[-76.7840684,-12.3909101],[-76.7839551,-12.3909514],[-76.7838985,-12.3909219],[-76.7837832,-12.3909395],[-76.783752,-12.3910469],[-76.7838516,-12.3912207],[-76.7838417,-12.3913399],[-76.7836972,-12.3914064],[-76.7835351,-12.391457],[-76.7834101,-12.3914687],[-76.7833125,-12.3914472],[-76.7832226,-12.3915294],[-76.7832266,-12.3916445],[-76.7833516,-12.3918301],[-76.7833632,-12.3919454],[-76.783248,-12.3920039],[-76.783125,-12.391957],[-76.7829649,-12.3918242],[-76.7828496,-12.3916191],[-76.7827676,-12.3916075],[-76.7826367,-12.3916504],[-76.7824785,-12.3917382],[-76.7823125,-12.3916426],[-76.7822011,-12.3916621],[-76.7820566,-12.3917382],[-76.7819395,-12.3917169],[-76.781832,-12.3915586],[-76.7817969,-12.3913632],[-76.7817969,-12.3912207],[-76.7817812,-12.3911621],[-76.7817149,-12.3911114],[-76.7815919,-12.3911231],[-76.7814902,-12.3911621],[-76.7812969,-12.3912344],[-76.7809219,-12.3914961],[-76.7807325,-12.3915762],[-76.7806542,-12.3915976],[-76.7805996,-12.391627],[-76.7803652,-12.3917246],[-76.7802832,-12.3918281],[-76.7802695,-12.3919395],[-76.7802909,-12.3919961],[-76.7802989,-12.3921152],[-76.7802051,-12.3921621],[-76.7801152,-12.392082],[-76.7800899,-12.3917989],[-76.7799882,-12.3917169],[-76.7798164,-12.3917012],[-76.7796426,-12.3916836],[-76.7793672,-12.3916504],[-76.7792344,-12.3916504],[-76.7791309,-12.3917169],[-76.7790704,-12.3917169],[-76.7789629,-12.3916582],[-76.7789902,-12.3915547],[-76.7789024,-12.3915312],[-76.7788496,-12.3915507],[-76.7787559,-12.3915976],[-76.7786621,-12.3916582],[-76.77858,-12.391752],[-76.7784766,-12.3919101],[-76.7783476,-12.3921621],[-76.7784766,-12.3923476],[-76.7783829,-12.3924141],[-76.7782596,-12.3923594],[-76.7781231,-12.3923906],[-76.7780449,-12.3924649],[-76.7779375,-12.3926426],[-76.7778476,-12.3928476],[-76.7777969,-12.3929805],[-76.7778125,-12.3931954],[-76.7778535,-12.3933145],[-76.7779199,-12.3933574],[-76.7780371,-12.3934512],[-76.7779921,-12.3935371],[-76.7778829,-12.393545],[-76.7776075,-12.3934882],[-76.7775059,-12.3934882],[-76.7774044,-12.3935586],[-76.7773555,-12.3936779],[-76.7773516,-12.3938691],[-76.7773614,-12.3940625],[-76.7773985,-12.3941914],[-76.777459,-12.3943789],[-76.7775039,-12.3944713],[-76.7775605,-12.3945877],[-76.7777676,-12.3948594],[-76.7778985,-12.3949981],[-76.7780059,-12.3950586],[-76.7781998,-12.3951277],[-76.7782774,-12.3951445],[-76.7783265,-12.3951201],[-76.7783707,-12.3950237],[-76.7784349,-12.3949643],[-76.7785059,-12.3948535],[-76.7785374,-12.394825],[-76.778627,-12.3947676],[-76.7786977,-12.394731],[-76.7787997,-12.3946522],[-76.7788828,-12.3945503],[-76.7788926,-12.3945294],[-76.7790079,-12.394461],[-76.7792676,-12.3944141],[-76.7794649,-12.3943986],[-76.779666,-12.3944472],[-76.7798115,-12.3945529],[-76.7798222,-12.3945547],[-76.7798256,-12.3945475],[-76.7798221,-12.3945374],[-76.7797402,-12.394375],[-76.7797344,-12.3942891],[-76.7797792,-12.394213],[-76.779873,-12.3941836],[-76.7799336,-12.3941914],[-76.7800506,-12.3942031],[-76.7802266,-12.3942305],[-76.780375,-12.39425],[-76.7804667,-12.3943047],[-76.7804882,-12.3944062],[-76.7804257,-12.3945566],[-76.7804297,-12.3946445],[-76.7804767,-12.3947656],[-76.7805664,-12.3948711],[-76.7805841,-12.3949844],[-76.7805332,-12.3950899],[-76.7804257,-12.3951132],[-76.7803242,-12.3951055],[-76.7802344,-12.3951504],[-76.7801504,-12.395541],[-76.780166,-12.3956132],[-76.7800879,-12.3956719],[-76.7799882,-12.3956719],[-76.7799062,-12.3957441],[-76.7798574,-12.3958555],[-76.7798672,-12.3959297],[-76.7799239,-12.3960937],[-76.7799101,-12.3961485],[-76.7799297,-12.3963066],[-76.7798574,-12.3962754],[-76.7798164,-12.3963691],[-76.779832,-12.3964864],[-76.7798047,-12.3966367],[-76.779834,-12.3967519],[-76.7798125,-12.3968262],[-76.7798242,-12.3969921],[-76.7798867,-12.3971094],[-76.779961,-12.3971856],[-76.780084,-12.397291],[-76.7801797,-12.3973516],[-76.780334,-12.3974336],[-76.7804492,-12.397416],[-76.780461,-12.3973204],[-76.780457,-12.3972617],[-76.7804454,-12.3971504],[-76.7805391,-12.397082],[-76.7806426,-12.3971601],[-76.780709,-12.3972422],[-76.7808106,-12.3973145],[-76.7809121,-12.3973184],[-76.7809707,-12.3973731],[-76.7809805,-12.3974825],[-76.7808007,-12.3976406],[-76.7807714,-12.3977481],[-76.7809356,-12.3979687],[-76.7810742,-12.3979961],[-76.7812246,-12.3979004],[-76.781248,-12.3977871],[-76.7811504,-12.3973204],[-76.7811797,-12.3971797],[-76.7812832,-12.3971797],[-76.781334,-12.3973397],[-76.7814199,-12.3973731],[-76.7815117,-12.3975254],[-76.7816132,-12.397586],[-76.7816757,-12.3975879],[-76.7817539,-12.3975059],[-76.7818535,-12.3974455],[-76.7819551,-12.3975059],[-76.7819454,-12.3974121],[-76.781877,-12.3973242],[-76.78184,-12.3972129],[-76.7818457,-12.397041],[-76.7819141,-12.3969629],[-76.7820332,-12.3969864],[-76.7821562,-12.3969356],[-76.7821816,-12.3968301],[-76.7822246,-12.3966954],[-76.782336,-12.3967441],[-76.782377,-12.3967851],[-76.7826582,-12.397166],[-76.7827735,-12.3969687],[-76.7828789,-12.3969825],[-76.7829257,-12.3970215],[-76.782998,-12.3971309],[-76.7830566,-12.3971972],[-76.783127,-12.397287],[-76.7831895,-12.3973594],[-76.7832794,-12.3974277],[-76.7833301,-12.3975294],[-76.7833125,-12.3976231],[-76.7833535,-12.3977246],[-76.783377,-12.3978437],[-76.7833614,-12.3979141],[-76.7834004,-12.398041],[-76.7834004,-12.3981329],[-76.7832989,-12.398207],[-76.7831739,-12.3982149],[-76.7830566,-12.3981992],[-76.7829785,-12.3982187],[-76.7828887,-12.3982539],[-76.7827755,-12.3982422],[-76.7826777,-12.3981992],[-76.7826309,-12.3981562],[-76.7825117,-12.398127],[-76.782584,-12.3982305],[-76.7825801,-12.398332],[-76.7826114,-12.3984414],[-76.7825996,-12.3985274],[-76.782543,-12.3986132],[-76.7824414,-12.3986289],[-76.782336,-12.3986465],[-76.7822774,-12.3986172],[-76.78217,-12.3985469],[-76.7820819,-12.3984336],[-76.7820117,-12.3983437],[-76.7819141,-12.3983282],[-76.7818457,-12.3983516],[-76.7817011,-12.3983419],[-76.7816445,-12.3983027],[-76.781541,-12.3981992],[-76.7814434,-12.398123],[-76.7813691,-12.3981406],[-76.7812989,-12.3983419],[-76.7812226,-12.3984492],[-76.7811582,-12.3985762],[-76.7811055,-12.3987266],[-76.7809882,-12.3987579],[-76.780875,-12.3987441],[-76.7806816,-12.3988066],[-76.7806309,-12.3990079],[-76.7805664,-12.3990254],[-76.7804472,-12.398961],[-76.7803496,-12.3990234],[-76.7802169,-12.3992266],[-76.7801934,-12.3993789],[-76.7802226,-12.3995841],[-76.7801914,-12.3996406],[-76.7800879,-12.39967],[-76.7800117,-12.399586],[-76.7799726,-12.3995351],[-76.7798985,-12.3994492]],[[-76.7820411,-12.3877302],[-76.7819898,-12.3878574],[-76.7819574,-12.3881912],[-76.7819958,-12.3883867],[-76.7819282,-12.3885146],[-76.7819179,-12.3886651],[-76.7819281,-12.3888737],[-76.7819536,-12.3890387],[-76.7820623,-12.3892026],[-76.7822393,-12.3893795],[-76.7822943,-12.3894683]],[[-76.7843437,-12.3853457],[-76.7842285,-12.3853164],[-76.7839882,-12.3854316],[-76.7837733,-12.3855765],[-76.7836252,-12.3857852],[-76.7835227,-12.3859049],[-76.7833098,-12.3861656],[-76.7831057,-12.3863443],[-76.7830279,-12.3864353],[-76.7829552,-12.3865672]],[[-76.7829552,-12.3865672],[-76.7831621,-12.3867226],[-76.7835215,-12.3870704],[-76.7835039,-12.3871856],[-76.7833985,-12.3871914],[-76.783334,-12.3871445],[-76.783248,-12.3870704],[-76.7831152,-12.3869082],[-76.7829824,-12.3867715],[-76.782875,-12.3866777],[-76.782791,-12.3866562],[-76.7826524,-12.3867285],[-76.7825371,-12.3868262],[-76.7824219,-12.3869472],[-76.7823496,-12.3870899],[-76.7822715,-12.3873535],[-76.7821423,-12.3875536],[-76.7822715,-12.3876582],[-76.7824622,-12.3877428],[-76.7825451,-12.3878191],[-76.7824873,-12.3878532],[-76.7823918,-12.3878353],[-76.7823113,-12.3877785],[-76.7821797,-12.3877685],[-76.7820411,-12.3877302]],[[-76.7170548,-12.5755483],[-76.7171103,-12.5756235],[-76.7171812,-12.5756656],[-76.7172243,-12.5757197],[-76.7172489,-12.5758159],[-76.7172058,-12.5758941],[-76.717138,-12.57587],[-76.7170579,-12.5758099],[-76.7169655,-12.5757377],[-76.7169316,-12.5756535],[-76.7169532,-12.5755964],[-76.7170548,-12.5755483]],[[-76.7156893,-12.5758038],[-76.7158094,-12.575894],[-76.7159357,-12.5759271],[-76.716059,-12.5759692],[-76.716099,-12.5760474],[-76.7160744,-12.5760865],[-76.7160097,-12.5760985],[-76.7158803,-12.5760444],[-76.715757,-12.5760053],[-76.7156246,-12.5759933],[-76.7155198,-12.5759482],[-76.7154274,-12.5759211],[-76.7153996,-12.5758489],[-76.7154274,-12.5758098],[-76.7155506,-12.5757798],[-76.7156893,-12.5758038]],[[-76.7151378,-12.5753738],[-76.7152548,-12.5753919],[-76.7153565,-12.5754249],[-76.7153565,-12.5755242],[-76.7153226,-12.5755572],[-76.715224,-12.5755121],[-76.7151532,-12.5755182],[-76.7150792,-12.575455],[-76.7151378,-12.5753738]],[[-77.2386396,-12.0931741],[-77.2386683,-12.0932006],[-77.2386771,-12.0932405],[-77.2386865,-12.0933107],[-77.2387203,-12.0933462],[-77.2387321,-12.0933796],[-77.2387207,-12.0934149],[-77.2386946,-12.0934385],[-77.2386802,-12.0934797],[-77.2386926,-12.0935205],[-77.2386751,-12.0935526],[-77.2386517,-12.093571],[-77.2385994,-12.0935887],[-77.2385654,-12.0936369],[-77.2385283,-12.0936729],[-77.2384988,-12.0936857],[-77.2384679,-12.093689],[-77.2384246,-12.0936609],[-77.2383606,-12.0936143],[-77.2382902,-12.0935572],[-77.2382351,-12.0935053],[-77.238193,-12.0934582],[-77.2381886,-12.0934076],[-77.2381793,-12.093403],[-77.2381756,-12.0934089],[-77.2381699,-12.0934105],[-77.2381647,-12.0934099],[-77.2381624,-12.0934054],[-77.2381628,-12.0933566],[-77.2381581,-12.0933382],[-77.2381253,-12.0932995],[-77.2381132,-12.0932753],[-77.2381104,-12.0932606],[-77.2381213,-12.0932517],[-77.2381345,-12.0932487],[-77.2381469,-12.0932536],[-77.2381588,-12.0932674],[-77.2381749,-12.09327],[-77.238197,-12.0932694],[-77.2382185,-12.093255],[-77.2382279,-12.0932392],[-77.2382547,-12.0931856],[-77.2382896,-12.0931448],[-77.2383015,-12.0931371],[-77.2383908,-12.0931232],[-77.2384438,-12.0930969],[-77.2384804,-12.0930943],[-77.238541,-12.0931159],[-77.2386396,-12.0931741]],[[-77.1833805,-12.1121156],[-77.1840472,-12.1122467],[-77.1841529,-12.1122666],[-77.1842098,-12.1123223],[-77.1842789,-12.1126124],[-77.1845188,-12.1130417],[-77.1846367,-12.1131014],[-77.184718,-12.1131014],[-77.1847831,-12.1131173],[-77.1848237,-12.1132087],[-77.1848408,-12.1134853],[-77.1850649,-12.1142296],[-77.1851747,-12.1148369],[-77.185198,-12.1150766],[-77.1851069,-12.1153825],[-77.1849225,-12.1156359],[-77.1847777,-12.1158414],[-77.1847147,-12.1160057],[-77.1848898,-12.1162546],[-77.1849809,-12.1163436],[-77.1849832,-12.1164121],[-77.1849342,-12.1164623],[-77.1848314,-12.1164852],[-77.1847263,-12.1164601],[-77.1846073,-12.1163642],[-77.1845255,-12.1162866],[-77.1844485,-12.1162866],[-77.1843738,-12.1163687],[-77.1843901,-12.1165742],[-77.1845676,-12.1170331],[-77.1845699,-12.1172728],[-77.1846073,-12.1176974],[-77.1846936,-12.1179645],[-77.1848174,-12.1180924],[-77.1850369,-12.1183024],[-77.1850135,-12.1183709],[-77.1849342,-12.1184394],[-77.1849038,-12.118549],[-77.1853918,-12.119332],[-77.1854058,-12.1194051],[-77.1853615,-12.1194211],[-77.1852354,-12.1194028],[-77.1850089,-12.1193161],[-77.1848898,-12.1193389],[-77.1848127,-12.119453],[-77.1847894,-12.1198548],[-77.1847474,-12.1200283],[-77.1846026,-12.1201197],[-77.1844672,-12.1202338],[-77.1843621,-12.1203],[-77.1842313,-12.1202772],[-77.1839675,-12.1201379],[-77.1836616,-12.1199347],[-77.1833837,-12.119638],[-77.1830078,-12.1192202],[-77.1827766,-12.1189759],[-77.1825314,-12.1187727],[-77.1824124,-12.1187407],[-77.1823073,-12.118791],[-77.1822606,-12.1188983],[-77.1823446,-12.1190467],[-77.1824567,-12.1190718],[-77.1825595,-12.1190558],[-77.1825921,-12.1191403],[-77.1826132,-12.1194348],[-77.1826599,-12.119622],[-77.182814,-12.1199621],[-77.1827719,-12.1200238],[-77.1826482,-12.1200124],[-77.1824661,-12.1199507],[-77.1823166,-12.1199165],[-77.1822162,-12.1199393],[-77.1821322,-12.1200534],[-77.1821088,-12.120147],[-77.1820644,-12.1201859],[-77.1819477,-12.1201562],[-77.1817562,-12.120106],[-77.1816208,-12.1199713],[-77.181441,-12.1198411],[-77.1811701,-12.119711],[-77.1810837,-12.1197201],[-77.1808713,-12.1198411],[-77.1806214,-12.1198503],[-77.1804183,-12.1199393],[-77.1802805,-12.1201425],[-77.1801357,-12.1206813],[-77.1800003,-12.1207452],[-77.1797738,-12.1207132],[-77.1795286,-12.1206105],[-77.1793091,-12.1203685],[-77.1792391,-12.1203114],[-77.179078,-12.1203206],[-77.1786974,-12.120526],[-77.1785853,-12.1206128],[-77.1785222,-12.1206493],[-77.1784499,-12.1206105],[-77.1783121,-12.1205717],[-77.1781673,-12.1205877],[-77.1779969,-12.1205397],[-77.1778708,-12.1203708],[-77.1774948,-12.1201242],[-77.1773267,-12.1199781],[-77.1771493,-12.1195832],[-77.1770699,-12.1195352],[-77.1769835,-12.1195192],[-77.1769485,-12.1194896],[-77.1769578,-12.1194074],[-77.1770118,-12.119137],[-77.17704,-12.1190731],[-77.177035,-12.1190449],[-77.1770179,-12.118996],[-77.1770065,-12.1189344],[-77.1770021,-12.1189049],[-77.1769947,-12.1188941],[-77.1769763,-12.1188892],[-77.1769575,-12.1188649],[-77.1769542,-12.1188236],[-77.1769568,-12.1187974],[-77.1769716,-12.1187593],[-77.1769776,-12.1187571],[-77.1770127,-12.118763],[-77.1770249,-12.1187598],[-77.1770336,-12.1187536],[-77.1770366,-12.1187089],[-77.1770376,-12.1186718],[-77.1770393,-12.1185863],[-77.1770259,-12.1185476],[-77.177023,-12.1184442],[-77.1770333,-12.1184338],[-77.1770567,-12.1184302],[-77.1770789,-12.118422],[-77.1770886,-12.1184171],[-77.1770946,-12.1184096],[-77.1771493,-12.1183458],[-77.177238,-12.1182887],[-77.1772453,-12.1182866],[-77.1772549,-12.118288],[-77.1772742,-12.1183098],[-77.177281,-12.1183116],[-77.1773117,-12.1183116],[-77.1773404,-12.1183057],[-77.1773605,-12.1182958],[-77.1773781,-12.1182796],[-77.1774074,-12.1182276],[-77.1774292,-12.1181965],[-77.1774483,-12.1181821],[-77.1774745,-12.1181749],[-77.1775173,-12.1181694],[-77.1775496,-12.1181563],[-77.1775744,-12.1181424],[-77.1775949,-12.1181209],[-77.1776576,-12.1179116],[-77.1776723,-12.11789],[-77.1776894,-12.1178767],[-77.177945,-12.1177375],[-77.1779781,-12.1177307],[-77.1780324,-12.1177314],[-77.1780767,-12.1177241],[-77.1781316,-12.1177051],[-77.1781779,-12.1176769],[-77.1782376,-12.1176422],[-77.1784008,-12.1175878],[-77.1785273,-12.1175347],[-77.1786764,-12.1174463],[-77.1787874,-12.1173131],[-77.1788623,-12.1171866],[-77.1789055,-12.117022],[-77.1789799,-12.1167873],[-77.1790377,-12.1166322],[-77.1790402,-12.1166196],[-77.1790395,-12.1166094],[-77.179031,-12.1165921],[-77.1789913,-12.1165558],[-77.1789839,-12.116529],[-77.1789873,-12.1165034],[-77.1790047,-12.1164857],[-77.1790476,-12.1164349],[-77.1790707,-12.116386],[-77.1790724,-12.1163759],[-77.179062,-12.1163552],[-77.179063,-12.1163467],[-77.1790832,-12.1163218],[-77.179138,-12.1162694],[-77.1793078,-12.1161209],[-77.1793641,-12.1160943],[-77.1794164,-12.1160812],[-77.1794432,-12.1160746],[-77.179456,-12.1160576],[-77.17946,-12.1160136],[-77.1794745,-12.1159777],[-77.1794801,-12.115916],[-77.1795022,-12.1158255],[-77.179515,-12.1157947],[-77.1795358,-12.1157822],[-77.1795767,-12.1157704],[-77.1795827,-12.1157481],[-77.1795888,-12.1157278],[-77.1795814,-12.1156989],[-77.179621,-12.1156453],[-77.1796558,-12.1155101],[-77.179688,-12.1154682],[-77.1797296,-12.1154321],[-77.1797959,-12.1153918],[-77.1800797,-12.1153026],[-77.1802922,-12.1150515],[-77.1804299,-12.1147341],[-77.1805864,-12.1145401],[-77.1805899,-12.1145057],[-77.1805845,-12.1144664],[-77.1805429,-12.1143916],[-77.1805523,-12.1143523],[-77.1805698,-12.11433],[-77.1806221,-12.1143077],[-77.1806782,-12.1142809]],[[-77.1861619,-12.110654],[-77.1860787,-12.1106571],[-77.1860587,-12.1106209],[-77.1860756,-12.1105667],[-77.1861157,-12.1105245],[-77.1862066,-12.1104868],[-77.1862836,-12.1104793],[-77.1863252,-12.1105034],[-77.1863313,-12.1105471],[-77.1863005,-12.1105983],[-77.1862358,-12.1106405],[-77.1861619,-12.110654]],[[-77.1864682,-12.1087848],[-77.186409,-12.108816],[-77.1863774,-12.1088401],[-77.1863576,-12.1088441],[-77.1863426,-12.1088611],[-77.1863221,-12.1088611],[-77.1862943,-12.1088726],[-77.1862728,-12.1088687],[-77.1862604,-12.1088621],[-77.1862524,-12.1088533],[-77.1862483,-12.1088428],[-77.1862473,-12.1088234],[-77.1862433,-12.1088018],[-77.1862373,-12.1087769],[-77.1862198,-12.1087572],[-77.1861994,-12.1087384],[-77.186187,-12.1087159],[-77.1861844,-12.1086923],[-77.186189,-12.1086687],[-77.1862269,-12.1085651],[-77.1862261,-12.1085514],[-77.1862217,-12.1085408],[-77.1861924,-12.1085182],[-77.1861539,-12.1085047],[-77.1860998,-12.1085049],[-77.1860737,-12.1085159],[-77.1860636,-12.1085616],[-77.1860495,-12.1085743],[-77.1860234,-12.108573],[-77.1859987,-12.1085556],[-77.1859524,-12.1085006],[-77.1859429,-12.1084563],[-77.1859399,-12.1084088],[-77.1859526,-12.1083877],[-77.1859572,-12.1083854],[-77.1859617,-12.1083854],[-77.1859709,-12.1083904],[-77.1859744,-12.1083897],[-77.1859892,-12.1083599],[-77.1859953,-12.1083269],[-77.1859768,-12.108223],[-77.1859244,-12.1081417],[-77.1859105,-12.1080919],[-77.1859306,-12.1080588],[-77.1859721,-12.1080392],[-77.1860492,-12.1080392],[-77.1860831,-12.1080754],[-77.1861139,-12.1081582],[-77.186184,-12.1082084],[-77.1862007,-12.1082307],[-77.1862124,-12.1082498],[-77.1862239,-12.1082501],[-77.186243,-12.1082435],[-77.1862676,-12.1082443],[-77.1862839,-12.1082499],[-77.1862934,-12.1082597],[-77.186308,-12.1083209],[-77.1863422,-12.1083363],[-77.1863548,-12.1083386],[-77.1863633,-12.1083378],[-77.1863716,-12.1083332],[-77.1863856,-12.1083232],[-77.1864213,-12.1083133],[-77.1864522,-12.1083143],[-77.1864609,-12.108316],[-77.1864627,-12.1083178],[-77.1864629,-12.1083238],[-77.1864636,-12.108328],[-77.1864644,-12.10833],[-77.186466,-12.1083314],[-77.1864678,-12.1083324],[-77.18647,-12.1083327],[-77.1864773,-12.1083304],[-77.1864941,-12.1083189],[-77.1865218,-12.1082946],[-77.1865311,-12.1082873],[-77.1865419,-12.108286],[-77.1865499,-12.1082897],[-77.1865549,-12.1082971],[-77.1865591,-12.108339],[-77.1865796,-12.1083527],[-77.1865863,-12.1083779],[-77.1865933,-12.1083868],[-77.1865979,-12.1083897],[-77.1866032,-12.1083895],[-77.1866124,-12.1083848],[-77.1866189,-12.1083751],[-77.1866253,-12.108333],[-77.1866315,-12.1082305],[-77.1866392,-12.1081914],[-77.1866592,-12.1081914],[-77.1866931,-12.108217],[-77.186727,-12.1082622],[-77.1867532,-12.1083329],[-77.1867547,-12.1083857],[-77.1867469,-12.1084084],[-77.1866524,-12.1085628],[-77.1866014,-12.1086307],[-77.1864941,-12.1087611],[-77.1864682,-12.1087848]],[[-77.1858855,-12.1076589],[-77.185838,-12.1076698],[-77.1858282,-12.1076669],[-77.185816,-12.1076474],[-77.1858217,-12.1076264],[-77.1858544,-12.107583],[-77.1858866,-12.1075362],[-77.1859008,-12.1075336],[-77.1859608,-12.1075605],[-77.1860126,-12.1075953],[-77.1860205,-12.1076126],[-77.1860196,-12.1076261],[-77.1860055,-12.107641],[-77.1859557,-12.1076519],[-77.1858855,-12.1076589]],[[-77.1969235,-12.1120362],[-77.1969408,-12.1119925],[-77.1969571,-12.1119726],[-77.1969622,-12.1119577],[-77.1969551,-12.111923],[-77.1969571,-12.1118693],[-77.1970069,-12.111754],[-77.1970333,-12.1117212],[-77.1970689,-12.1117014],[-77.1971045,-12.1117004],[-77.1971258,-12.1117163],[-77.1971543,-12.1117709],[-77.1971675,-12.1118335],[-77.1971787,-12.1118514],[-77.197203,-12.1118633],[-77.1972315,-12.1118892],[-77.1972376,-12.111918],[-77.1972091,-12.1119856],[-77.1971207,-12.1121237],[-77.1970679,-12.1121784],[-77.1970252,-12.112238],[-77.1969632,-12.1123056],[-77.1968992,-12.1123383],[-77.1968117,-12.1123533],[-77.1967823,-12.1123701],[-77.1967365,-12.1124129],[-77.1966959,-12.1124328],[-77.1966634,-12.1124347],[-77.1966532,-12.1124169],[-77.1966522,-12.1123642],[-77.1966705,-12.1122966],[-77.1967182,-12.112228],[-77.1967873,-12.1121793],[-77.1968402,-12.1121475],[-77.1968809,-12.1121018],[-77.1969235,-12.1120362]],[[-77.1973489,-12.1125042],[-77.197379,-12.1124125],[-77.1974126,-12.1123693],[-77.1974442,-12.112362],[-77.1974627,-12.1123625],[-77.1975303,-12.1123788],[-77.1975679,-12.1123986],[-77.197594,-12.1124186],[-77.1976135,-12.1124566],[-77.1975993,-12.1124912],[-77.1975657,-12.1125111],[-77.1975365,-12.1125172],[-77.1975232,-12.1125319],[-77.1974985,-12.1125604],[-77.1974418,-12.1126037],[-77.1974091,-12.1126452],[-77.1973896,-12.1126643],[-77.1973675,-12.1126669],[-77.1973445,-12.1126487],[-77.1973348,-12.112608],[-77.1973303,-12.1125829],[-77.1973224,-12.1125674],[-77.1973259,-12.1125501],[-77.1973489,-12.1125042]],[[-77.1984388,-12.1115765],[-77.1984611,-12.1115232],[-77.1984712,-12.1114674],[-77.1984958,-12.1114027],[-77.1985089,-12.1113676],[-77.198531,-12.1113128],[-77.1985485,-12.1112923],[-77.1985637,-12.1113003],[-77.1985696,-12.1113471],[-77.1985859,-12.1113905],[-77.1986279,-12.1114647],[-77.1986711,-12.1115115],[-77.1986805,-12.1115491],[-77.1986746,-12.1115822],[-77.1986244,-12.1116256],[-77.1986081,-12.1116758],[-77.1985766,-12.1117329],[-77.198545,-12.111758],[-77.1985077,-12.1117706],[-77.1984622,-12.1117535],[-77.1984236,-12.1117283],[-77.1984049,-12.111693],[-77.1984168,-12.1116486],[-77.198438,-12.1116243],[-77.1984388,-12.1115765]],[[-77.1980407,-12.1117626],[-77.1980278,-12.1117911],[-77.1980337,-12.1118425],[-77.19805,-12.1119726],[-77.19805,-12.1120354],[-77.1980092,-12.1120868],[-77.1979438,-12.1121324],[-77.1978912,-12.1121496],[-77.1978562,-12.1121233],[-77.1977663,-12.1120217],[-77.1977196,-12.1119749],[-77.1976519,-12.1119749],[-77.1976274,-12.1119818],[-77.1976157,-12.1119989],[-77.1976204,-12.1120423],[-77.1976344,-12.1121233],[-77.1976367,-12.1121815],[-77.1976146,-12.1122238],[-77.1975877,-12.1122375],[-77.1975492,-12.1122158],[-77.1974943,-12.1121245],[-77.1974558,-12.1120639],[-77.1974558,-12.1120286],[-77.1974663,-12.1119989],[-77.1974628,-12.1119487],[-77.1974534,-12.1119201],[-77.1974289,-12.1119121],[-77.1973962,-12.1119178],[-77.1973764,-12.111911],[-77.1973227,-12.111863],[-77.1972666,-12.1118402],[-77.1972433,-12.1117626],[-77.1972304,-12.1117124],[-77.1972503,-12.1116564],[-77.1972608,-12.1115788],[-77.1973028,-12.1114818],[-77.1973215,-12.1114692],[-77.197339,-12.1114772],[-77.1973624,-12.1114863],[-77.1973717,-12.1114738],[-77.1973857,-12.1114213],[-77.1974079,-12.1112672],[-77.1973951,-12.1111507],[-77.1973904,-12.1111074],[-77.1974044,-12.1110914],[-77.1974313,-12.1110959],[-77.1974429,-12.1111176],[-77.1974616,-12.111137],[-77.1975375,-12.1111313],[-77.1975777,-12.1111306],[-77.1976112,-12.1111673],[-77.197632,-12.1111706],[-77.197644,-12.1111601],[-77.1976514,-12.1111358],[-77.1976577,-12.1111176],[-77.1977044,-12.1111108],[-77.1977465,-12.1111348],[-77.197778,-12.1111896],[-77.1978025,-12.1111998],[-77.1978235,-12.1111975],[-77.1978831,-12.1111679],[-77.1979321,-12.1111553],[-77.1979625,-12.1111633],[-77.1979846,-12.1111793],[-77.1980092,-12.1111816],[-77.198029,-12.1111759],[-77.1980652,-12.1111701],[-77.1980979,-12.1111861],[-77.1981154,-12.1112055],[-77.1981294,-12.1112124],[-77.1981563,-12.1112067],[-77.19821,-12.1111941],[-77.198252,-12.1112033],[-77.1982742,-12.1112158],[-77.198273,-12.1112341],[-77.1982333,-12.1112695],[-77.1982076,-12.1112946],[-77.1982088,-12.1113197],[-77.1982473,-12.1113699],[-77.1982707,-12.1113756],[-77.1982905,-12.1113585],[-77.1983244,-12.1113174],[-77.1983746,-12.1112889],[-77.1984014,-12.1112843],[-77.1984213,-12.1112934],[-77.1984306,-12.1113322],[-77.1984283,-12.1113984],[-77.1984213,-12.1114316],[-77.1983209,-12.1116587],[-77.1982648,-12.1117101],[-77.198224,-12.1117283],[-77.1981808,-12.1117226],[-77.1981259,-12.1117306],[-77.1980407,-12.1117626]],[[-77.1927323,-12.1117334],[-77.1927498,-12.1116757],[-77.1927525,-12.1116298],[-77.1927525,-12.1115892],[-77.1927779,-12.1115722],[-77.1928007,-12.1115708],[-77.1928195,-12.1115958],[-77.1928115,-12.1116548],[-77.1928182,-12.1117111],[-77.1928115,-12.1117662],[-77.1928249,-12.1118016],[-77.1928168,-12.1118174],[-77.1927806,-12.1118226],[-77.1927551,-12.111816],[-77.192739,-12.1117833],[-77.1927323,-12.1117334]],[[-77.1925537,-12.1123746],[-77.192556,-12.1123415],[-77.1925619,-12.1123061],[-77.1925642,-12.1122753],[-77.1925665,-12.1122433],[-77.1925642,-12.1121943],[-77.1925864,-12.1121417],[-77.1926471,-12.1120892],[-77.1927347,-12.1120698],[-77.1928047,-12.1120504],[-77.1928269,-12.1120573],[-77.1928269,-12.1120892],[-77.1928281,-12.1121269],[-77.1927989,-12.1121554],[-77.1927709,-12.112184],[-77.192772,-12.1122182],[-77.1927884,-12.1122468],[-77.1928234,-12.1122627],[-77.1928608,-12.1122742],[-77.1928771,-12.1122821],[-77.1928783,-12.1122993],[-77.1928246,-12.1123084],[-77.1927802,-12.1123164],[-77.1927475,-12.1123358],[-77.1927335,-12.1123563],[-77.1927335,-12.1123929],[-77.192744,-12.1124271],[-77.192737,-12.1124511],[-77.1926891,-12.1124591],[-77.1926448,-12.1124522],[-77.1926086,-12.1124625],[-77.1925864,-12.1124602],[-77.1925712,-12.112426],[-77.1925537,-12.1123746]],[[-77.2003956,-12.112329],[-77.2004523,-12.1122596],[-77.2004818,-12.1122215],[-77.2004946,-12.1121861],[-77.2005122,-12.1121547],[-77.2006417,-12.1120711],[-77.2006696,-12.1120625],[-77.2006864,-12.1120654],[-77.2007014,-12.112077],[-77.2007053,-12.1120937],[-77.2007028,-12.1121088],[-77.2006974,-12.112124],[-77.2006833,-12.1121393],[-77.2006347,-12.1121766],[-77.2005837,-12.1122235],[-77.200532,-12.1122908],[-77.2004311,-12.1123739],[-77.2003639,-12.112431],[-77.2003484,-12.1124336],[-77.200337,-12.1124281],[-77.2003316,-12.1124186],[-77.2003291,-12.11241],[-77.2003956,-12.112329]],[[-77.2012399,-12.1122493],[-77.2013018,-12.1121611],[-77.2013602,-12.1121317],[-77.201431,-12.1121282],[-77.2014858,-12.1121559],[-77.2015159,-12.1122164],[-77.2015159,-12.112296],[-77.201477,-12.1123964],[-77.2014133,-12.1124258],[-77.2012965,-12.1124621],[-77.201254,-12.1124604],[-77.2012275,-12.1124206],[-77.2012168,-12.1123635],[-77.2012168,-12.1123151],[-77.2012399,-12.1122493]],[[-77.2015584,-12.1127736],[-77.2015265,-12.1126922],[-77.2014929,-12.1126801],[-77.2014398,-12.1126974],[-77.2013991,-12.1126836],[-77.2014027,-12.1126559],[-77.2014398,-12.1126403],[-77.2015141,-12.1126334],[-77.201592,-12.1126403],[-77.2016469,-12.1126784],[-77.2016646,-12.112732],[-77.2016575,-12.1128341],[-77.2016469,-12.1128635],[-77.2016062,-12.1128722],[-77.2015761,-12.1128376],[-77.2015584,-12.1127736]],[[-77.2015637,-12.1121092],[-77.2015283,-12.1121005],[-77.2014911,-12.1120971],[-77.2014681,-12.1120642],[-77.2014823,-12.1120434],[-77.2015336,-12.1120313],[-77.2015619,-12.1120451],[-77.2015849,-12.1120798],[-77.2015637,-12.1121092]],[[-77.2027796,-12.1142307],[-77.2027725,-12.1141684],[-77.2027902,-12.1141286],[-77.202838,-12.1141079],[-77.2028981,-12.1141217],[-77.20293,-12.114158],[-77.2029176,-12.1142169],[-77.2028539,-12.1142965],[-77.2028203,-12.114312],[-77.2027849,-12.1142809],[-77.2027796,-12.1142307]],[[-77.202769,-12.1137653],[-77.2028114,-12.1136857],[-77.2028344,-12.113613],[-77.2028628,-12.1136009],[-77.2029123,-12.1136251],[-77.2029247,-12.1136822],[-77.2028999,-12.113729],[-77.2028327,-12.1137791],[-77.2027955,-12.1138276],[-77.2027725,-12.1138293],[-77.202769,-12.1137653]],[[-77.2093468,-12.1178214],[-77.2091197,-12.1175796],[-77.2089286,-12.1173888],[-77.2089006,-12.1173891],[-77.2088798,-12.1174007],[-77.2088377,-12.1174497],[-77.2088201,-12.1174553],[-77.2088034,-12.1174468],[-77.2087795,-12.1174258],[-77.2087652,-12.1173813],[-77.208745,-12.1173327],[-77.2083467,-12.1169131],[-77.2083035,-12.1168509],[-77.208143,-12.1165446],[-77.2080867,-12.1162928],[-77.2081242,-12.1162089],[-77.2081672,-12.1162063],[-77.2082288,-12.1162692],[-77.2082771,-12.116285],[-77.2082637,-12.1162325],[-77.2082128,-12.1161302],[-77.2082181,-12.1159231],[-77.208216,-12.1158983],[-77.2082047,-12.1158811],[-77.2080545,-12.1157867],[-77.2080062,-12.115632],[-77.2080089,-12.1153828],[-77.2080491,-12.1152963],[-77.2081135,-12.115291],[-77.2081967,-12.1153566],[-77.2083174,-12.1154851],[-77.2083925,-12.1156267],[-77.2084515,-12.1156818],[-77.2084863,-12.1156713],[-77.2084649,-12.1155585],[-77.2083951,-12.1154431],[-77.2083683,-12.1153435],[-77.2084032,-12.1152517],[-77.2085427,-12.1150996],[-77.2085614,-12.1150104],[-77.2086419,-12.1148977],[-77.2088163,-12.1147797],[-77.208886,-12.1147377],[-77.208908,-12.1147398],[-77.2089262,-12.1147587],[-77.2089852,-12.1147351],[-77.2090362,-12.1146931],[-77.2090416,-12.1146512],[-77.2090764,-12.1146249],[-77.2091113,-12.1146433],[-77.2091354,-12.1146905],[-77.2091521,-12.114707],[-77.2091769,-12.114709],[-77.2091944,-12.114701],[-77.2091985,-12.1146688],[-77.2091956,-12.1146191],[-77.2092051,-12.1145954],[-77.2093071,-12.1145305],[-77.209372,-12.1145306],[-77.2094391,-12.1145221],[-77.2094868,-12.11452],[-77.209696,-12.114583],[-77.2099938,-12.1147705],[-77.2100265,-12.1148152],[-77.2100554,-12.114916],[-77.2101091,-12.1151075],[-77.2102083,-12.1152045],[-77.2102995,-12.1152412],[-77.2103719,-12.1153881],[-77.2104765,-12.1155638],[-77.2105811,-12.1157342],[-77.2106321,-12.1158732],[-77.2106804,-12.1159598],[-77.2106992,-12.1160253],[-77.2106923,-12.1160549],[-77.210667,-12.1160699],[-77.2106346,-12.1160746],[-77.2105999,-12.1160568],[-77.2105516,-12.1159598],[-77.2104524,-12.1157473],[-77.2104014,-12.1157211],[-77.2103156,-12.1157159],[-77.2102646,-12.1157369],[-77.2102566,-12.1157972],[-77.2103536,-12.1159763],[-77.2104106,-12.1160712],[-77.2104476,-12.116273],[-77.2104599,-12.1164146],[-77.2104229,-12.1164764],[-77.2103444,-12.1165441],[-77.2103228,-12.1165743],[-77.2103274,-12.1166345],[-77.2102997,-12.1166692],[-77.2102982,-12.1167098],[-77.2103629,-12.1167595],[-77.2104368,-12.1168424],[-77.2104507,-12.1169538],[-77.210463,-12.1170954],[-77.2104337,-12.1171722],[-77.2103336,-12.1173813],[-77.2103018,-12.1174165],[-77.2101459,-12.1175292],[-77.2100188,-12.1175871],[-77.2099212,-12.1176107],[-77.2098129,-12.117603],[-77.2095356,-12.1175232],[-77.209494,-12.1175187],[-77.2094878,-12.1175367],[-77.2095341,-12.117609],[-77.2095695,-12.1176979],[-77.209531,-12.1177536],[-77.2094586,-12.1177958],[-77.2093784,-12.1178303],[-77.2093626,-12.1178307],[-77.2093468,-12.1178214]],[[-77.2108608,-12.1183674],[-77.21073,-12.1183308],[-77.2106273,-12.11834],[-77.2105666,-12.118324],[-77.2105059,-12.1182418],[-77.2104638,-12.1181277],[-77.2104171,-12.1180569],[-77.2103517,-12.1179975],[-77.2102934,-12.1179633],[-77.2102583,-12.1179199],[-77.210249,-12.1178879],[-77.210284,-12.1178628],[-77.2104475,-12.11784],[-77.2106343,-12.1178332],[-77.21066,-12.117872],[-77.2106927,-12.1178674],[-77.2107347,-12.1178491],[-77.2108258,-12.1178788],[-77.2109542,-12.117945],[-77.2109985,-12.1180089],[-77.2110849,-12.118187],[-77.2110966,-12.1182669],[-77.2111316,-12.1183697],[-77.211147,-12.1184212],[-77.2111486,-12.1184438],[-77.2111054,-12.1184815],[-77.2110562,-12.1184981],[-77.2110022,-12.1184634],[-77.2109529,-12.1184122],[-77.2109067,-12.1183896],[-77.2108608,-12.1183674]],[[-77.2118452,-12.1185222],[-77.2117633,-12.1184559],[-77.2117063,-12.1184092],[-77.211658,-12.1183923],[-77.2116378,-12.1183929],[-77.211583,-12.1184363],[-77.2114721,-12.1185011],[-77.2114136,-12.1185191],[-77.2113257,-12.1185026],[-77.2112687,-12.1184619],[-77.2112135,-12.1183547],[-77.2112133,-12.1183447],[-77.2112254,-12.1183198],[-77.2112264,-12.1182981],[-77.2112207,-12.1182834],[-77.2112006,-12.1182558],[-77.2111795,-12.1182234],[-77.2111706,-12.1181637],[-77.2111744,-12.1180978],[-77.2111963,-12.1180688],[-77.2112749,-12.1180251],[-77.2113334,-12.1180085],[-77.2113649,-12.1180093],[-77.2114427,-12.1180253],[-77.2114952,-12.1180191],[-77.2115507,-12.1179965],[-77.2116354,-12.1180025],[-77.2117509,-12.1180598],[-77.2117987,-12.1180989],[-77.2118168,-12.1181208],[-77.2118209,-12.1181424],[-77.2118191,-12.1181696],[-77.2117981,-12.1182309],[-77.2117994,-12.1182591],[-77.2118697,-12.1183785],[-77.2119188,-12.1184273],[-77.2119635,-12.1184318],[-77.2119943,-12.1183911],[-77.2120344,-12.1183625],[-77.2120945,-12.1183625],[-77.2121427,-12.1183725],[-77.2121743,-12.1183859],[-77.2122762,-12.118483],[-77.2123625,-12.1185704],[-77.2123979,-12.1186155],[-77.2124056,-12.1186577],[-77.2123779,-12.1186863],[-77.2122901,-12.1187059],[-77.2122131,-12.1187406],[-77.2121484,-12.1187421],[-77.212096,-12.1186984],[-77.2120683,-12.1187029],[-77.2120313,-12.1187255],[-77.2119435,-12.1187375],[-77.2118834,-12.118733],[-77.2118357,-12.1186758],[-77.2118233,-12.1186216],[-77.2118387,-12.1185857],[-77.2118554,-12.1185505],[-77.2118572,-12.1185402],[-77.2118537,-12.1185325],[-77.2118452,-12.1185222]],[[-77.2100776,-12.117997],[-77.2099945,-12.1179891],[-77.2099489,-12.1179681],[-77.2099274,-12.1179301],[-77.2099341,-12.1179065],[-77.2099824,-12.1178986],[-77.2100562,-12.1178947],[-77.2100843,-12.1179196],[-77.2100964,-12.1179576],[-77.2100776,-12.117997]],[[-77.2104008,-12.1176456],[-77.2103606,-12.1176338],[-77.2103284,-12.1176312],[-77.2103177,-12.1176089],[-77.2103324,-12.1175958],[-77.2103874,-12.1175879],[-77.2104196,-12.1175918],[-77.210433,-12.1176102],[-77.2104236,-12.1176272],[-77.2104008,-12.1176456]],[[-77.2154945,-12.1169891],[-77.2155084,-12.1168882],[-77.2154776,-12.1168204],[-77.2154283,-12.116736],[-77.2154067,-12.1166637],[-77.2154175,-12.1165538],[-77.2154945,-12.1165297],[-77.2155731,-12.1165523],[-77.215627,-12.1166351],[-77.215664,-12.1167661],[-77.2156732,-12.1168791],[-77.2156409,-12.1170071],[-77.2155947,-12.11709],[-77.2155654,-12.1171081],[-77.2155284,-12.117087],[-77.2154945,-12.1169891]],[[-77.0388765,-12.2061547],[-77.0388251,-12.2060838],[-77.0387933,-12.2060233],[-77.0387844,-12.2059835],[-77.0388004,-12.2059472],[-77.0387898,-12.2059091],[-77.0387721,-12.2058849],[-77.0387791,-12.2058555],[-77.0387844,-12.2058192],[-77.0387614,-12.2058002],[-77.0387455,-12.2057777],[-77.0387667,-12.2057327],[-77.0388021,-12.2056964],[-77.038857,-12.2056877],[-77.0388942,-12.2057275],[-77.0388924,-12.2057829],[-77.0389526,-12.2058451],[-77.0389897,-12.205833],[-77.0390658,-12.2058849],[-77.03908,-12.2059368],[-77.0391171,-12.2060215],[-77.0391277,-12.2061011],[-77.0391047,-12.2061271],[-77.0391118,-12.2061807],[-77.0391454,-12.2061945],[-77.0391773,-12.2063035],[-77.039195,-12.2063709],[-77.0392268,-12.2064245],[-77.039287,-12.2064712],[-77.0393136,-12.206492],[-77.0393277,-12.2065629],[-77.0392994,-12.206594],[-77.039241,-12.2065871],[-77.0391932,-12.2066131],[-77.0391454,-12.2065785],[-77.0390835,-12.2065923],[-77.039064,-12.2066096],[-77.0390322,-12.206575],[-77.0390357,-12.2065404],[-77.039011,-12.2065041],[-77.0389897,-12.2064384],[-77.038935,-12.2063029],[-77.0389417,-12.2062491],[-77.0389605,-12.2062321],[-77.0389605,-12.2061862],[-77.0389565,-12.2061325],[-77.038931,-12.2061508],[-77.0389203,-12.2061679],[-77.0388765,-12.2061547]],[[-77.0384866,-12.2057521],[-77.0385544,-12.2057611],[-77.0386021,-12.2057822],[-77.0386237,-12.2058093],[-77.0386314,-12.2058545],[-77.038596,-12.2058906],[-77.0386098,-12.2059238],[-77.0386422,-12.2060141],[-77.038673,-12.2060803],[-77.0386638,-12.2061632],[-77.0386468,-12.2062264],[-77.0386145,-12.206249],[-77.0385652,-12.2062445],[-77.038539,-12.2062038],[-77.0385559,-12.2061632],[-77.0385328,-12.2061346],[-77.038522,-12.2060894],[-77.0385236,-12.2060487],[-77.0385159,-12.2060201],[-77.0385251,-12.205996],[-77.0385282,-12.2059644],[-77.0385143,-12.2059433],[-77.0384958,-12.2059584],[-77.0384774,-12.2059584],[-77.038445,-12.2059313],[-77.0384173,-12.2058635],[-77.038408,-12.2058274],[-77.038408,-12.2057792],[-77.0384866,-12.2057521]],[[-77.0392977,-12.2067027],[-77.0393631,-12.2067044],[-77.0394038,-12.2067061],[-77.0394145,-12.2067632],[-77.0393985,-12.2067995],[-77.0393596,-12.2067978],[-77.0393401,-12.2068358],[-77.0392977,-12.2068237],[-77.0392658,-12.2068064],[-77.0392357,-12.2067874],[-77.0392021,-12.2067701],[-77.0391809,-12.2067476],[-77.0391862,-12.2067165],[-77.0392269,-12.2067096],[-77.039241,-12.2067079],[-77.0392977,-12.2067027]],[[-77.0383759,-12.2041168],[-77.0384613,-12.2041188],[-77.0384857,-12.2041903],[-77.0384999,-12.2042082],[-77.0385466,-12.2041844],[-77.0386259,-12.2042042],[-77.0386849,-12.204238],[-77.0387519,-12.204234],[-77.0388333,-12.204234],[-77.0388556,-12.2042499],[-77.0388353,-12.2042837],[-77.038815,-12.2043234],[-77.0387194,-12.2043334],[-77.0386483,-12.2043493],[-77.0385792,-12.2043731],[-77.0385751,-12.2044069],[-77.0385954,-12.2044268],[-77.0386422,-12.2044347],[-77.0387032,-12.2044466],[-77.0387357,-12.2044903],[-77.0387113,-12.2045738],[-77.0386544,-12.2046533],[-77.0385771,-12.2046811],[-77.0385019,-12.2047029],[-77.0384308,-12.2046751],[-77.0383942,-12.2046274],[-77.0383739,-12.204534],[-77.0383556,-12.2044864],[-77.0382926,-12.2044228],[-77.0382661,-12.204387],[-77.0382234,-12.2043056],[-77.0382092,-12.2042658],[-77.0382255,-12.2041864],[-77.0382458,-12.2041387],[-77.0382885,-12.2041208],[-77.0383759,-12.2041168]],[[-77.038594,-12.2047552],[-77.038663,-12.2047535],[-77.0387055,-12.2047725],[-77.0386895,-12.2048313],[-77.0386612,-12.2048763],[-77.0386046,-12.2048763],[-77.0385604,-12.2048417],[-77.038594,-12.2047552]],[[-77.0382772,-12.2046583],[-77.0383339,-12.204712],[-77.0383445,-12.2047829],[-77.0383162,-12.2048348],[-77.0382666,-12.2048486],[-77.0382365,-12.2048157],[-77.0382135,-12.2048417],[-77.0381834,-12.2048175],[-77.0381604,-12.2047811],[-77.0381693,-12.2047241],[-77.0381958,-12.2046843],[-77.0382772,-12.2046583]],[[-77.0383508,-12.2053713],[-77.0384037,-12.2054011],[-77.0384382,-12.2054527],[-77.0384118,-12.2054825],[-77.0383752,-12.2054607],[-77.0383305,-12.2054329],[-77.0383508,-12.2053713]],[[-77.0381933,-12.2052024],[-77.0382461,-12.2052322],[-77.0382807,-12.2052839],[-77.0382543,-12.2053137],[-77.0382177,-12.2052918],[-77.0381729,-12.205264],[-77.0381933,-12.2052024]],[[-77.0387787,-12.2050753],[-77.0388316,-12.2051051],[-77.0388661,-12.2051567],[-77.0388397,-12.2051865],[-77.0388031,-12.2051647],[-77.0387584,-12.2051368],[-77.0387787,-12.2050753]],[[-76.7078605,-12.5890939],[-76.7078068,-12.5889853],[-76.7079705,-12.588645],[-76.708,-12.5883611],[-76.7082799,-12.5883],[-76.7082324,-12.588648],[-76.7083137,-12.5886504],[-76.7084012,-12.5886972],[-76.7085117,-12.5889688],[-76.7083883,-12.589091],[-76.7082265,-12.5890787],[-76.7080732,-12.5891781],[-76.7078605,-12.5890939]],[[-77.1834101,-11.8461601],[-77.1839118,-11.8462907],[-77.1838984,-11.8464639],[-77.1837401,-11.8465217],[-77.1835819,-11.8464823],[-77.1834987,-11.8464141],[-77.1834666,-11.8463327],[-77.1834101,-11.8461601]],[[-77.2197729,-11.7958792],[-77.2199366,-11.7959212],[-77.2200251,-11.7960105],[-77.2201565,-11.7962441],[-77.2201458,-11.7963728],[-77.2199151,-11.7963124],[-77.2197488,-11.7961864],[-77.2196388,-11.796063],[-77.2195825,-11.7959212],[-77.2196469,-11.7958713],[-77.2197729,-11.7958792]],[[-77.222836,-11.7988776],[-77.2227207,-11.7986675],[-77.2227701,-11.7984601],[-77.2230184,-11.7983603],[-77.2231767,-11.7983393],[-77.2232464,-11.7982238],[-77.2233135,-11.7981766],[-77.2233456,-11.7982711],[-77.2232866,-11.7984627],[-77.2232115,-11.7985966],[-77.2231123,-11.7986912],[-77.2230613,-11.7987332],[-77.2230345,-11.7988146],[-77.222997,-11.7988749],[-77.2229245,-11.7988881],[-77.222836,-11.7988776]],[[-77.2400853,-11.7879472],[-77.2401658,-11.787921],[-77.2402489,-11.787921],[-77.2402677,-11.7879945],[-77.2401953,-11.7881599],[-77.2400987,-11.7882938],[-77.2399995,-11.7883884],[-77.239919,-11.788433],[-77.2397983,-11.7883936],[-77.2397795,-11.788328],[-77.2398815,-11.7881888],[-77.2399539,-11.7881258],[-77.2399995,-11.7880733],[-77.2400853,-11.7879472]],[[-77.2405654,-11.7875691],[-77.2407451,-11.7874615],[-77.240831,-11.78743],[-77.2409141,-11.7874169],[-77.2410321,-11.7872908],[-77.2411448,-11.7872016],[-77.2413325,-11.78717],[-77.2414184,-11.7875009],[-77.2413862,-11.7877267],[-77.2411201,-11.7880101],[-77.241059,-11.7881468],[-77.2405922,-11.7879893],[-77.2405064,-11.7877687],[-77.2405654,-11.7875691]],[[-77.2636968,-11.7769246],[-77.2637719,-11.7770033],[-77.2638255,-11.7770979],[-77.2638094,-11.7772239],[-77.2636432,-11.7772554],[-77.263568,-11.7772082],[-77.2635198,-11.7770874],[-77.2635573,-11.7769613],[-77.2636002,-11.7769193],[-77.2636968,-11.7769246]],[[-77.267704,-11.7757325],[-77.2678167,-11.775785],[-77.2679347,-11.7759005],[-77.2678864,-11.7760423],[-77.2677416,-11.7761001],[-77.2675914,-11.7760738],[-77.2675216,-11.7759425],[-77.2675431,-11.7757955],[-77.2675753,-11.7757325],[-77.267704,-11.7757325]],[[-77.2658479,-11.7738367],[-77.2660142,-11.7738682],[-77.2660732,-11.7739365],[-77.2660732,-11.7740572],[-77.2659767,-11.7742043],[-77.2657782,-11.774199],[-77.2657192,-11.774031],[-77.2657728,-11.7738787],[-77.2658479,-11.7738367]],[[-77.2662556,-11.7736004],[-77.266379,-11.7736791],[-77.2664058,-11.7737527],[-77.2663736,-11.7739102],[-77.2662234,-11.7739522],[-77.2661376,-11.7738157],[-77.2660732,-11.7736791],[-77.2660518,-11.7735951],[-77.2660679,-11.7735321],[-77.2662556,-11.7736004]],[[-76.8899486,-12.3189877],[-76.8899792,-12.3189971],[-76.8900036,-12.3190231],[-76.8899973,-12.3190627],[-76.8899755,-12.3190991],[-76.8899419,-12.3191017],[-76.8899044,-12.3190558],[-76.8898829,-12.3190401],[-76.8898749,-12.3190244],[-76.8899138,-12.3189956],[-76.8899486,-12.3189877]],[[-76.8892288,-12.3196849],[-76.8893252,-12.3197402],[-76.8893863,-12.3198094],[-76.8893792,-12.319844],[-76.8893509,-12.3198491],[-76.8893155,-12.3198163],[-76.889273,-12.3197956],[-76.8892217,-12.31978],[-76.8891863,-12.3197333],[-76.889181,-12.3197022],[-76.8892005,-12.3196832],[-76.8892288,-12.3196849]],[[-76.8885807,-12.3197165],[-76.8885427,-12.3197172],[-76.8885011,-12.3197006],[-76.888478,-12.3196871],[-76.8884334,-12.3197096],[-76.888418,-12.3196946],[-76.8884257,-12.319678],[-76.8884472,-12.31966],[-76.8884488,-12.3196359],[-76.8884657,-12.3196148],[-76.888475,-12.3195983],[-76.8885058,-12.3195802],[-76.8885366,-12.3195471],[-76.8885304,-12.3195305],[-76.8885119,-12.3195411],[-76.8884888,-12.3195636],[-76.8884441,-12.3195787],[-76.8884226,-12.3195847],[-76.888401,-12.3195742],[-76.8884072,-12.3195546],[-76.8884257,-12.319529],[-76.8884488,-12.3194869],[-76.8884888,-12.3194402],[-76.8885381,-12.3193936],[-76.8885535,-12.3193454],[-76.8885443,-12.3193198],[-76.888532,-12.3192988],[-76.8885443,-12.3192687],[-76.8885597,-12.3192536],[-76.8885905,-12.3192476],[-76.8886182,-12.3192295],[-76.8886737,-12.3191799],[-76.888703,-12.3191558],[-76.8887261,-12.3191362],[-76.888723,-12.3191136],[-76.8887107,-12.3190986],[-76.888703,-12.319082],[-76.888706,-12.3190579],[-76.8887199,-12.3190489],[-76.8887523,-12.3190534],[-76.8887754,-12.319073],[-76.8887954,-12.3190911],[-76.8888077,-12.3191136],[-76.8887892,-12.3191347],[-76.8887908,-12.3191588],[-76.8888077,-12.3191753],[-76.8888339,-12.3191708],[-76.8888589,-12.3191597],[-76.8888833,-12.3191816],[-76.888928,-12.3192154],[-76.888991,-12.3193007],[-76.888991,-12.3193325],[-76.8889809,-12.3193663],[-76.8889484,-12.3193921],[-76.888924,-12.3194199],[-76.8889219,-12.3194596],[-76.8889423,-12.3194815],[-76.8889605,-12.3195053],[-76.8889301,-12.319541],[-76.8888935,-12.3195589],[-76.8888467,-12.3195688],[-76.8887939,-12.3195688],[-76.8887532,-12.3195589],[-76.8887126,-12.3195907],[-76.8886821,-12.3196165],[-76.8886086,-12.3197027],[-76.8885807,-12.3197165]],[[-77.1939492,-11.7669454],[-77.194002,-11.7669902],[-77.1940899,-11.7669805],[-77.1941524,-11.7669629],[-77.1942382,-11.7670137],[-77.1942792,-11.7670976],[-77.1943867,-11.7671329],[-77.1944667,-11.7672127],[-77.1945411,-11.7673027],[-77.1945292,-11.7673672],[-77.1945371,-11.7674297],[-77.1945879,-11.7675294],[-77.1945917,-11.7676367],[-77.1946347,-11.7677266],[-77.1947422,-11.7677891],[-77.1948184,-11.7678789],[-77.1948789,-11.7679726],[-77.194957,-11.7680957],[-77.1950235,-11.7681562],[-77.1951914,-11.768254],[-77.1953086,-11.768291],[-77.1954121,-11.768336],[-77.1955195,-11.7683341],[-77.1955801,-11.7683164],[-77.1956954,-11.7683066],[-77.1957792,-11.7682774],[-77.1958437,-11.7682051],[-77.1959082,-11.7681152],[-77.1959667,-11.7681504],[-77.1960137,-11.7682441],[-77.1960605,-11.7683399],[-77.1961055,-11.7683887],[-77.1961739,-11.7684746],[-77.1962715,-11.7685371],[-77.1963711,-11.7685625],[-77.1964687,-11.7685176],[-77.1965507,-11.7684356],[-77.1966757,-11.7683731],[-77.1967422,-11.7682989],[-77.1968399,-11.7682695],[-77.1969395,-11.7683242],[-77.1970332,-11.7683145],[-77.1970996,-11.7683145],[-77.197166,-11.7682832],[-77.1972597,-11.7683301],[-77.1973711,-11.7683652],[-77.1974336,-11.7684667],[-77.197543,-11.7684454],[-77.1975996,-11.768418],[-77.197709,-11.768418],[-77.1977676,-11.7683906],[-77.1978711,-11.7682364],[-77.197916,-11.7681972],[-77.1979609,-11.7681445],[-77.198043,-11.7680722],[-77.1981601,-11.7680704],[-77.1982129,-11.7680957],[-77.1982676,-11.7682051],[-77.1982539,-11.7683379],[-77.1981934,-11.7684531],[-77.1980507,-11.7686055],[-77.1980566,-11.768668],[-77.1980155,-11.7687774],[-77.1979669,-11.7688847],[-77.1980547,-11.76892],[-77.1981172,-11.7689395],[-77.1982051,-11.7689746],[-77.1982812,-11.7690176],[-77.1982539,-11.7691231],[-77.1982832,-11.7692187],[-77.1983867,-11.76925],[-77.1984336,-11.7693379],[-77.1984336,-11.769416],[-77.1984121,-11.7694746],[-77.198373,-11.76959],[-77.1982441,-11.7696757],[-77.1981562,-11.7697422],[-77.1982031,-11.7698594],[-77.198211,-11.7699687],[-77.1980547,-11.7701856],[-77.1979707,-11.770295],[-77.1978535,-11.7703242],[-77.1976309,-11.7702969],[-77.1975312,-11.7703066],[-77.1974297,-11.770336],[-77.1973027,-11.7702735],[-77.1972344,-11.7702656],[-77.1971445,-11.7703107],[-77.1969551,-11.7705566],[-77.1968672,-11.7707207],[-77.1968437,-11.7708672],[-77.1968496,-11.7710156],[-77.1968632,-11.7711972],[-77.1968691,-11.7712715],[-77.1968925,-11.7713419],[-77.1970117,-11.7713145],[-77.1971211,-11.7713145],[-77.1971934,-11.7713731],[-77.1972715,-11.7714492],[-77.1972891,-11.7715566],[-77.1973555,-11.7716289],[-77.1974434,-11.7716992],[-77.1975801,-11.7718789],[-77.1976972,-11.7718887],[-77.1978164,-11.7718476],[-77.1979044,-11.7718047],[-77.1980254,-11.7718125],[-77.1980722,-11.7718691],[-77.1981172,-11.7720919],[-77.1982187,-11.7721075],[-77.1982774,-11.7720722],[-77.1983886,-11.7720547],[-77.198461,-11.7721034],[-77.1985586,-11.7722382],[-77.1986132,-11.7722969],[-77.1986992,-11.7723594],[-77.1987344,-11.7724101],[-77.1987695,-11.772461],[-77.1988027,-11.7725664],[-77.1987969,-11.772666],[-77.1986972,-11.772836],[-77.1986564,-11.7729101],[-77.1985645,-11.7729922],[-77.1983242,-11.7730684],[-77.1982246,-11.773086],[-77.1981445,-11.7731406],[-77.1981562,-11.7732402],[-77.1981562,-11.7733887],[-77.1981445,-11.7734825],[-77.1980996,-11.7735724],[-77.1981035,-11.7737187],[-77.198082,-11.7738184],[-77.1980586,-11.7740254],[-77.1980449,-11.774125],[-77.1980254,-11.7742169],[-77.1979844,-11.7743086],[-77.1979609,-11.7743594],[-77.1979141,-11.7744336],[-77.197834,-11.7745254],[-77.1977891,-11.7745801],[-77.1977382,-11.7746895],[-77.1976855,-11.7747559],[-77.1976055,-11.7748164],[-77.1975235,-11.7748632],[-77.1974492,-11.7748926],[-77.1973926,-11.7749121],[-77.1971582,-11.7749941],[-77.1970879,-11.7750294],[-77.1969316,-11.7751114],[-77.1968066,-11.775168],[-77.19667,-11.7752266],[-77.1964844,-11.7753125],[-77.1964297,-11.7754141],[-77.1963809,-11.7754414],[-77.1963145,-11.775459],[-77.1961211,-11.7754825],[-77.1960312,-11.7755899],[-77.1959277,-11.7757794],[-77.1958711,-11.7759492],[-77.1958066,-11.7762422],[-77.1957715,-11.7763399],[-77.195709,-11.7766132],[-77.1956406,-11.7768906],[-77.1956211,-11.7770176],[-77.1956055,-11.7771621],[-77.1955976,-11.777287],[-77.1956231,-11.7773809],[-77.1956621,-11.7774336],[-77.1956406,-11.7775059],[-77.1956875,-11.7775819],[-77.1956856,-11.7777207],[-77.1957031,-11.7779062],[-77.1957382,-11.7781641],[-77.1957656,-11.778293],[-77.1957735,-11.7783535],[-77.1957871,-11.7784257],[-77.195797,-11.7785781],[-77.195793,-11.7787266],[-77.1957891,-11.7787891],[-77.1957832,-11.7788575],[-77.1957539,-11.7789882],[-77.1957461,-11.779015],[-77.1957305,-11.7790684],[-77.1956777,-11.7791875],[-77.1956016,-11.7792597],[-77.1955391,-11.7793516],[-77.1954454,-11.7795684],[-77.1953829,-11.7797851],[-77.1953535,-11.7799297],[-77.1953465,-11.7800344],[-77.1953457,-11.7800469],[-77.1953437,-11.7801601],[-77.1953535,-11.780254],[-77.195373,-11.7803809],[-77.1954062,-11.7805],[-77.1954629,-11.7806114],[-77.1955274,-11.7806972],[-77.1956035,-11.7807539],[-77.1956719,-11.7807676],[-77.195708,-11.7807514],[-77.1957285,-11.7807422],[-77.1958457,-11.7806016],[-77.1959257,-11.7805391],[-77.1960391,-11.780543],[-77.196086,-11.7806426],[-77.1961016,-11.7807872],[-77.1961074,-11.7808809],[-77.1960537,-11.7809471],[-77.1960123,-11.7810269],[-77.195919,-11.7811076],[-77.1958796,-11.7812931],[-77.1959511,-11.7812676],[-77.1960817,-11.7810718],[-77.1961582,-11.7810722],[-77.1961246,-11.7811623],[-77.1962851,-11.7811016],[-77.196336,-11.781125],[-77.1965507,-11.7811797],[-77.1966114,-11.7812402],[-77.1966035,-11.7813125],[-77.1965194,-11.7813965],[-77.196461,-11.7814356],[-77.1962526,-11.7815924],[-77.1961485,-11.7816524],[-77.1960287,-11.7816355],[-77.1958718,-11.7816666],[-77.1959133,-11.7817606],[-77.1960975,-11.7817748],[-77.1962812,-11.7818555],[-77.1963419,-11.7818985],[-77.1963534,-11.7819306],[-77.1963016,-11.7819927],[-77.1964346,-11.7820413],[-77.1965136,-11.782],[-77.1966055,-11.7820586],[-77.196709,-11.7821172],[-77.1967735,-11.7821249],[-77.1968437,-11.7821426],[-77.1969209,-11.7822459],[-77.1969672,-11.7821261],[-77.1970529,-11.7820507],[-77.1970848,-11.782229],[-77.1971895,-11.7820586],[-77.1972364,-11.7820137],[-77.197332,-11.7820391],[-77.1973555,-11.7821035],[-77.1973926,-11.7821562],[-77.1972939,-11.7823455],[-77.1976459,-11.7821393],[-77.1977575,-11.7821384],[-77.197873,-11.7821445],[-77.1979669,-11.7821972],[-77.1981035,-11.7823516],[-77.19825,-11.7825801],[-77.198291,-11.782668],[-77.1983164,-11.7827989],[-77.1983204,-11.7829141],[-77.1983104,-11.7830254],[-77.1983027,-11.7830899],[-77.1982539,-11.7832382],[-77.1981484,-11.7834825],[-77.1980761,-11.7835879],[-77.1980312,-11.7836347],[-77.1979609,-11.7836524],[-77.1978614,-11.7836895],[-77.1977539,-11.7837149],[-77.1976972,-11.7837969],[-77.1974844,-11.7840235],[-77.1973242,-11.7842266],[-77.1972656,-11.7842539],[-77.1971582,-11.7842735],[-77.1970917,-11.7843007],[-77.1969922,-11.7843106],[-77.1968204,-11.7843125],[-77.1967187,-11.7843399],[-77.196623,-11.7843399],[-77.1965,-11.7842871],[-77.1964044,-11.7842559],[-77.1963046,-11.7842246],[-77.1962402,-11.7841895],[-77.1961582,-11.7841406],[-77.19609,-11.7840996],[-77.1959882,-11.7840294],[-77.195793,-11.7840097],[-77.1957643,-11.7839388],[-77.1957131,-11.7838554],[-77.195677,-11.7837068],[-77.19568,-11.7836261],[-77.1958342,-11.7834221],[-77.1955565,-11.7835292],[-77.1954193,-11.7836437],[-77.1952718,-11.7836799],[-77.1951679,-11.7836248],[-77.195015,-11.7836211],[-77.1948741,-11.7837453],[-77.1950444,-11.7838301],[-77.1950032,-11.7838631],[-77.1949726,-11.7839082],[-77.1949316,-11.7839844],[-77.1948652,-11.7840039],[-77.1948457,-11.7841015],[-77.194793,-11.7841367],[-77.1946797,-11.7841485],[-77.1946152,-11.7841211],[-77.1945117,-11.7841132],[-77.1943886,-11.7841231],[-77.1942676,-11.7841426],[-77.1942356,-11.7839912],[-77.1940989,-11.784013],[-77.1939812,-11.7841775],[-77.1939019,-11.7842607],[-77.1939702,-11.7843675],[-77.194104,-11.7843629],[-77.1941816,-11.7844141],[-77.1941386,-11.7844864],[-77.1940156,-11.7844864],[-77.1939101,-11.784461],[-77.1938614,-11.7843789],[-77.1938594,-11.7842754],[-77.1938476,-11.7841992],[-77.193832,-11.7841367],[-77.193795,-11.784082],[-77.1937559,-11.7840097],[-77.1937246,-11.7838476],[-77.1937344,-11.7837851],[-77.1937266,-11.7837207],[-77.1936992,-11.7836114],[-77.1936329,-11.783545],[-77.1935605,-11.7834981],[-77.1934882,-11.7834881],[-77.1934277,-11.7834687],[-77.1933691,-11.7834434],[-77.1932754,-11.7833906],[-77.1931699,-11.7833222],[-77.1930684,-11.7832735],[-77.192998,-11.7832481],[-77.1928846,-11.7832031],[-77.1928204,-11.7831875],[-77.1927246,-11.7831777],[-77.1926191,-11.7831875],[-77.1924707,-11.7832187],[-77.1922812,-11.7832735],[-77.1920605,-11.7833047],[-77.1918007,-11.7833555],[-77.1915097,-11.783418],[-77.1911035,-11.7834766],[-77.1909297,-11.7835097],[-77.1906131,-11.7835664],[-77.1904316,-11.7836016],[-77.1901837,-11.7836992],[-77.1901426,-11.7837579],[-77.1901035,-11.7838476],[-77.1900801,-11.783957],[-77.1900684,-11.7840744],[-77.1900469,-11.7841914],[-77.1900236,-11.7843632],[-77.1899902,-11.7844746],[-77.1899746,-11.784545],[-77.1899629,-11.7846445],[-77.1899395,-11.7847539],[-77.1898535,-11.7849257],[-77.1898047,-11.7850332],[-77.1897441,-11.785125],[-77.1896934,-11.7851719],[-77.1896347,-11.7852441],[-77.1895176,-11.7852539],[-77.189457,-11.7853262],[-77.1893711,-11.7854805],[-77.1892891,-11.7855625],[-77.1892324,-11.7855996],[-77.189125,-11.7855919],[-77.1890096,-11.7855762],[-77.188961,-11.7856739],[-77.1889375,-11.7857364],[-77.1889199,-11.7858007],[-77.1889141,-11.7859181],[-77.1888751,-11.7860371],[-77.188793,-11.7860996],[-77.1886992,-11.7861544],[-77.1886349,-11.786252],[-77.1885937,-11.786336],[-77.1885937,-11.786545],[-77.1885684,-11.7865976],[-77.1885291,-11.7866524],[-77.1884824,-11.786711],[-77.1883809,-11.786795],[-77.1883164,-11.7868535],[-77.1882402,-11.7869082],[-77.188209,-11.7870274],[-77.1881601,-11.7870996],[-77.188082,-11.7870899],[-77.1879707,-11.7870996],[-77.1879141,-11.787209],[-77.1878965,-11.7872989],[-77.1878652,-11.7873731],[-77.1878261,-11.7874219],[-77.1878261,-11.7874922],[-77.1877832,-11.7875801],[-77.1876386,-11.7876545],[-77.1875195,-11.787627],[-77.1874629,-11.7875996],[-77.1873965,-11.7876191],[-77.1872832,-11.7877637],[-77.1871992,-11.7879825],[-77.1871628,-11.7880848],[-77.1871136,-11.7882054],[-77.18704,-11.7882937],[-77.1870691,-11.7885915],[-77.1872668,-11.788572],[-77.1874833,-11.7886287],[-77.1875542,-11.7887341],[-77.1875209,-11.7888654],[-77.1874233,-11.7889312],[-77.1872921,-11.789035],[-77.1871503,-11.7890731],[-77.1870593,-11.7890345],[-77.1869604,-11.788946],[-77.1867544,-11.7888739],[-77.1867305,-11.78878],[-77.1868876,-11.7886555],[-77.1870144,-11.7885854],[-77.186995,-11.7883735],[-77.1868986,-11.7884394],[-77.1866714,-11.788517],[-77.1865514,-11.7886444],[-77.1864725,-11.7889933],[-77.1864577,-11.789298],[-77.1863301,-11.7895703]],[[-77.1992129,-11.6937187],[-77.1992051,-11.6937969],[-77.1991875,-11.6938614],[-77.1991542,-11.6939551],[-77.1990996,-11.6940547],[-77.1990625,-11.6941132],[-77.1990137,-11.6942207],[-77.1989687,-11.6942754],[-77.1989219,-11.6943691],[-77.1988672,-11.6945235],[-77.1988066,-11.6946231],[-77.1987461,-11.6947382],[-77.1987226,-11.694842],[-77.1987091,-11.694918],[-77.1986641,-11.6950176],[-77.1986504,-11.6951114],[-77.1985996,-11.6951992],[-77.1985645,-11.6953301],[-77.1985136,-11.6954356],[-77.1985156,-11.6954981],[-77.1984726,-11.6955976],[-77.1983829,-11.6957344],[-77.1983399,-11.695877],[-77.1981972,-11.6960566],[-77.1981524,-11.6961152],[-77.198084,-11.6961895],[-77.1979785,-11.6962794],[-77.1978867,-11.6964024],[-77.1977989,-11.6964434],[-77.1977305,-11.6965156],[-77.1976407,-11.6965919],[-77.1976172,-11.6966524],[-77.1975371,-11.6967422],[-77.1974824,-11.6968184],[-77.1974355,-11.6968985],[-77.1973027,-11.6970077],[-77.197211,-11.6971075],[-77.1971152,-11.6971777],[-77.196918,-11.6973906],[-77.1967871,-11.6974961],[-77.19667,-11.6976445],[-77.1965332,-11.6977637],[-77.1964746,-11.6978555],[-77.1964199,-11.6979101],[-77.1963281,-11.6979531],[-77.196127,-11.6981231],[-77.1960097,-11.6982012],[-77.1959434,-11.698293],[-77.1958281,-11.6983652],[-77.1957364,-11.6984121],[-77.1956699,-11.698502],[-77.1956016,-11.6985566],[-77.1955274,-11.6986406],[-77.1952285,-11.6989434],[-77.1951035,-11.6990762],[-77.1950586,-11.6991504],[-77.1949902,-11.6991954],[-77.1949219,-11.6992676],[-77.1948066,-11.6993125],[-77.1947167,-11.6993866],[-77.1946485,-11.6994316],[-77.1945274,-11.6995606],[-77.1944629,-11.6996445],[-77.1944004,-11.6997422],[-77.1943457,-11.699795],[-77.1942774,-11.6998906],[-77.1941504,-11.7000215],[-77.1939024,-11.7004395],[-77.1937636,-11.7006504],[-77.1936875,-11.700795],[-77.1936211,-11.700959],[-77.1936114,-11.701045],[-77.1934882,-11.701166],[-77.1932577,-11.7013399],[-77.1931914,-11.7014044],[-77.1930781,-11.7014785],[-77.192959,-11.7016035],[-77.1928066,-11.7017422],[-77.1926035,-11.7019121],[-77.19242,-11.7020704],[-77.1922792,-11.7022226],[-77.1922402,-11.7022891],[-77.1919239,-11.7026152],[-77.1918047,-11.7027617],[-77.1917422,-11.7028067],[-77.1916347,-11.7029454],[-77.1915781,-11.703002],[-77.1914707,-11.7030722],[-77.1914492,-11.7031347],[-77.1913731,-11.7031934],[-77.1912364,-11.703336],[-77.1910879,-11.7035176],[-77.1909825,-11.7035996],[-77.1908379,-11.7037285],[-77.1907676,-11.7038379],[-77.1905469,-11.7041094],[-77.1904766,-11.7041524],[-77.1903887,-11.7042461],[-77.1903204,-11.7043457],[-77.1902285,-11.7044082],[-77.1901837,-11.7044825],[-77.1901035,-11.7045469],[-77.1900332,-11.7046075],[-77.1899336,-11.7046954],[-77.1898535,-11.7047559],[-77.1898027,-11.7048125],[-77.1897304,-11.7049101],[-77.1896562,-11.7049864],[-77.1895351,-11.7051132],[-77.1894374,-11.7052207],[-77.1893476,-11.7053555],[-77.1892579,-11.7054746],[-77.1892149,-11.7055742],[-77.1891191,-11.7056972],[-77.189082,-11.7057832],[-77.1890136,-11.7058555],[-77.1889239,-11.7059922],[-77.1888281,-11.7060762],[-77.1887792,-11.706125],[-77.1886972,-11.706211],[-77.1886349,-11.7062989],[-77.1885351,-11.7064024],[-77.1884257,-11.7065117],[-77.1882695,-11.7067285],[-77.1882031,-11.706793],[-77.1881582,-11.7068926],[-77.1880781,-11.7070079],[-77.1880274,-11.7071191],[-77.1880176,-11.7072031],[-77.1878691,-11.7074121],[-77.1877812,-11.7075645],[-77.187625,-11.7077559],[-77.1874454,-11.7080097],[-77.1873965,-11.7080919],[-77.1873574,-11.7081544],[-77.187332,-11.7082754],[-77.1872735,-11.7084982],[-77.187209,-11.7086445],[-77.1871406,-11.7087344],[-77.1871211,-11.7088066],[-77.1870292,-11.7089375],[-77.1869375,-11.7091132],[-77.1868965,-11.7091621],[-77.1868086,-11.7092754],[-77.1867324,-11.7094121],[-77.1866641,-11.7095586],[-77.1865625,-11.70967],[-77.1865176,-11.7097597],[-77.1864042,-11.7098615],[-77.1862774,-11.7100156],[-77.1862246,-11.7100704],[-77.1861347,-11.7101426],[-77.1860449,-11.7102344],[-77.1859531,-11.7103066],[-77.1858496,-11.7103985],[-77.1857402,-11.7104844],[-77.1856172,-11.7105957],[-77.1854297,-11.7107637],[-77.1853164,-11.7108535],[-77.1852031,-11.7109726],[-77.1850937,-11.7110664],[-77.1850001,-11.7111465],[-77.1848847,-11.7112656],[-77.1847285,-11.7113555],[-77.1846114,-11.711457],[-77.184498,-11.7115469],[-77.1843847,-11.7116485],[-77.184248,-11.7117207],[-77.184041,-11.7118575],[-77.1839492,-11.7119316],[-77.1838614,-11.7119941],[-77.1837226,-11.7121231],[-77.1836094,-11.7122149],[-77.183582,-11.7123419],[-77.1835469,-11.7124766],[-77.1835489,-11.7125664],[-77.1835059,-11.7127031],[-77.1835195,-11.7130919],[-77.1834961,-11.7132325],[-77.1834375,-11.7134454],[-77.1833691,-11.7135625],[-77.1833027,-11.713627],[-77.1832812,-11.7136992],[-77.1832441,-11.7137735],[-77.1831934,-11.713834],[-77.1831621,-11.71392],[-77.183127,-11.7139981],[-77.1830371,-11.7141152],[-77.1829062,-11.7144239],[-77.1828867,-11.7145606],[-77.1829024,-11.7150391],[-77.1828594,-11.7152012],[-77.1828204,-11.7152676],[-77.1827617,-11.7154141],[-77.1826836,-11.7155527],[-77.182457,-11.7158205],[-77.1824024,-11.7158732],[-77.1821855,-11.7160294],[-77.181957,-11.7162207],[-77.1818574,-11.7162499],[-77.1817031,-11.7162774],[-77.1814882,-11.7163556],[-77.1814024,-11.7163516],[-77.1812637,-11.7163809],[-77.1811934,-11.7164084],[-77.181127,-11.7164707],[-77.1810507,-11.7165625],[-77.1810136,-11.7166172],[-77.1809395,-11.7167344],[-77.180877,-11.7168594],[-77.180795,-11.7170606],[-77.180709,-11.7173145],[-77.1806954,-11.717418],[-77.1806582,-11.7175742],[-77.1806075,-11.7177364],[-77.1806075,-11.7178672],[-77.180586,-11.7179395],[-77.1805,-11.7181211],[-77.1804571,-11.7182656],[-77.1804121,-11.7183379],[-77.1803906,-11.7184004],[-77.1803711,-11.7185195],[-77.1803261,-11.7185919],[-77.1802832,-11.718711],[-77.1802382,-11.7187735],[-77.1802129,-11.7188555],[-77.1801739,-11.7189649],[-77.1799414,-11.7192539],[-77.1798829,-11.7193184],[-77.1798146,-11.7193652],[-77.1795371,-11.7194669],[-77.1794686,-11.7195099],[-77.1792579,-11.7197344],[-77.1791777,-11.7199121],[-77.1789746,-11.7201641],[-77.1788419,-11.7203575],[-77.1787989,-11.7205294],[-77.1788027,-11.720631],[-77.1788086,-11.7207735],[-77.178834,-11.7208906],[-77.179,-11.7209514],[-77.1788261,-11.7213965],[-77.1787851,-11.7214865],[-77.1787851,-11.7215781],[-77.1787597,-11.7216562],[-77.1786739,-11.7217676],[-77.1784746,-11.7220625],[-77.1783672,-11.7222656],[-77.1782285,-11.7224844],[-77.1782402,-11.7228555],[-77.1783125,-11.7229454],[-77.1783867,-11.7229941],[-77.178461,-11.7232422],[-77.1784434,-11.723377],[-77.1784101,-11.7234629],[-77.1783456,-11.7235899],[-77.1782305,-11.7237169],[-77.178166,-11.723836],[-77.1781074,-11.7238965],[-77.1780391,-11.7239239],[-77.1779492,-11.7240156],[-77.1778124,-11.7241056],[-77.177666,-11.7242676],[-77.177582,-11.724332],[-77.1774726,-11.7244434],[-77.1771132,-11.7248887],[-77.1769316,-11.7250801],[-77.1769121,-11.7251719],[-77.1765449,-11.7254356],[-77.1763632,-11.725582],[-77.1762616,-11.7256914],[-77.1760917,-11.725836],[-77.176002,-11.7259551],[-77.1759101,-11.7260097],[-77.1758672,-11.7261191],[-77.1757735,-11.7262149],[-77.1754922,-11.7264687],[-77.1754375,-11.7265469],[-77.1752774,-11.7266914],[-77.175209,-11.7267382],[-77.1751445,-11.7268281],[-77.1750274,-11.7269297],[-77.1749941,-11.7269981],[-77.1748965,-11.7271152],[-77.1748047,-11.7272441],[-77.174707,-11.7274024],[-77.1746211,-11.727582],[-77.1745489,-11.7277051],[-77.1744726,-11.727791],[-77.1744239,-11.72792],[-77.174285,-11.7281132],[-77.1741562,-11.7282752],[-77.1740762,-11.7283985],[-77.1740117,-11.7285],[-77.1738906,-11.7287051],[-77.1738496,-11.7288262],[-77.1737402,-11.7290351],[-77.1736406,-11.7291289],[-77.1735976,-11.7292129],[-77.1735489,-11.7292617],[-77.1734239,-11.7293632],[-77.1733047,-11.7294922],[-77.1732325,-11.729545],[-77.1731289,-11.7296544],[-77.1729687,-11.7298457],[-77.172875,-11.7299375],[-77.1727774,-11.730043],[-77.1726914,-11.7301875],[-77.1726114,-11.730291],[-77.172541,-11.7304044],[-77.1725,-11.7304726],[-77.1723437,-11.730709],[-77.1722792,-11.7307812],[-77.1721445,-11.7310391],[-77.1720195,-11.7313399],[-77.1719726,-11.7314981],[-77.1718829,-11.7316621],[-77.1718399,-11.7317617],[-77.1717716,-11.7318242],[-77.1716035,-11.7321114],[-77.1715351,-11.7322579],[-77.1714004,-11.7325704],[-77.1713379,-11.7326856],[-77.1712129,-11.7328731],[-77.1711739,-11.732924],[-77.1711094,-11.733041],[-77.1710664,-11.7332031],[-77.1709141,-11.7335566],[-77.1706816,-11.734047],[-77.1706191,-11.7341562],[-77.1705625,-11.7342735],[-77.1704961,-11.734375],[-77.1704492,-11.7345],[-77.1703926,-11.7345976],[-77.1703222,-11.734791],[-77.1702344,-11.7349941],[-77.1701485,-11.7352539],[-77.1701035,-11.7353281],[-77.1700566,-11.7354551],[-77.1699902,-11.7355702],[-77.1699297,-11.7356972],[-77.1699082,-11.7357695],[-77.1698202,-11.7359336]],[[-77.1698202,-11.7359336],[-77.1701712,-11.7360739],[-77.1700287,-11.7363882],[-77.1699877,-11.7365778],[-77.1699486,-11.7366833],[-77.1699291,-11.7367751],[-77.1698862,-11.7368844],[-77.1698699,-11.7370091],[-77.1698165,-11.7371919],[-77.1697839,-11.7376277],[-77.1698226,-11.737891],[-77.1697895,-11.7382327],[-77.1697132,-11.7386467],[-77.1695766,-11.7393655],[-77.169602,-11.7398811],[-77.1696156,-11.7401135],[-77.1696321,-11.7401486],[-77.1695813,-11.7404227],[-77.1697316,-11.7412432],[-77.1696394,-11.7416779],[-77.1698395,-11.7424898],[-77.1697173,-11.7435335],[-77.1694804,-11.74469],[-77.1693835,-11.7459269],[-77.1693645,-11.7464331],[-77.1693944,-11.7469961]],[[-77.1693944,-11.7469961],[-77.1694687,-11.7470742],[-77.1695272,-11.747166],[-77.1696367,-11.7474277],[-77.1697679,-11.7475233],[-77.169994,-11.747566],[-77.1703008,-11.747529],[-77.1705548,-11.7474866],[-77.1707505,-11.7475077],[-77.1707856,-11.7476006],[-77.1707068,-11.7476975],[-77.1705104,-11.7477202],[-77.1703661,-11.7477031],[-77.1700322,-11.7477007],[-77.1696835,-11.7477325],[-77.1695684,-11.7478385],[-77.1695183,-11.7482929],[-77.1695528,-11.7487565],[-77.1697012,-11.7493125],[-77.1697396,-11.7495375],[-77.1698682,-11.7497055],[-77.1700269,-11.7498191],[-77.1702083,-11.7499875],[-77.1704,-11.7501051],[-77.1704719,-11.7502755],[-77.170575,-11.7503645],[-77.1707284,-11.7506394],[-77.1708783,-11.7510317],[-77.1709606,-11.7513453],[-77.1709986,-11.7515952],[-77.1710162,-11.7517336],[-77.1710537,-11.7520379],[-77.171041,-11.7524356],[-77.171086,-11.752502],[-77.1710899,-11.7525939],[-77.1711406,-11.7527579],[-77.1711445,-11.7529121],[-77.1711719,-11.7530195],[-77.1711777,-11.753295],[-77.1712051,-11.7534082],[-77.1712226,-11.7539296],[-77.1712695,-11.7540332],[-77.1713281,-11.7542735],[-77.1713457,-11.7549277],[-77.1713027,-11.7550684],[-77.1713066,-11.7552344],[-77.1712871,-11.7553145],[-77.1712735,-11.755457],[-77.1712832,-11.7560136],[-77.171334,-11.7561445],[-77.1713379,-11.7562441],[-77.1713809,-11.7564024],[-77.1714395,-11.7566426],[-77.1714454,-11.7567187],[-77.1714941,-11.7567871],[-77.171498,-11.756875],[-77.1715176,-11.7569902],[-77.1715489,-11.7570937],[-77.1715781,-11.7571524],[-77.1716504,-11.7572676],[-77.171668,-11.7573281],[-77.1717402,-11.7574961],[-77.1717695,-11.7576211],[-77.1717533,-11.7577113],[-77.1717587,-11.7578584],[-77.1717399,-11.7579792],[-77.1716895,-11.7581793],[-77.171662,-11.7584132],[-77.1716673,-11.7585615],[-77.1716989,-11.7587719],[-77.1717169,-11.7589391],[-77.1717158,-11.7591136],[-77.1717024,-11.7592527],[-77.1716729,-11.7593998],[-77.171638,-11.7595573],[-77.1715978,-11.7597096],[-77.1715522,-11.7598777],[-77.1715227,-11.7599906],[-77.1714878,-11.7602112],[-77.1714744,-11.7605499],[-77.1714664,-11.7608598],[-77.1714154,-11.7611591],[-77.1713966,-11.7614086],[-77.1713644,-11.7616554],[-77.1713671,-11.7618445],[-77.1713269,-11.7620598],[-77.1713027,-11.7623119],[-77.1713108,-11.7625325],[-77.1713215,-11.7627163],[-77.171292,-11.7628975],[-77.1712571,-11.7630892],[-77.1712813,-11.7633255],[-77.1712598,-11.7635382],[-77.1712812,-11.7637325],[-77.1712851,-11.7639941],[-77.1713281,-11.7641992],[-77.1713476,-11.7643614],[-77.171373,-11.7644277],[-77.1713847,-11.764539],[-77.171416,-11.7646582],[-77.1714784,-11.7648496],[-77.1715117,-11.7649902],[-77.1716016,-11.7652539],[-77.1716816,-11.7654201],[-77.1717207,-11.7654747],[-77.1717891,-11.7656191],[-77.1719316,-11.7659082],[-77.1721542,-11.7662812],[-77.1722441,-11.7664219],[-77.1723164,-11.766582],[-77.1723789,-11.7667735],[-77.1725156,-11.7670684],[-77.1726488,-11.767332],[-77.1727051,-11.7674434],[-77.173416,-11.7672481],[-77.1734511,-11.7673555],[-77.1728314,-11.7675338],[-77.1728555,-11.7675859],[-77.1729062,-11.7676954],[-77.1729669,-11.7677794],[-77.1730917,-11.768045],[-77.173123,-11.7681387],[-77.1731485,-11.7682344],[-77.1731954,-11.7683612],[-77.1732285,-11.7684316],[-77.1733301,-11.7686465],[-77.1734042,-11.7689531],[-77.1736114,-11.7694025],[-77.1737305,-11.7697441],[-77.173961,-11.7701485],[-77.1741387,-11.7704551],[-77.1742812,-11.770627],[-77.1744375,-11.7708847],[-77.1746972,-11.7712187],[-77.1748906,-11.7714766],[-77.175,-11.7715996],[-77.175082,-11.7716544],[-77.1753614,-11.7713906],[-77.1756172,-11.7713516],[-77.1756211,-11.7713985],[-77.1753985,-11.7714257],[-77.1752285,-11.7715957],[-77.1751415,-11.7717552],[-77.1751732,-11.7717968],[-77.1752006,-11.7718427],[-77.1752643,-11.7719359],[-77.1753308,-11.772017],[-77.1754512,-11.7721574],[-77.1755255,-11.7722543],[-77.1756791,-11.7724012],[-77.1757585,-11.7725469],[-77.1758654,-11.7726463],[-77.1759147,-11.7726798],[-77.1759935,-11.7727164],[-77.1761086,-11.7727036],[-77.1763726,-11.7725783],[-77.1765097,-11.772378],[-77.1765878,-11.7722799],[-77.1767507,-11.7723282],[-77.1768588,-11.7723644],[-77.1769844,-11.7724141],[-77.177043,-11.7724395],[-77.1771406,-11.7725156],[-77.1771934,-11.7725899],[-77.177211,-11.7726485],[-77.1772207,-11.7727246],[-77.1771777,-11.772832],[-77.1770897,-11.7729414],[-77.1770391,-11.7729805],[-77.1769296,-11.7730664],[-77.1766875,-11.7732637],[-77.1766172,-11.7733614],[-77.176715,-11.7735552],[-77.1767722,-11.7736229],[-77.1768592,-11.7737365],[-77.1768834,-11.7738119],[-77.1769799,-11.7739073],[-77.1770819,-11.7739916],[-77.1771135,-11.7740721],[-77.1772413,-11.7741991],[-77.1773273,-11.7742881],[-77.1773873,-11.7743474],[-77.1774726,-11.7744726],[-77.1775702,-11.7745645],[-77.1776797,-11.7746582],[-77.1778867,-11.7748301],[-77.1781465,-11.7750176],[-77.1783145,-11.7751739],[-77.178455,-11.774881],[-77.1783239,-11.7747967],[-77.178383,-11.7744362],[-77.1784971,-11.7743147],[-77.178668,-11.7742656],[-77.1788776,-11.774316],[-77.1789875,-11.7744287],[-77.179043,-11.774535],[-77.17892,-11.7747774],[-77.178718,-11.7748849],[-77.1785896,-11.7752039],[-77.1786103,-11.7752907],[-77.1786483,-11.775334],[-77.1786875,-11.7753634],[-77.1787891,-11.7754395],[-77.1789472,-11.7754922],[-77.1790235,-11.7755294],[-77.1792715,-11.7756406],[-77.1793379,-11.77567],[-77.1795606,-11.77575],[-77.1797735,-11.7758301],[-77.1798476,-11.7758262],[-77.1799336,-11.7758125],[-77.1799239,-11.775711],[-77.1799512,-11.7756347],[-77.179971,-11.7756029],[-77.1799145,-11.7755596],[-77.1798674,-11.7754877],[-77.1798457,-11.7751798],[-77.1799186,-11.7748711],[-77.1800401,-11.7748438],[-77.1802409,-11.7748859],[-77.1805396,-11.7749254],[-77.1805444,-11.7751106],[-77.1804531,-11.7752543],[-77.1805618,-11.7753655],[-77.1804483,-11.7754318],[-77.1803202,-11.7754858],[-77.1802764,-11.7755342],[-77.1803239,-11.7756155],[-77.1803393,-11.775697],[-77.1804571,-11.7757365],[-77.1805254,-11.7757226],[-77.1806055,-11.7757226],[-77.180752,-11.7757031],[-77.1809511,-11.7756485],[-77.1810254,-11.7756231],[-77.181086,-11.7755919],[-77.1811504,-11.775541],[-77.1812031,-11.775457],[-77.1811954,-11.7753184],[-77.1811816,-11.7751191],[-77.1811094,-11.7750606],[-77.1810742,-11.7750801],[-77.1810507,-11.7750391],[-77.1811367,-11.7749882],[-77.1811699,-11.7750195],[-77.1811542,-11.7750371],[-77.1812617,-11.7751329],[-77.181502,-11.7752051],[-77.1815742,-11.7751934],[-77.1816191,-11.775168],[-77.1817461,-11.7750625],[-77.1818222,-11.775082],[-77.181832,-11.7750625],[-77.1816739,-11.774752],[-77.1816465,-11.7747637],[-77.1816172,-11.7746992],[-77.1816641,-11.7746836],[-77.1818399,-11.7749825],[-77.181918,-11.7749004],[-77.1819472,-11.7748379],[-77.1819336,-11.7747752],[-77.1819532,-11.7746934],[-77.1819101,-11.7746347],[-77.1818574,-11.7746856],[-77.1818419,-11.7746895],[-77.1818242,-11.7746934],[-77.1817931,-11.7746211],[-77.181836,-11.7745996],[-77.1818496,-11.7746114],[-77.1819492,-11.7745605],[-77.1818965,-11.7744492],[-77.1817794,-11.7745117],[-77.1817579,-11.7744766],[-77.1818809,-11.7743945],[-77.1818594,-11.7743614],[-77.1817344,-11.7744239],[-77.1817031,-11.7743965],[-77.1818614,-11.774295],[-77.1818301,-11.7742461],[-77.181752,-11.7742676],[-77.1817246,-11.7742559],[-77.1818281,-11.7741797],[-77.1818125,-11.7741346],[-77.1816719,-11.7741211],[-77.1816602,-11.774084],[-77.1818184,-11.7740742],[-77.1818105,-11.7739101],[-77.1817931,-11.773709],[-77.181832,-11.7736251],[-77.182125,-11.7736544],[-77.1822187,-11.7735976],[-77.1822441,-11.773582],[-77.182293,-11.7734981],[-77.1822617,-11.7733535],[-77.1821954,-11.7733145],[-77.1821211,-11.7733222],[-77.1821132,-11.7732481],[-77.1822832,-11.7732441],[-77.1823399,-11.7733242],[-77.1823731,-11.773416],[-77.1823965,-11.7734669],[-77.1824649,-11.7735684],[-77.1826375,-11.7734121],[-77.1828255,-11.7735457],[-77.1827207,-11.7737715],[-77.1828091,-11.7736617],[-77.1828694,-11.7737004],[-77.1828242,-11.7738106],[-77.1828699,-11.7738412],[-77.1830228,-11.7735147],[-77.1832544,-11.773716],[-77.1831329,-11.7740156],[-77.1832597,-11.7740507],[-77.1833242,-11.7740899],[-77.183416,-11.7741485],[-77.183627,-11.7743555],[-77.1837832,-11.7743535],[-77.1839121,-11.7743379],[-77.1839961,-11.774295],[-77.1840937,-11.7735117],[-77.1838574,-11.7734805],[-77.1838652,-11.773418],[-77.184168,-11.773465],[-77.1840527,-11.7743047],[-77.1843789,-11.7742676],[-77.184447,-11.7735583],[-77.1842037,-11.773531],[-77.1842031,-11.7734593],[-77.1845977,-11.7735466],[-77.1844611,-11.7741866],[-77.1844726,-11.7742579],[-77.1845937,-11.7742266],[-77.1848007,-11.7741914],[-77.1849336,-11.7741816],[-77.1851386,-11.7741445],[-77.1853457,-11.7741055],[-77.185541,-11.7740664],[-77.1856485,-11.774041],[-77.1857285,-11.774041],[-77.1858007,-11.7740489],[-77.1859062,-11.7740391],[-77.1859726,-11.7740274],[-77.1862617,-11.7740274],[-77.1865156,-11.774002],[-77.1866934,-11.7739785],[-77.1869512,-11.7739024],[-77.1870957,-11.7737851],[-77.1871035,-11.773668],[-77.1870781,-11.7735664],[-77.1870801,-11.7734707],[-77.1870625,-11.7732715],[-77.1870684,-11.773207],[-77.1870684,-11.7731347],[-77.1871191,-11.7729277],[-77.1871699,-11.7728184],[-77.1872129,-11.7727735],[-77.1872969,-11.7727187],[-77.1873965,-11.7727539],[-77.187498,-11.7728241],[-77.187582,-11.7728965],[-77.1876544,-11.7729785],[-77.1877735,-11.7729882],[-77.1879062,-11.7729082],[-77.1880097,-11.7728379],[-77.1880937,-11.7727461],[-77.1881367,-11.772707],[-77.1881719,-11.7726016],[-77.1881524,-11.7724864],[-77.1882071,-11.7723691],[-77.188252,-11.7723106],[-77.188293,-11.772252],[-77.188375,-11.7721387],[-77.1884217,-11.7720254],[-77.1884277,-11.7719024],[-77.188461,-11.7718262],[-77.188627,-11.7716544],[-77.1886992,-11.7715762],[-77.1887891,-11.7714297],[-77.1888242,-11.7712402],[-77.188748,-11.7710762],[-77.1886132,-11.7709044],[-77.1885937,-11.7708007],[-77.1886289,-11.7706524],[-77.1886972,-11.7705742],[-77.1888066,-11.770582],[-77.1889785,-11.770625],[-77.1892344,-11.7707207],[-77.1894395,-11.7707676],[-77.1896992,-11.7707559],[-77.1897579,-11.7707832],[-77.1898731,-11.7708086],[-77.189957,-11.7707929],[-77.190084,-11.7707325],[-77.1902579,-11.7706289],[-77.1905801,-11.7703809],[-77.1908047,-11.7702207],[-77.1908672,-11.7701347],[-77.1908632,-11.7700254],[-77.1907617,-11.7698691],[-77.190799,-11.769793],[-77.191002,-11.7695117],[-77.1911601,-11.769127],[-77.1911329,-11.7690294],[-77.1910742,-11.7689082],[-77.1910507,-11.7688047],[-77.1910722,-11.7687031],[-77.1910547,-11.7686465],[-77.1909511,-11.7684785],[-77.1908614,-11.768254],[-77.1909004,-11.7681347],[-77.1909492,-11.7680996],[-77.1910371,-11.7680625],[-77.1911582,-11.7680254],[-77.191252,-11.7679531],[-77.1913555,-11.76792],[-77.1914551,-11.7679961],[-77.1915059,-11.7679492],[-77.1915684,-11.7678691],[-77.1916875,-11.7678945],[-77.191748,-11.7679941],[-77.191836,-11.7680469],[-77.1919082,-11.7680371],[-77.1920664,-11.7679902],[-77.1921601,-11.7679356],[-77.1922792,-11.767799],[-77.1923926,-11.7677735],[-77.1924902,-11.7678106],[-77.1926914,-11.7678261],[-77.1927851,-11.767793],[-77.1928399,-11.7677402],[-77.192883,-11.7676445],[-77.1929904,-11.7675996],[-77.1930566,-11.7675587],[-77.1931016,-11.7675137],[-77.1931524,-11.7674044],[-77.1932364,-11.7673399],[-77.1933145,-11.7673222],[-77.1933886,-11.7672832],[-77.193461,-11.7672364],[-77.1935351,-11.7671934],[-77.1936114,-11.7671836],[-77.1937461,-11.7671347],[-77.1938476,-11.7670586],[-77.1939492,-11.7669454]],[[-77.2213886,-12.0697891],[-77.2214098,-12.0698052],[-77.2214319,-12.0698327],[-77.2214533,-12.0698537],[-77.2214714,-12.0698747],[-77.2214735,-12.0698963],[-77.2214634,-12.0699192],[-77.221452,-12.069935],[-77.2214285,-12.0699409],[-77.221403,-12.0699396],[-77.2213796,-12.0699284],[-77.2213729,-12.0699081],[-77.2213615,-12.0698845],[-77.2213601,-12.0698543],[-77.2213675,-12.0698412],[-77.2213695,-12.0698202],[-77.2213642,-12.0698042],[-77.2213642,-12.0697979],[-77.2213685,-12.0697894],[-77.2213756,-12.0697868],[-77.2213886,-12.0697891]],[[-77.1868763,-12.1093473],[-77.1868924,-12.1093401],[-77.1869045,-12.1093368],[-77.1869206,-12.1093381],[-77.1869279,-12.1093505],[-77.1869259,-12.1093623],[-77.1869125,-12.1093846],[-77.1869125,-12.1093964],[-77.1869058,-12.1094089],[-77.1868911,-12.1094168],[-77.1868783,-12.1094161],[-77.1868595,-12.109424],[-77.1868408,-12.1094266],[-77.1868213,-12.1094227],[-77.1868173,-12.1094069],[-77.1868193,-12.1093945],[-77.18683,-12.1093814],[-77.1868414,-12.1093761],[-77.1868595,-12.1093715],[-77.1868663,-12.1093643],[-77.1868723,-12.1093574],[-77.1868763,-12.1093473]],[[-77.2360318,-12.1302493],[-77.2360452,-12.1302303],[-77.2360633,-12.1302224],[-77.2360727,-12.130229],[-77.2360808,-12.1302388],[-77.2360895,-12.1302565],[-77.2360995,-12.1302762],[-77.2360955,-12.1302867],[-77.2360821,-12.1302985],[-77.2360694,-12.1303129],[-77.2360653,-12.1303306],[-77.2360727,-12.1303417],[-77.2360902,-12.1303476],[-77.2361009,-12.1303516],[-77.236115,-12.130368],[-77.236121,-12.1303824],[-77.2361156,-12.1303929],[-77.2361022,-12.130402],[-77.2360935,-12.1304119],[-77.2361062,-12.130427],[-77.2361156,-12.1304289],[-77.2361244,-12.1304414],[-77.2361331,-12.1304578],[-77.2361512,-12.1304729],[-77.2361565,-12.1304958],[-77.2361673,-12.1305056],[-77.2361793,-12.1304997],[-77.2361927,-12.1304978],[-77.2361948,-12.1305109],[-77.236186,-12.1305279],[-77.2361659,-12.1305489],[-77.2361586,-12.1305568],[-77.2361565,-12.1305699],[-77.2361653,-12.1305797],[-77.2361706,-12.1305895],[-77.2361659,-12.130602],[-77.2361565,-12.1306125],[-77.2361425,-12.130619],[-77.2361364,-12.1306145],[-77.2361284,-12.1306118],[-77.2361203,-12.1306171],[-77.2361123,-12.1306243],[-77.2360902,-12.130621],[-77.2360855,-12.130604],[-77.2360834,-12.1305882],[-77.2360741,-12.1305738],[-77.2360741,-12.1305555],[-77.2360848,-12.1305404],[-77.2360902,-12.1305279],[-77.2360868,-12.1305148],[-77.2360828,-12.1304984],[-77.2360848,-12.1304709],[-77.2360875,-12.1304558],[-77.2360781,-12.1304466],[-77.2360801,-12.1304329],[-77.2360774,-12.1304211],[-77.236068,-12.1304224],[-77.2360596,-12.1304275],[-77.2360553,-12.1304263],[-77.2360561,-12.1304194],[-77.2360603,-12.1304116],[-77.2360585,-12.1304075],[-77.2360543,-12.1304048],[-77.2360514,-12.1304057],[-77.2360459,-12.130413],[-77.2360387,-12.1304242],[-77.236032,-12.1304299],[-77.2360259,-12.1304289],[-77.2360213,-12.1304255],[-77.2360192,-12.1304204],[-77.2360186,-12.1304129],[-77.2360285,-12.1303735],[-77.2360315,-12.1303571],[-77.2360288,-12.1303453],[-77.2360248,-12.1303411],[-77.2360191,-12.1303476],[-77.2360134,-12.1303529],[-77.2359969,-12.1303457],[-77.2359943,-12.1303267],[-77.2360057,-12.1303129],[-77.2360191,-12.1303109],[-77.2360258,-12.1303004],[-77.2360177,-12.1302854],[-77.2360124,-12.1302699],[-77.2360154,-12.1302618],[-77.2360238,-12.1302532],[-77.2360318,-12.1302493]],[[-77.1462157,-11.9047332],[-77.1462636,-11.9047695],[-77.1463007,-11.9048516],[-77.1462891,-11.9049414],[-77.1462656,-11.9050176],[-77.1462422,-11.9051132],[-77.1461974,-11.9051739],[-77.1461094,-11.9052129],[-77.1460586,-11.905252],[-77.1459961,-11.9053027],[-77.1459296,-11.9053516],[-77.145877,-11.9053926],[-77.1457285,-11.9054395],[-77.1456504,-11.9054434],[-77.1456132,-11.9054882],[-77.1455489,-11.9055801],[-77.1454687,-11.9056425],[-77.1454316,-11.905711],[-77.1454297,-11.9057695],[-77.1455489,-11.9057969],[-77.1455625,-11.9058691],[-77.1455274,-11.9059141],[-77.1454844,-11.9059512],[-77.1455117,-11.9060137],[-77.1455684,-11.9060312],[-77.1456465,-11.9060274],[-77.1457364,-11.9060117],[-77.145791,-11.9059844],[-77.1458495,-11.9059746],[-77.1459041,-11.9060351],[-77.1459277,-11.9061094],[-77.1459687,-11.9061739],[-77.1459824,-11.9062539],[-77.1460117,-11.906334],[-77.1461172,-11.9063535],[-77.1462441,-11.9063711],[-77.1463125,-11.9064277],[-77.1463476,-11.9065586],[-77.1463652,-11.9066387],[-77.146418,-11.9067246],[-77.1464472,-11.906795],[-77.1464746,-11.9069024],[-77.1465039,-11.9069864],[-77.1465351,-11.907082],[-77.1465801,-11.9071172],[-77.1466386,-11.907125],[-77.1467011,-11.9071152],[-77.1467754,-11.9070722],[-77.1468555,-11.9070294],[-77.1469375,-11.9070507],[-77.1469649,-11.9071347],[-77.1470079,-11.9071856],[-77.1470704,-11.9072481],[-77.1471699,-11.907332],[-77.1472149,-11.9074024],[-77.1471855,-11.9074707],[-77.1471152,-11.9074746],[-77.147043,-11.9075195],[-77.1469785,-11.9075801],[-77.1468886,-11.9076152],[-77.146791,-11.9076406],[-77.1466779,-11.9076211],[-77.1465957,-11.9076132],[-77.1465605,-11.9076601],[-77.1465391,-11.9077461],[-77.1464825,-11.9078731],[-77.146418,-11.9079454],[-77.1463496,-11.9079961],[-77.1463222,-11.9080566],[-77.1463319,-11.9081231],[-77.1464101,-11.908168],[-77.1464882,-11.9082285],[-77.1465039,-11.9083027],[-77.1465097,-11.9083652],[-77.1465489,-11.9084082],[-77.1465937,-11.9084454],[-77.1466406,-11.9085117],[-77.1466249,-11.9085996],[-77.1465586,-11.9086172],[-77.1464844,-11.9086582],[-77.146416,-11.9087481],[-77.1463867,-11.908836],[-77.1463985,-11.9089219],[-77.1464355,-11.9089882],[-77.1465312,-11.909045],[-77.1465937,-11.9091329],[-77.146623,-11.9092617],[-77.1466485,-11.9093496],[-77.1466992,-11.9094219],[-77.146752,-11.9094746],[-77.1467989,-11.9095274],[-77.1468222,-11.9096094],[-77.1467812,-11.9096972],[-77.1466347,-11.9097285],[-77.1465469,-11.9097382],[-77.1464707,-11.9097989],[-77.1464219,-11.9098281],[-77.1463399,-11.9098516],[-77.1462461,-11.9098027],[-77.1461601,-11.9097774],[-77.1460937,-11.9098066],[-77.146002,-11.9099356],[-77.1459667,-11.9100137],[-77.1459531,-11.9100684],[-77.1459025,-11.9101504],[-77.1458204,-11.9101875],[-77.1456777,-11.9101757],[-77.1455742,-11.9101562],[-77.1454922,-11.9101524],[-77.1454629,-11.9102266],[-77.145293,-11.9104746],[-77.1452187,-11.910627],[-77.1452031,-11.9106816],[-77.1451777,-11.9107344],[-77.1451621,-11.9107891],[-77.1451386,-11.9108476],[-77.1451132,-11.9109277],[-77.1450254,-11.9111152],[-77.1449355,-11.9112226],[-77.1449531,-11.9113145],[-77.1450254,-11.9113594],[-77.145082,-11.911377],[-77.1451757,-11.9114316],[-77.1451954,-11.9115645],[-77.1452871,-11.9116601],[-77.1453867,-11.9117266],[-77.1453809,-11.9117989],[-77.1452656,-11.9118594],[-77.1451954,-11.9119082],[-77.1451895,-11.9119726],[-77.1451739,-11.9120274],[-77.1451601,-11.9120976],[-77.1451445,-11.9122246],[-77.1451542,-11.9122891],[-77.1451601,-11.9123672],[-77.1451757,-11.912502],[-77.1451582,-11.9125801],[-77.1451035,-11.9126739],[-77.1450371,-11.9127364],[-77.144959,-11.912836],[-77.144914,-11.9128829],[-77.1448614,-11.9129316],[-77.1448086,-11.9130156],[-77.1447676,-11.9131016],[-77.1447617,-11.913211],[-77.1447774,-11.9132851],[-77.1448105,-11.9133397],[-77.1448437,-11.9134121],[-77.1448614,-11.9135117],[-77.1448574,-11.9136016],[-77.1448164,-11.913666],[-77.1447246,-11.9137832],[-77.144625,-11.9139375],[-77.1446055,-11.9140137],[-77.1445742,-11.914127],[-77.1445489,-11.9141816],[-77.1445332,-11.9142656],[-77.144461,-11.9143985],[-77.1443887,-11.9144627],[-77.1443534,-11.9145722],[-77.1442851,-11.9146816],[-77.1442656,-11.9147676],[-77.1442559,-11.9148419],[-77.1442481,-11.914918],[-77.1442167,-11.9149941],[-77.1441777,-11.9150919],[-77.1441386,-11.9152422],[-77.1441406,-11.9153047],[-77.1441524,-11.9153594],[-77.1441504,-11.9154316],[-77.1441152,-11.9155195],[-77.1440781,-11.9156075],[-77.1440292,-11.9157305],[-77.1439981,-11.9158222],[-77.1439786,-11.9158809],[-77.1439629,-11.9159669],[-77.1439316,-11.9160646],[-77.1438926,-11.9161544],[-77.1438652,-11.9162207],[-77.1438457,-11.9162735],[-77.1438261,-11.9163399],[-77.1437969,-11.9164024],[-77.1437792,-11.9164629],[-77.1437559,-11.9165137],[-77.1437305,-11.9165645],[-77.1437051,-11.9166367],[-77.1436914,-11.9167187],[-77.1436875,-11.9167754],[-77.1436601,-11.9168809],[-77.1436504,-11.9169336],[-77.143631,-11.9170001],[-77.1436075,-11.9170586],[-77.1435722,-11.9171309],[-77.1435176,-11.9172169],[-77.1434706,-11.9173086],[-77.1434355,-11.9173985],[-77.1434179,-11.9174629],[-77.1433809,-11.9175352],[-77.1433377,-11.9176094],[-77.1433027,-11.9176895],[-77.1432656,-11.9177695],[-77.1432364,-11.9178496],[-77.1432149,-11.9179004],[-77.1431816,-11.9179746],[-77.1431601,-11.9180507],[-77.1431406,-11.9181152],[-77.1431074,-11.9182012],[-77.1430762,-11.9182891],[-77.1430489,-11.9183672],[-77.1430176,-11.9184629],[-77.1429374,-11.9186562],[-77.1428906,-11.9187676],[-77.1428457,-11.9188535],[-77.1428105,-11.9189277],[-77.1427774,-11.9190039],[-77.1426739,-11.9192226],[-77.1426347,-11.9193125],[-77.1426055,-11.9193829],[-77.142586,-11.9194629],[-77.1425899,-11.9195722],[-77.1425937,-11.9196289],[-77.1425879,-11.9197051],[-77.1425607,-11.9197812],[-77.1425507,-11.9198379],[-77.1425351,-11.9199004],[-77.1425254,-11.9199629],[-77.1425039,-11.9200391],[-77.1424844,-11.9201152],[-77.1424569,-11.9202169],[-77.1424356,-11.9203086],[-77.1424141,-11.9203867],[-77.1423847,-11.9205059],[-77.1423476,-11.920627],[-77.1423205,-11.9206875],[-77.1422989,-11.9207481],[-77.1422754,-11.9207989],[-77.1422441,-11.9208614],[-77.1421797,-11.9209785],[-77.1421386,-11.9210781],[-77.1421211,-11.9211504],[-77.1421016,-11.9212364],[-77.1420802,-11.9213222],[-77.1420699,-11.921384],[-77.1421254,-11.9214818],[-77.1421481,-11.9215043],[-77.1424251,-11.9214977],[-77.14268,-11.9215255],[-77.1428912,-11.921524],[-77.1430717,-11.9215483],[-77.1432278,-11.9215402],[-77.143341,-11.9215394],[-77.1434037,-11.9215827],[-77.1434217,-11.9216539],[-77.1434069,-11.9217267],[-77.14336,-11.9217838],[-77.1432848,-11.9218061],[-77.1429561,-11.9217279],[-77.1427708,-11.9217299],[-77.1423985,-11.9216898],[-77.1420887,-11.9216732],[-77.142035,-11.9217174],[-77.1420199,-11.9217863],[-77.1420246,-11.9218666],[-77.142052,-11.9219048],[-77.1421865,-11.9219016],[-77.1423007,-11.9219042],[-77.1423578,-11.9219133],[-77.1424091,-11.921952],[-77.1423905,-11.9220383],[-77.1423504,-11.922067],[-77.1423156,-11.9220773],[-77.142249,-11.9220457],[-77.1421479,-11.922027],[-77.14205,-11.9220483],[-77.1419888,-11.9220767],[-77.1419442,-11.9221548],[-77.1419032,-11.9222406],[-77.1418717,-11.9223062],[-77.141855,-11.9223776],[-77.1418516,-11.9225039],[-77.1418297,-11.9226193],[-77.1417681,-11.9226824],[-77.1417323,-11.9227499],[-77.1417176,-11.9228423],[-77.1417,-11.9229782],[-77.141726,-11.9230581],[-77.1417264,-11.9231041],[-77.1416941,-11.923161],[-77.1416942,-11.9232178],[-77.1417505,-11.9232666],[-77.1422718,-11.9234008],[-77.1424186,-11.9234811],[-77.1424493,-11.9235372],[-77.1424321,-11.9236329],[-77.142358,-11.9236569],[-77.1422736,-11.9236346],[-77.1417345,-11.923436],[-77.1416484,-11.9234621],[-77.1415827,-11.9235757],[-77.1415135,-11.9236874],[-77.141464,-11.9237925],[-77.1414281,-11.9238882],[-77.1413999,-11.923965],[-77.1413635,-11.924046],[-77.1413383,-11.9241154],[-77.141324,-11.9241649],[-77.1412905,-11.9242388],[-77.1412546,-11.9243224],[-77.1412368,-11.9243935],[-77.1412163,-11.9244871],[-77.1411914,-11.9245807],[-77.1411673,-11.9247018],[-77.1411447,-11.9247912],[-77.1411148,-11.9248879],[-77.1411055,-11.924954],[-77.1410875,-11.9250249],[-77.1410748,-11.9250763],[-77.1410502,-11.925143],[-77.1410223,-11.9252221],[-77.1410038,-11.9252901],[-77.1409801,-11.9253747],[-77.1409558,-11.9254546],[-77.1409388,-11.9255385],[-77.1409328,-11.9255835],[-77.1409234,-11.9256486],[-77.1408987,-11.9257665],[-77.1408767,-11.925873],[-77.1408508,-11.9260051],[-77.1408214,-11.926099],[-77.140793,-11.9261864],[-77.1407596,-11.9263179],[-77.1407337,-11.9264577],[-77.1407253,-11.9265457],[-77.1407023,-11.9267091],[-77.1406513,-11.9269564],[-77.1405808,-11.9272291],[-77.1405591,-11.9273051],[-77.1405305,-11.9274308],[-77.1404839,-11.9275852],[-77.1404687,-11.9276777],[-77.1404649,-11.9277695],[-77.1404531,-11.9278497],[-77.1404512,-11.9279257],[-77.1404492,-11.9279826],[-77.1404355,-11.9280606],[-77.1403789,-11.9282715],[-77.1403574,-11.9283516],[-77.140332,-11.928459],[-77.1403105,-11.9285469],[-77.1402911,-11.9286289],[-77.1402695,-11.9287149],[-77.1402402,-11.928793],[-77.1402051,-11.9289044],[-77.1401601,-11.9290274],[-77.1400879,-11.9293809],[-77.1400761,-11.929457],[-77.1400625,-11.9295117],[-77.1400527,-11.9295742],[-77.140041,-11.9296367],[-77.1400254,-11.9297422],[-77.1400039,-11.9298516],[-77.1399512,-11.9300332],[-77.1397762,-11.9314642],[-77.1395624,-11.9331691],[-77.1394966,-11.9341659],[-77.1397179,-11.9342447],[-77.1403205,-11.9343465],[-77.1403595,-11.9344082],[-77.1403463,-11.9344532],[-77.1399535,-11.9344342],[-77.1396829,-11.9363732],[-77.1391344,-11.9383778],[-77.1391005,-11.9385003],[-77.1388922,-11.939253],[-77.1388787,-11.9393017]],[[-77.1565943,-11.875113],[-77.1565547,-11.8752285],[-77.1565079,-11.8754257],[-77.156416,-11.875752],[-77.1563965,-11.8758066],[-77.1563652,-11.8759454],[-77.1561934,-11.8763419],[-77.1561562,-11.8763985],[-77.1560314,-11.8767325],[-77.1559844,-11.8768419],[-77.1559316,-11.8770059],[-77.1558691,-11.8771954],[-77.1558066,-11.8773594],[-77.1557461,-11.8775312],[-77.1556992,-11.877627],[-77.1556641,-11.8777579],[-77.1556075,-11.8779472],[-77.1555509,-11.8781172],[-77.1555176,-11.8782031],[-77.1554277,-11.8785625],[-77.1553204,-11.8789395],[-77.1552715,-11.8791544],[-77.1552344,-11.8792969],[-77.1552149,-11.8793945],[-77.155211,-11.8794844],[-77.1551914,-11.8795586],[-77.155166,-11.879625],[-77.1550351,-11.8799609],[-77.1549766,-11.8801367],[-77.1549219,-11.8803184],[-77.1548652,-11.8804746],[-77.154666,-11.8809551],[-77.1545645,-11.8813906],[-77.1545215,-11.8815489],[-77.1544844,-11.8816524],[-77.1544551,-11.8819414],[-77.1544336,-11.8820371],[-77.1544082,-11.8822246],[-77.1544004,-11.8824687],[-77.1543555,-11.8827149],[-77.1542754,-11.8830254],[-77.15425,-11.8831016],[-77.154211,-11.8831836],[-77.1541542,-11.883295],[-77.154133,-11.8833457],[-77.1541016,-11.8834141],[-77.1540566,-11.8835176],[-77.154043,-11.8835899],[-77.1539961,-11.8837169],[-77.1539766,-11.8838437],[-77.1539531,-11.8839531],[-77.1539434,-11.8840332],[-77.1539336,-11.8840899],[-77.1539239,-11.8841777],[-77.153918,-11.8842695],[-77.1539082,-11.8843945],[-77.1539024,-11.8844825],[-77.1538847,-11.8846132],[-77.153875,-11.8846757],[-77.1538632,-11.8847832],[-77.1538476,-11.8848652],[-77.1538222,-11.884957],[-77.1538007,-11.8850195],[-77.1537754,-11.8851094],[-77.153748,-11.8852285],[-77.1536895,-11.8854726],[-77.1536367,-11.8855937],[-77.1535879,-11.8857169],[-77.1535274,-11.8858614],[-77.1535079,-11.8859356],[-77.153461,-11.8860351],[-77.1534239,-11.8861346],[-77.1533847,-11.8862169],[-77.1533672,-11.8863145],[-77.1533555,-11.8863867],[-77.1533379,-11.8864531],[-77.1533184,-11.8865274],[-77.1533007,-11.8866132],[-77.1532695,-11.8867539],[-77.1532559,-11.8868164],[-77.1532344,-11.8869024],[-77.1532187,-11.886959],[-77.1531797,-11.8870489],[-77.1531426,-11.8871191],[-77.1531152,-11.8871914],[-77.1530646,-11.8873361],[-77.1530254,-11.8874962],[-77.153,-11.887578],[-77.1529805,-11.8876445],[-77.1529472,-11.8877266],[-77.152918,-11.8878182],[-77.1528731,-11.887961],[-77.1528379,-11.8880957],[-77.1528222,-11.888209],[-77.152793,-11.8883204],[-77.1527579,-11.8884531],[-77.1527226,-11.8885801],[-77.152666,-11.8888047],[-77.1526445,-11.8888926],[-77.152627,-11.8889687],[-77.1525761,-11.8890899],[-77.1525527,-11.8891601],[-77.1525311,-11.8892402],[-77.1525,-11.8893222],[-77.152461,-11.8894201],[-77.1524257,-11.8895137],[-77.1523829,-11.8896035],[-77.1523652,-11.8896582],[-77.1523204,-11.8897774],[-77.1522989,-11.889836],[-77.1522559,-11.8899375],[-77.1521739,-11.8900664],[-77.1521329,-11.8901485],[-77.1521094,-11.8902012],[-77.1520645,-11.8902794],[-77.1520527,-11.8903516],[-77.1520294,-11.8904239],[-77.151996,-11.8904981],[-77.151957,-11.8905879],[-77.1519316,-11.8906562],[-77.1518789,-11.8907285],[-77.1518457,-11.890793],[-77.1518066,-11.8908731],[-77.1517579,-11.8909669],[-77.1516992,-11.8910527],[-77.1516719,-11.8911426],[-77.1516152,-11.8913106],[-77.1515879,-11.8913887],[-77.1515722,-11.891459],[-77.1515566,-11.8915176],[-77.151541,-11.8915879],[-77.1515136,-11.8916621],[-77.1514864,-11.8917305],[-77.1514472,-11.8918555],[-77.1514297,-11.891918],[-77.1514101,-11.8919707],[-77.1513847,-11.8920274],[-77.1513614,-11.8921289],[-77.1513417,-11.8922031],[-77.1513184,-11.8922637],[-77.1512752,-11.8923301],[-77.1512636,-11.8924004],[-77.15125,-11.8924686],[-77.1512129,-11.8925371],[-77.1511719,-11.8926035],[-77.1510605,-11.8927676],[-77.1510312,-11.8928222],[-77.1509825,-11.8929062],[-77.1509492,-11.8929531],[-77.1509297,-11.8930371],[-77.1508789,-11.8931309],[-77.1508437,-11.8932285],[-77.1507871,-11.8933867],[-77.1507285,-11.893461],[-77.1506621,-11.893541],[-77.1506211,-11.8936211],[-77.150584,-11.8936816],[-77.1505391,-11.8937617],[-77.1504824,-11.8938652],[-77.1504375,-11.8939472],[-77.1503654,-11.8941426],[-77.150334,-11.894205],[-77.1503007,-11.8942794],[-77.150258,-11.8943457],[-77.1502129,-11.8944277],[-77.1501504,-11.8945097],[-77.1500917,-11.8946132],[-77.1500489,-11.8947012],[-77.1500117,-11.8947579],[-77.1499766,-11.8948184],[-77.1499336,-11.8948809],[-77.1498945,-11.894959],[-77.1498496,-11.8950507],[-77.1498222,-11.8951094],[-77.1497775,-11.8951836],[-77.1497364,-11.8952539],[-77.1497031,-11.8953264],[-77.1496816,-11.8953985],[-77.1495742,-11.8955547],[-77.1495059,-11.8956582],[-77.1494299,-11.8957676],[-77.1493711,-11.8958809],[-77.1493476,-11.8959356],[-77.1492949,-11.8960351],[-77.1492656,-11.8961075],[-77.1492226,-11.8961777],[-77.1491934,-11.8962362],[-77.1491329,-11.8963184],[-77.149086,-11.8963632],[-77.1490137,-11.8964494],[-77.1489336,-11.8965254],[-77.148875,-11.8966329],[-77.1488146,-11.8967305],[-77.1487559,-11.8968125],[-77.1487012,-11.8968769],[-77.1486426,-11.8969299],[-77.1485976,-11.897002],[-77.1485645,-11.8970527],[-77.1485117,-11.8971231],[-77.1484454,-11.8972247],[-77.1483847,-11.897375],[-77.1483476,-11.8974805],[-77.1483379,-11.8975606],[-77.148293,-11.8976836],[-77.1482695,-11.8977596],[-77.1482226,-11.8978457],[-77.1481875,-11.897916],[-77.1481524,-11.8979864],[-77.1481094,-11.898043],[-77.1480527,-11.8981231],[-77.1480215,-11.8982051],[-77.1479902,-11.8982715],[-77.1479667,-11.8983457],[-77.1479454,-11.8984121],[-77.1479082,-11.8985195],[-77.1478906,-11.898584],[-77.147834,-11.8987402],[-77.1477949,-11.8988379],[-77.1477695,-11.8989024],[-77.147711,-11.8990254],[-77.1476739,-11.8991191],[-77.1476386,-11.8991739],[-77.1476035,-11.8992481],[-77.1475742,-11.8993106],[-77.1475254,-11.8993867],[-77.147502,-11.8994551],[-77.147461,-11.8995215],[-77.1474141,-11.8996094],[-77.1473496,-11.8996954],[-77.1472989,-11.8997969],[-77.1472637,-11.8998632],[-77.1472031,-11.8999844],[-77.1471562,-11.9001289],[-77.1470976,-11.9003164],[-77.1470566,-11.9004531],[-77.1470292,-11.900541],[-77.147002,-11.9006132],[-77.1469785,-11.90067],[-77.1469551,-11.9007266],[-77.1468926,-11.9008516],[-77.146834,-11.9009434],[-77.1468007,-11.901002],[-77.146748,-11.901086],[-77.1467167,-11.9011562],[-77.1466797,-11.9012149],[-77.1466582,-11.9012695],[-77.1466406,-11.9013242],[-77.146584,-11.9014297],[-77.1465527,-11.901502],[-77.1465351,-11.9015586],[-77.1464864,-11.901668],[-77.1464355,-11.901832],[-77.1464044,-11.9019785],[-77.1463965,-11.902045],[-77.1463926,-11.9021035],[-77.1463965,-11.9021934],[-77.1463965,-11.9022755],[-77.1463926,-11.9023516],[-77.146383,-11.9025],[-77.1463672,-11.902582],[-77.1463555,-11.9026777],[-77.1463535,-11.9027364],[-77.1463457,-11.9028066],[-77.1463242,-11.9028965],[-77.1462891,-11.9030176],[-77.1462735,-11.9030899],[-77.1462559,-11.9031641],[-77.1462441,-11.90325],[-77.1463184,-11.9033182],[-77.1463652,-11.9033829],[-77.1463204,-11.9034726],[-77.1462851,-11.9035254],[-77.1461797,-11.9036131],[-77.1461544,-11.9037129],[-77.1461367,-11.9037851],[-77.1461055,-11.903875],[-77.1460742,-11.903957],[-77.146037,-11.9040215],[-77.1459922,-11.9040957],[-77.1459414,-11.9041544],[-77.1458867,-11.9042364],[-77.1458829,-11.9043301],[-77.1459004,-11.9044024],[-77.1459375,-11.9044472],[-77.1460254,-11.9045274],[-77.1460996,-11.9046152],[-77.1461367,-11.9046621],[-77.1462011,-11.9047207],[-77.1462157,-11.9047332]],[[-77.1602656,-11.8663086],[-77.1601329,-11.86667],[-77.1599667,-11.8669219],[-77.1597539,-11.8672539],[-77.159711,-11.867334],[-77.1596406,-11.8675469],[-77.159586,-11.8676777],[-77.1595489,-11.86775],[-77.159459,-11.8680139],[-77.159375,-11.8681582],[-77.1593125,-11.86825],[-77.1592364,-11.8683809],[-77.1591757,-11.8685117],[-77.1591367,-11.868582],[-77.1590664,-11.8687441],[-77.1590195,-11.8688222],[-77.158959,-11.8689941],[-77.1588926,-11.8691934],[-77.1588417,-11.8693652],[-77.1587871,-11.8694687],[-77.1587246,-11.8696544],[-77.1586856,-11.8697461],[-77.158586,-11.8699394],[-77.1584766,-11.8701914],[-77.1583457,-11.870541],[-77.158293,-11.8706152],[-77.1582031,-11.8708106],[-77.1580976,-11.8710332],[-77.1580254,-11.8712597],[-77.1579511,-11.8714277],[-77.1579062,-11.8715235],[-77.1578086,-11.8717831],[-77.1577656,-11.871877],[-77.1577187,-11.8720801],[-77.1576699,-11.8722481],[-77.1576211,-11.8724746],[-77.1575802,-11.8726094],[-77.1575332,-11.872711],[-77.1574356,-11.8729101],[-77.1573671,-11.8731035],[-77.1573222,-11.8731972],[-77.1572754,-11.8732891],[-77.1572149,-11.8733926],[-77.1571934,-11.8734492],[-77.1570801,-11.873709],[-77.1570351,-11.8738106],[-77.1569454,-11.8740059],[-77.1568301,-11.8743027],[-77.1567422,-11.8746289],[-77.1566621,-11.8749414],[-77.156623,-11.8750294],[-77.1565943,-11.875113]],[[-76.9026361,-12.2992317],[-76.9026328,-12.2992077],[-76.9026246,-12.2991679],[-76.9026017,-12.2990875],[-76.9025818,-12.2989951],[-76.9025427,-12.2988556],[-76.9024904,-12.2986643],[-76.902481,-12.2985961],[-76.902485,-12.2985719],[-76.9024987,-12.2985399],[-76.9027627,-12.2983026],[-76.9028579,-12.2982069],[-76.9029855,-12.2980839],[-76.9032263,-12.2978887],[-76.903281,-12.2978787],[-76.903334,-12.2978886],[-76.9034016,-12.2979154],[-76.9035888,-12.2980589],[-76.903755,-12.2981716],[-76.9038892,-12.2982463],[-76.9039415,-12.2982659],[-76.9040126,-12.2982817],[-76.9040743,-12.2983262],[-76.9041373,-12.2984055],[-76.9042218,-12.2985411],[-76.9042969,-12.2986355],[-76.9043908,-12.2987219],[-76.9044642,-12.2987849],[-76.9045185,-12.2988609],[-76.9045933,-12.2989827],[-76.9046402,-12.2990757],[-76.9046791,-12.2991753],[-76.9047135,-12.2992403],[-76.9047508,-12.299269],[-76.904771,-12.2992657],[-76.9048005,-12.2992533],[-76.9048631,-12.2991872],[-76.9048863,-12.2991688],[-76.9049084,-12.2991668],[-76.9049393,-12.2991753],[-76.9049526,-12.2992063],[-76.9049865,-12.2992895]],[[-77.1909486,-12.1022231],[-77.1910867,-12.1022008],[-77.1912503,-12.1021877],[-77.1913672,-12.1021651],[-77.1916044,-12.1021182],[-77.1919584,-12.1019975]],[[-77.1919584,-12.1019975],[-77.1920846,-12.1019179],[-77.1922857,-12.1017458],[-77.1924359,-12.1016225],[-77.1925673,-12.1015333],[-77.192857,-12.1013786],[-77.1932548,-12.1011854],[-77.1934524,-12.1010639],[-77.1936192,-12.1009199],[-77.1937072,-12.1008121],[-77.1938226,-12.1006626],[-77.1940223,-12.1004203],[-77.1940774,-12.1003348],[-77.1941578,-12.1001853],[-77.1942437,-12.0998968],[-77.194351,-12.0995847],[-77.1945303,-12.0991378],[-77.1947452,-12.0988137],[-77.1948767,-12.0986616],[-77.1950161,-12.0985462],[-77.1953487,-12.0984517],[-77.1956242,-12.0983697],[-77.1959211,-12.098167],[-77.1961395,-12.0979241],[-77.1964473,-12.0975758],[-77.1966764,-12.0971116],[-77.1968132,-12.0968441],[-77.1969286,-12.0967051],[-77.1969822,-12.0966631],[-77.1970332,-12.0966356],[-77.1971096,-12.0966028],[-77.1972089,-12.09657],[-77.1973228,-12.0965372],[-77.1974878,-12.0965162],[-77.1976836,-12.0965477],[-77.1978593,-12.0965897],[-77.1979827,-12.0966093],[-77.1981034,-12.0966159],[-77.1982066,-12.0965989],[-77.1983635,-12.0965464],[-77.1985272,-12.0965071],[-77.1986935,-12.0964913],[-77.1989711,-12.0964625],[-77.1991602,-12.0964061],[-77.1992876,-12.0963313],[-77.1993855,-12.0962264],[-77.1994686,-12.0961163],[-77.1996148,-12.0959104],[-77.199757,-12.0957347],[-77.1998481,-12.095635],[-77.199942,-12.0955065],[-77.2000372,-12.0953334],[-77.200107,-12.095079],[-77.2001606,-12.0947118],[-77.2001982,-12.0941611],[-77.2002143,-12.0935054],[-77.2002718,-12.0928323],[-77.2002988,-12.0926045],[-77.2003457,-12.0924222],[-77.2004387,-12.092217],[-77.2005511,-12.0920422],[-77.2006863,-12.0918715],[-77.2008658,-12.091687],[-77.2012088,-12.0914205],[-77.2015609,-12.0912192],[-77.201985,-12.0909944],[-77.2029662,-12.0904998]],[[-77.2029662,-12.0904998],[-77.2038245,-12.0899176],[-77.2047969,-12.0888728]],[[-77.2153688,-12.1040222],[-77.2149825,-12.1044942],[-77.2147223,-12.1048352],[-77.2146553,-12.1049794],[-77.2146606,-12.1051158],[-77.2147296,-12.105287],[-77.2148243,-12.1054121],[-77.2148672,-12.1055249],[-77.2148645,-12.1056901],[-77.2148618,-12.1058186],[-77.2148591,-12.1059419],[-77.2148243,-12.1060468],[-77.2147679,-12.1061622],[-77.2146794,-12.1062251],[-77.2145684,-12.10624],[-77.2144501,-12.1062264],[-77.2143509,-12.1061648],[-77.2142784,-12.1061386],[-77.2141363,-12.1061281],[-77.2140303,-12.1060861],[-77.2139673,-12.1060389],[-77.2139405,-12.1059819],[-77.2139029,-12.1059353],[-77.2138808,-12.1059117],[-77.2138493,-12.1059091],[-77.2138157,-12.1059128],[-77.2132989,-12.1062171],[-77.2126718,-12.106612],[-77.2119473,-12.1070827],[-77.2102672,-12.1081029],[-77.2098058,-12.1083599],[-77.2094062,-12.1086352],[-77.2091299,-12.1088503],[-77.2088429,-12.1090916],[-77.208387,-12.1095217],[-77.2080115,-12.1098049],[-77.2075903,-12.1100226],[-77.2070968,-12.1102114],[-77.2052139,-12.1104684],[-77.2046721,-12.1105943],[-77.2041665,-12.1108382],[-77.2038996,-12.1111017],[-77.2037789,-12.1112696],[-77.2036676,-12.1114427],[-77.2035778,-12.1116341],[-77.2035027,-12.1117547],[-77.2033793,-12.1119042],[-77.2032613,-12.1120642],[-77.2032224,-12.1122084],[-77.2032264,-12.1122963],[-77.2032774,-12.1123854],[-77.2033739,-12.1125113],[-77.2034678,-12.112611],[-77.2035429,-12.112666],[-77.2035791,-12.1127237],[-77.2035992,-12.1127821],[-77.2036046,-12.1128549],[-77.2035912,-12.1130188],[-77.2035811,-12.1131414],[-77.2035751,-12.1132351],[-77.203563,-12.1133217],[-77.203559,-12.1133781],[-77.2035476,-12.1134489],[-77.2035214,-12.113521],[-77.2034946,-12.1135879],[-77.2034711,-12.1136101],[-77.203439,-12.1136128],[-77.2034061,-12.1135983],[-77.2033129,-12.1135118],[-77.203217,-12.1134095],[-77.2031486,-12.1133315],[-77.2030755,-12.1131879],[-77.2030514,-12.1131289],[-77.2030527,-12.1130771],[-77.2030628,-12.1130273],[-77.2030608,-12.1129781],[-77.2030393,-12.1129519],[-77.2029997,-12.1129408],[-77.2029495,-12.112944],[-77.2029233,-12.1129689],[-77.2029032,-12.1130109],[-77.2028878,-12.1130516],[-77.2028737,-12.1130843],[-77.2028388,-12.1131171],[-77.2027959,-12.1131263],[-77.2027543,-12.1131119],[-77.2027235,-12.1130909],[-77.202706,-12.1130371],[-77.202702,-12.112986],[-77.2027034,-12.1129329],[-77.2027134,-12.1128745],[-77.2027188,-12.1128391],[-77.2027141,-12.1128149],[-77.2026953,-12.1127959],[-77.2026779,-12.1127926],[-77.2026571,-12.1127932],[-77.2026128,-12.112809],[-77.2025692,-12.1128352],[-77.2025263,-12.1128667],[-77.2024801,-12.112887],[-77.202413,-12.112904],[-77.2023701,-12.1129139],[-77.2023198,-12.1129388],[-77.202295,-12.1129735],[-77.2022849,-12.1130129],[-77.2022943,-12.113064],[-77.2023211,-12.1131315],[-77.2023466,-12.113184],[-77.2024177,-12.1132351],[-77.202464,-12.1132561],[-77.2025357,-12.1132889],[-77.202578,-12.1133191],[-77.2026115,-12.113344],[-77.2026303,-12.1133676],[-77.2026403,-12.1133794],[-77.2026551,-12.1134003],[-77.2026578,-12.1134266],[-77.2026356,-12.1134469],[-77.2025974,-12.1134594],[-77.2025625,-12.1134607],[-77.2025344,-12.1134554],[-77.2024888,-12.1134456],[-77.2024506,-12.1134312],[-77.2024264,-12.1134299],[-77.2023916,-12.113443],[-77.2023634,-12.1134738],[-77.2023359,-12.1135256],[-77.2023084,-12.1135584],[-77.2022501,-12.1135793],[-77.2022219,-12.1135879],[-77.2021957,-12.1135997],[-77.2021622,-12.1136134],[-77.2021394,-12.1136193],[-77.2021079,-12.1136226],[-77.2020657,-12.1135997],[-77.2020026,-12.1135321],[-77.2019839,-12.1134954],[-77.201955,-12.113439],[-77.2019329,-12.1133525],[-77.2019255,-12.1132961],[-77.2019202,-12.1132115],[-77.2019168,-12.1131525],[-77.2019134,-12.1131027],[-77.2019101,-12.1130424],[-77.201896,-12.1129512],[-77.2018866,-12.1128431],[-77.2018906,-12.1127821],[-77.2019074,-12.1127172],[-77.2019329,-12.112672],[-77.2019577,-12.1126333],[-77.2019698,-12.1125946],[-77.2019684,-12.1125651],[-77.201955,-12.1125356],[-77.2019269,-12.1124982],[-77.2018953,-12.112449],[-77.2018806,-12.1123992],[-77.2018752,-12.1123612],[-77.2018685,-12.1123264],[-77.2018638,-12.1123015],[-77.2018591,-12.1122701],[-77.2018578,-12.1122346],[-77.2018692,-12.1122078],[-77.2018906,-12.112196],[-77.2019188,-12.1121907],[-77.201947,-12.1121914],[-77.2019818,-12.1121953],[-77.2020194,-12.1121973],[-77.2020603,-12.1122012],[-77.2020918,-12.1122012],[-77.2021334,-12.1121979],[-77.2021522,-12.1121678],[-77.2021562,-12.1121416],[-77.2021542,-12.112093],[-77.2021388,-12.112055],[-77.202123,-12.1120314],[-77.2021032,-12.1120111],[-77.2020824,-12.1119911],[-77.2020704,-12.1119796],[-77.2020523,-12.1119593],[-77.2020358,-12.1119383],[-77.202014,-12.1119183],[-77.2019939,-12.1119078],[-77.2019731,-12.1119088],[-77.2019544,-12.1119144],[-77.2019396,-12.1119193],[-77.201902,-12.1119199],[-77.2018759,-12.1119022],[-77.2018397,-12.1118662],[-77.2018115,-12.1118078],[-77.2017834,-12.1117292],[-77.2017431,-12.111638],[-77.2017056,-12.1115718],[-77.2016593,-12.1115128],[-77.2015943,-12.1114184],[-77.2015399,-12.1113325],[-77.2014803,-12.111227],[-77.2014602,-12.1111647],[-77.2014509,-12.1110962],[-77.2014508,-12.1110217],[-77.2014655,-12.110867],[-77.2014548,-12.1107477],[-77.2013783,-12.1106126],[-77.2012443,-12.110455],[-77.2011262,-12.1103687],[-77.2009519,-12.110332],[-77.2006515,-12.1103058],[-77.2004557,-12.1103045],[-77.2002981,-12.1103183],[-77.2001968,-12.1103346],[-77.2000225,-12.1103294],[-77.1998924,-12.1103071],[-77.199765,-12.1102769],[-77.1996416,-12.1102455],[-77.1995598,-12.1102153],[-77.199478,-12.1101963],[-77.1993493,-12.1101445],[-77.1991548,-12.1100462],[-77.1989617,-12.1099491],[-77.1987914,-12.1098849],[-77.198676,-12.1098416],[-77.1985231,-12.1098154],[-77.1983984,-12.1098193],[-77.1982884,-12.1098534],[-77.1981758,-12.1099098],[-77.1981195,-12.1099714],[-77.1980551,-12.1100789],[-77.1980122,-12.1101722],[-77.197986,-12.1102219],[-77.1979666,-12.1102547],[-77.1979357,-12.1102842],[-77.1979136,-12.1103143],[-77.1979022,-12.1103582],[-77.1979076,-12.1103923],[-77.1979424,-12.1104448],[-77.19798,-12.1104867],[-77.1979961,-12.1105156],[-77.1980061,-12.110553],[-77.1980045,-12.1105792],[-77.197989,-12.1105979],[-77.1979629,-12.1106031],[-77.1979243,-12.1105943],[-77.1978693,-12.11059],[-77.1978137,-12.1105956],[-77.1977798,-12.1106113],[-77.1977403,-12.1106369],[-77.1977144,-12.1106634],[-77.1976883,-12.1106939],[-77.1976702,-12.1107182],[-77.1976538,-12.1107365],[-77.1976085,-12.1107864],[-77.1975823,-12.1108136],[-77.1975545,-12.1108362],[-77.1975183,-12.1108529],[-77.197467,-12.1108513],[-77.1974127,-12.1108369],[-77.1973423,-12.1108087],[-77.1972826,-12.1107818],[-77.1971998,-12.1107359],[-77.1971679,-12.1107067],[-77.1971344,-12.1106766],[-77.1970949,-12.1106198],[-77.1970721,-12.110572],[-77.1970613,-12.1105156],[-77.1970586,-12.1104566],[-77.1970573,-12.1104225],[-77.1970493,-12.1104035],[-77.1970144,-12.110391],[-77.1969822,-12.1103989],[-77.196948,-12.1104146],[-77.1969178,-12.1104271],[-77.1968588,-12.1104297],[-77.1967757,-12.110412],[-77.1967341,-12.110412],[-77.1966778,-12.110431],[-77.196651,-12.1104579],[-77.1966161,-12.110513],[-77.1965906,-12.1105471],[-77.196549,-12.1105549],[-77.1965202,-12.110549],[-77.1964833,-12.1105287],[-77.1964344,-12.1104815],[-77.196317,-12.1104642],[-77.1961561,-12.1105702],[-77.1959654,-12.1105371],[-77.1958519,-12.1102859],[-77.195622,-12.1100661],[-77.1955153,-12.1099132],[-77.1955201,-12.1097787],[-77.1954935,-12.1096202],[-77.1954225,-12.1097462],[-77.1952975,-12.1098649],[-77.1951626,-12.109861],[-77.1950601,-12.1097393],[-77.1950811,-12.1095872],[-77.1952777,-12.1093341],[-77.1954361,-12.109175],[-77.1955287,-12.1090826],[-77.1955879,-12.108936],[-77.1957433,-12.1087771],[-77.1957673,-12.1086688],[-77.1957141,-12.1085689],[-77.1956883,-12.1084995],[-77.1955252,-12.1084553],[-77.195371,-12.1082665],[-77.1951658,-12.1083395],[-77.1950122,-12.108463],[-77.1950087,-12.1086913],[-77.1949023,-12.1088945],[-77.1947766,-12.1090443],[-77.1947217,-12.1092151],[-77.1945275,-12.1093712],[-77.194471,-12.1093904],[-77.1944536,-12.1093348],[-77.1944381,-12.1093112],[-77.194362,-12.1090991],[-77.1943513,-12.1090817],[-77.1943412,-12.1090768],[-77.1943298,-12.1090768],[-77.1943235,-12.1090837],[-77.1943201,-12.1090948],[-77.1943201,-12.1091129],[-77.1943463,-12.1092135],[-77.1943583,-12.1092601],[-77.1943523,-12.1092869],[-77.1943268,-12.1093079],[-77.1942859,-12.1093368],[-77.194239,-12.1093617],[-77.1942209,-12.1093676],[-77.1941914,-12.1093637],[-77.1941625,-12.1093355],[-77.1941397,-12.1092876],[-77.194125,-12.1092456],[-77.1941029,-12.1092076],[-77.1940633,-12.1091578],[-77.194013,-12.1091066],[-77.1939889,-12.1090771],[-77.19396,-12.1090352],[-77.1939473,-12.1089644],[-77.1939332,-12.1089309],[-77.1939138,-12.1089178],[-77.1938561,-12.108908],[-77.1938199,-12.1089119],[-77.1937897,-12.1089257],[-77.1937609,-12.1089454],[-77.1937394,-12.1089762],[-77.1937247,-12.1090208],[-77.1937092,-12.1090739],[-77.1936905,-12.1091598],[-77.1936717,-12.1092332],[-77.1936646,-12.1092679],[-77.1936539,-12.1092866],[-77.1936341,-12.1092948],[-77.193616,-12.1092928],[-77.1935792,-12.1092719],[-77.1935268,-12.1092279],[-77.193431,-12.1091361],[-77.1933934,-12.1090896],[-77.1933686,-12.1090273],[-77.1933518,-12.108984],[-77.1933357,-12.1089342],[-77.1933103,-12.1088883],[-77.1932834,-12.1088621],[-77.1932419,-12.1088424],[-77.1931882,-12.1088319],[-77.1931373,-12.1088306],[-77.1930327,-12.1088267],[-77.1928757,-12.108786],[-77.1927966,-12.1087559],[-77.1927121,-12.1087349],[-77.1926585,-12.1087349],[-77.1925378,-12.1087716],[-77.1924426,-12.1088149],[-77.1923755,-12.1088805],[-77.1923152,-12.1089906],[-77.1922776,-12.1092109],[-77.1922401,-12.1093905],[-77.1921864,-12.1094994],[-77.1921261,-12.1095794],[-77.1920469,-12.1096318],[-77.1919437,-12.1096528],[-77.1918337,-12.1096515],[-77.1917304,-12.1096397],[-77.1916741,-12.1096095],[-77.1914823,-12.1094692],[-77.1913187,-12.109342],[-77.1911001,-12.1091938],[-77.1909553,-12.1091139],[-77.1907367,-12.109064],[-77.1906106,-12.1090417],[-77.1904859,-12.1090208],[-77.1904551,-12.109005],[-77.1904095,-12.1089696],[-77.1902713,-12.1085644],[-77.1900862,-12.1081238],[-77.1900487,-12.1079206],[-77.1900286,-12.1077449],[-77.1899937,-12.1076754],[-77.1899468,-12.1076492],[-77.1898851,-12.1076387],[-77.1898019,-12.1076465],[-77.189692,-12.107678],[-77.1895753,-12.1077278],[-77.18946,-12.1077423],[-77.1893996,-12.1077239],[-77.1893191,-12.1076662],[-77.1892588,-12.1075915],[-77.1891716,-12.1074748],[-77.1890536,-12.1072912],[-77.1889061,-12.1070329],[-77.1888216,-12.1067824],[-77.1887492,-12.1064139],[-77.1887089,-12.1061937],[-77.188662,-12.1059471],[-77.1886526,-12.1056875],[-77.1887076,-12.1054043],[-77.188968,-12.1047832],[-77.1891689,-12.1043447],[-77.1893321,-12.10391],[-77.1893974,-12.1038003],[-77.1894264,-12.1036917],[-77.1894532,-12.1035475],[-77.1894881,-12.1034321],[-77.1896088,-12.1032118],[-77.189751,-12.1030308],[-77.190038,-12.1028184],[-77.1902365,-12.1026637],[-77.1904551,-12.1025076],[-77.190679,-12.1023437],[-77.1907903,-12.1022768],[-77.1908587,-12.1022493],[-77.1909486,-12.1022231]],[[-77.2211592,-12.0991653],[-77.2202772,-12.1000253],[-77.2196255,-12.1006038],[-77.2187046,-12.1013537],[-77.2172839,-12.1024873],[-77.2153688,-12.1040222]],[[-77.1806782,-12.1142809],[-77.1806972,-12.114233],[-77.1806774,-12.1141588],[-77.1806541,-12.1139807],[-77.1806681,-12.113773],[-77.1808175,-12.1135949],[-77.1809349,-12.1134114],[-77.1809936,-12.1133604],[-77.1810593,-12.113321],[-77.181145,-12.1132849],[-77.1813779,-12.1132136],[-77.181565,-12.1131002],[-77.1815897,-12.1130775],[-77.1816128,-12.1130473],[-77.1816571,-12.1129483],[-77.1817235,-12.1127799],[-77.1819039,-12.1123682],[-77.1819057,-12.1123386],[-77.1819828,-12.1117267],[-77.1819132,-12.1117256],[-77.1819057,-12.1117206],[-77.181902,-12.1117139],[-77.1819005,-12.1117064],[-77.1819015,-12.1116993],[-77.1819037,-12.1116928],[-77.1819094,-12.1116885],[-77.1819151,-12.111688],[-77.1819907,-12.1116862],[-77.1819974,-12.1116384],[-77.1820059,-12.1115976],[-77.1820128,-12.111579],[-77.1820802,-12.1114977],[-77.1821228,-12.1114117],[-77.1822052,-12.1111984],[-77.1822126,-12.1111811],[-77.1822381,-12.1111522],[-77.1822706,-12.1111122],[-77.1823115,-12.111046],[-77.1823384,-12.1109828],[-77.1823514,-12.1109765],[-77.1823664,-12.1109799],[-77.1823804,-12.1109946],[-77.182421,-12.1111258],[-77.182608,-12.1113524],[-77.1827503,-12.1116664],[-77.1831609,-12.1119923],[-77.1832567,-12.1120681],[-77.1833184,-12.1120989],[-77.1833805,-12.1121156]],[[-77.0366651,-12.202175],[-77.0366363,-12.2022805],[-77.0365068,-12.2025548],[-77.0363124,-12.2024141],[-77.0361901,-12.2022664],[-77.0361829,-12.2021679],[-77.036442,-12.2020835],[-77.0366003,-12.2020624],[-77.0366651,-12.202175]],[[-77.0365344,-12.2019142],[-77.0364861,-12.2019614],[-77.0364056,-12.2019142],[-77.0363573,-12.2020296],[-77.0362554,-12.2020715],[-77.0360677,-12.2021397],[-77.0360194,-12.2020715],[-77.0360355,-12.2019719],[-77.0362179,-12.2018828],[-77.0363734,-12.2018356],[-77.0364593,-12.2018671],[-77.0365344,-12.2019142]],[[-77.0359496,-12.2017989],[-77.035955,-12.2018566],[-77.0358477,-12.2018618],[-77.0358048,-12.2018041],[-77.0357887,-12.2017307],[-77.0358531,-12.2017255],[-77.0359014,-12.2017989],[-77.0359496,-12.2017989]],[[-77.037271,-12.2060809],[-77.0372546,-12.2059987],[-77.0372873,-12.2059006],[-77.0373387,-12.2058732],[-77.0374321,-12.2058778],[-77.0374764,-12.2059029],[-77.0375115,-12.2059554],[-77.0375161,-12.206017],[-77.0374916,-12.2060615],[-77.0374391,-12.2061197],[-77.037334,-12.2061242],[-77.037271,-12.2060809]],[[-77.1906317,-11.8395918],[-77.190638,-11.8396597],[-77.1906821,-11.8397059],[-77.190742,-11.8397275],[-77.1907798,-11.8397645],[-77.1907798,-11.83982],[-77.1908459,-11.8398539],[-77.1908365,-11.8398909],[-77.190764,-11.8399217],[-77.1906821,-11.8399279],[-77.1906412,-11.8399957],[-77.1905845,-11.8400389],[-77.1905215,-11.8400173],[-77.1905183,-11.839894],[-77.1905026,-11.839783],[-77.1904459,-11.8397429],[-77.190449,-11.8396288],[-77.1904396,-11.8395548],[-77.1904616,-11.8394993],[-77.1905152,-11.8394716],[-77.1905498,-11.8394993],[-77.190553,-11.8395703],[-77.1906317,-11.8395918]],[[-77.1837739,-11.8456765],[-77.183794,-11.8456961],[-77.1837854,-11.8457298],[-77.1837137,-11.8457663],[-77.1837051,-11.8458224],[-77.1836306,-11.8458757],[-77.1836076,-11.8459346],[-77.1836621,-11.8459935],[-77.1836764,-11.8460328],[-77.1835933,-11.8460553],[-77.1835216,-11.8460609],[-77.1834557,-11.8460188],[-77.183427,-11.8459823],[-77.1833697,-11.8459683],[-77.183341,-11.8460076],[-77.1833066,-11.8460412],[-77.1832522,-11.8460328],[-77.1832178,-11.8459767],[-77.1833009,-11.8459122],[-77.1833267,-11.845842],[-77.1833296,-11.8457775],[-77.1833324,-11.845727],[-77.1833611,-11.8457046],[-77.1834156,-11.845713],[-77.1834729,-11.8456877],[-77.1835245,-11.8456821],[-77.1835704,-11.8456456],[-77.1836392,-11.8456625],[-77.1836879,-11.8456737],[-77.1837338,-11.8456625],[-77.1837739,-11.8456765]],[[-77.1829979,-11.8453339],[-77.1830587,-11.8453637],[-77.183082,-11.8453864],[-77.1830641,-11.8454372],[-77.1830497,-11.8454635],[-77.1830515,-11.8454845],[-77.1830372,-11.8455055],[-77.1830122,-11.8454863],[-77.1829835,-11.8454828],[-77.1829495,-11.8454617],[-77.1829155,-11.8454355],[-77.1829155,-11.8453987],[-77.1829138,-11.8453549],[-77.1829478,-11.8453234],[-77.1829979,-11.8453339]],[[-77.1829352,-11.8458172],[-77.1829728,-11.845826],[-77.1829549,-11.8458593],[-77.1829478,-11.8458908],[-77.1829084,-11.8459381],[-77.1828404,-11.8459503],[-77.1828082,-11.8459433],[-77.1827974,-11.8459573],[-77.1828261,-11.8459748],[-77.182869,-11.8459696],[-77.1829334,-11.8459521],[-77.1829889,-11.8459503],[-77.1830229,-11.8459748],[-77.1830605,-11.8460046],[-77.1830587,-11.8460572],[-77.1829979,-11.846136],[-77.1829263,-11.8461622],[-77.1828726,-11.8461797],[-77.1828619,-11.846213],[-77.1827957,-11.8462323],[-77.1827527,-11.846234],[-77.1827438,-11.846255],[-77.1826919,-11.846262],[-77.1826436,-11.8462848],[-77.1825434,-11.8462393],[-77.1825326,-11.846206],[-77.1825666,-11.846129],[-77.182597,-11.8460957],[-77.1826328,-11.8460869],[-77.1826543,-11.8460256],[-77.1826704,-11.8460046],[-77.1827151,-11.8460081],[-77.1827473,-11.8459696],[-77.1827527,-11.8459503],[-77.1827634,-11.8459171],[-77.1828261,-11.8458575],[-77.1828833,-11.845819],[-77.1829352,-11.8458172]],[[-77.1766821,-11.8452168],[-77.1767582,-11.8452372],[-77.1767548,-11.8452914],[-77.1767098,-11.8453354],[-77.1767167,-11.8453795],[-77.1767963,-11.8453896],[-77.1768621,-11.8454404],[-77.1768967,-11.8455353],[-77.1768898,-11.8456505],[-77.1768309,-11.8457555],[-77.1767617,-11.8457453],[-77.1767063,-11.8457216],[-77.1766855,-11.8457826],[-77.1767617,-11.8458334],[-77.1768517,-11.8458673],[-77.1768586,-11.8459317],[-77.1767132,-11.8458842],[-77.1766302,-11.8458029],[-77.1765644,-11.8457555],[-77.1765505,-11.8456979],[-77.1764675,-11.8457386],[-77.1763636,-11.845681],[-77.1762632,-11.8457318],[-77.1761698,-11.8456877],[-77.1761594,-11.8456098],[-77.1762875,-11.8454845],[-77.1762944,-11.8454099],[-77.1763844,-11.845349],[-77.1764259,-11.845288],[-77.1765748,-11.8452101],[-77.1766821,-11.8452168]],[[-77.1994939,-11.7677964],[-77.1995328,-11.7678236],[-77.1995439,-11.7678969],[-77.19953,-11.7679756],[-77.1994163,-11.768038],[-77.1993719,-11.7680625],[-77.1993109,-11.7680462],[-77.1992444,-11.7681113],[-77.1992499,-11.7681792],[-77.1991834,-11.7681683],[-77.1991529,-11.7681222],[-77.1991362,-11.7680652],[-77.1990697,-11.7680408],[-77.1990614,-11.7679865],[-77.1991168,-11.7679675],[-77.1991917,-11.7680055],[-77.1992,-11.7679566],[-77.1992638,-11.7678915],[-77.1993137,-11.7678263],[-77.1993997,-11.7678372],[-77.199444,-11.7678046],[-77.1994939,-11.7677964]],[[-77.1988397,-11.768256],[-77.1988526,-11.7682796],[-77.1988035,-11.7682987],[-77.1987599,-11.7682944],[-77.1986809,-11.7683813],[-77.1987069,-11.7684576],[-77.1987896,-11.7685158],[-77.1988478,-11.7685538],[-77.1988534,-11.7686326],[-77.1987452,-11.7687004],[-77.1986371,-11.7686543],[-77.1985234,-11.7686217],[-77.1984264,-11.7685457],[-77.1983848,-11.7684832],[-77.1984291,-11.7684507],[-77.1984291,-11.7683937],[-77.1984874,-11.7683828],[-77.1985262,-11.7684398],[-77.198529,-11.7685077],[-77.19859,-11.7684968],[-77.1986343,-11.7684697],[-77.1986426,-11.7684127],[-77.1986349,-11.7683638],[-77.1986182,-11.7683399],[-77.1986502,-11.7683015],[-77.1987175,-11.7682681],[-77.1987566,-11.7682567],[-77.1988397,-11.768256]],[[-77.1921113,-11.8366041],[-77.1921187,-11.8366182],[-77.1921436,-11.8366651],[-77.1921205,-11.8366817],[-77.1921074,-11.8366878],[-77.1920897,-11.8366817],[-77.1920681,-11.8366712],[-77.1920604,-11.8366644],[-77.1920604,-11.8366403],[-77.1920735,-11.8366327],[-77.1920828,-11.8366101],[-77.1920828,-11.8365875],[-77.1920966,-11.8365867],[-77.1921113,-11.8366041]],[[-77.1919554,-11.8362845],[-77.191966,-11.8362947],[-77.1919805,-11.836301],[-77.1919936,-11.836316],[-77.1919661,-11.8363265],[-77.1919527,-11.8363475],[-77.1919581,-11.836381],[-77.1919715,-11.8363935],[-77.19194,-11.8364211],[-77.1919172,-11.8364381],[-77.1919212,-11.836446],[-77.191883,-11.8364526],[-77.1918555,-11.836465],[-77.1918427,-11.8364795],[-77.1918199,-11.8364775],[-77.1917985,-11.8364841],[-77.1917656,-11.8364749],[-77.1917234,-11.8364617],[-77.1917167,-11.8364578],[-77.1917039,-11.8364617],[-77.1916791,-11.836444],[-77.1916691,-11.8364407],[-77.191663,-11.8364046],[-77.1916718,-11.8364001],[-77.1916751,-11.8363666],[-77.1916858,-11.8363613],[-77.1916852,-11.8363535],[-77.1916937,-11.836335],[-77.1916918,-11.8363182],[-77.1916979,-11.8363138],[-77.191708,-11.8363265],[-77.1917108,-11.8363238],[-77.1917073,-11.836301],[-77.1917053,-11.836274],[-77.1917053,-11.8362635],[-77.1917167,-11.8362603],[-77.1917167,-11.8362517],[-77.1917033,-11.8362498],[-77.1917061,-11.8362428],[-77.1917187,-11.8362419],[-77.1917147,-11.836236],[-77.1916919,-11.8362294],[-77.1916892,-11.8362091],[-77.1916878,-11.8361854],[-77.19169,-11.8361763],[-77.1916981,-11.8361665],[-77.1917066,-11.8361727],[-77.191709,-11.8361714],[-77.1917003,-11.8361602],[-77.1917155,-11.8361489],[-77.1917281,-11.836153],[-77.1917381,-11.8361474],[-77.191765,-11.8361231],[-77.1917884,-11.836127],[-77.1918099,-11.8361297],[-77.1918226,-11.8361467],[-77.191838,-11.8361546],[-77.1918588,-11.8361763],[-77.1918588,-11.8362064],[-77.1918662,-11.8362248],[-77.191895,-11.8362261],[-77.1919091,-11.8362432],[-77.1919259,-11.8362596],[-77.1919427,-11.8362688],[-77.1919554,-11.8362845]],[[-77.1934986,-11.8369979],[-77.1935026,-11.8370247],[-77.1934996,-11.8370655],[-77.1934691,-11.8370964],[-77.1934305,-11.8370914],[-77.193402,-11.8370675],[-77.1933695,-11.8370615],[-77.1933644,-11.8370337],[-77.1933614,-11.8370058],[-77.1933827,-11.8369929],[-77.193399,-11.836977],[-77.1934467,-11.836984],[-77.1934803,-11.836982],[-77.1934986,-11.8369979]],[[-77.1937557,-11.8370884],[-77.1936754,-11.8370536],[-77.1936216,-11.8370307],[-77.1936287,-11.8370038],[-77.1936825,-11.8369064],[-77.1937161,-11.8368775],[-77.1937435,-11.8368855],[-77.1937649,-11.8368964],[-77.1937628,-11.8369163],[-77.1937506,-11.8369372],[-77.193714,-11.8369899],[-77.1937252,-11.8370307],[-77.1937384,-11.8370456],[-77.1937598,-11.8370615],[-77.1937557,-11.8370884]],[[-77.1942262,-11.8351384],[-77.1941683,-11.8351185],[-77.1941602,-11.8351334],[-77.1941429,-11.8351324],[-77.1941073,-11.8351145],[-77.1941073,-11.8351036],[-77.1941246,-11.8350936],[-77.1941398,-11.8350956],[-77.1941459,-11.8350738],[-77.1941785,-11.8350907],[-77.1941978,-11.8351006],[-77.194214,-11.8350936],[-77.1942445,-11.8351195],[-77.1942262,-11.8351384]],[[-77.1937693,-11.8355944],[-77.1937439,-11.8356939],[-77.1937369,-11.8357452],[-77.1937131,-11.8357821],[-77.1937015,-11.8357746],[-77.1936876,-11.8357565],[-77.193673,-11.8357565],[-77.1936707,-11.8357406],[-77.1936745,-11.8356999],[-77.1936861,-11.8356735],[-77.193683,-11.8356441],[-77.193673,-11.8356313],[-77.1936645,-11.835611],[-77.1936799,-11.835577],[-77.1936668,-11.8355469],[-77.1936692,-11.8354934],[-77.1936938,-11.8355054],[-77.1936984,-11.8355371],[-77.1937084,-11.8355785],[-77.1937385,-11.8355831],[-77.1937593,-11.8355733],[-77.1937685,-11.8355801],[-77.1937693,-11.8355944]],[[-77.1942417,-11.8353211],[-77.1942389,-11.8353329],[-77.1942422,-11.8353516],[-77.1942342,-11.8353569],[-77.1942168,-11.8353577],[-77.1942147,-11.8353373],[-77.1942207,-11.8353117],[-77.1942392,-11.8353164],[-77.1942417,-11.8353211]],[[-77.1941879,-11.8353894],[-77.1942333,-11.8353999],[-77.1942387,-11.8354278],[-77.1942603,-11.8354308],[-77.1942464,-11.835507],[-77.1942133,-11.8354964],[-77.194191,-11.835504],[-77.1941686,-11.8355145],[-77.1941478,-11.835507],[-77.1941548,-11.8354881],[-77.1941232,-11.8354836],[-77.1941031,-11.8354859],[-77.1940893,-11.8354761],[-77.1940816,-11.8354633],[-77.1940739,-11.8354399],[-77.1940816,-11.8354014],[-77.1940854,-11.8353811],[-77.1940608,-11.8353841],[-77.1940384,-11.8353781],[-77.1940323,-11.8353698],[-77.1940361,-11.8353532],[-77.1940469,-11.8353343],[-77.1940693,-11.8353366],[-77.1940816,-11.8353298],[-77.1940885,-11.8353291],[-77.1941062,-11.8353374],[-77.194117,-11.8353456],[-77.1941324,-11.8353562],[-77.1941401,-11.8353758],[-77.1941648,-11.8353871],[-77.1941771,-11.8353924],[-77.1941817,-11.8353977],[-77.1941879,-11.8353894]],[[-77.1941303,-11.8353404],[-77.1941125,-11.8353293],[-77.1941023,-11.8353273],[-77.1940944,-11.8353176],[-77.1940754,-11.835299],[-77.1940923,-11.8352858],[-77.1941093,-11.8352801],[-77.1941136,-11.8352721],[-77.1941312,-11.8352887],[-77.1941332,-11.8352993],[-77.1941277,-11.8353107],[-77.1941349,-11.8353224],[-77.1941396,-11.8353273],[-77.1941405,-11.8353327],[-77.1941358,-11.8353373],[-77.1941303,-11.8353404]],[[-77.1941262,-11.8352267],[-77.19412,-11.8352203],[-77.1941119,-11.8352226],[-77.1940985,-11.8352169],[-77.1940883,-11.8352131],[-77.1940889,-11.835209],[-77.19409,-11.8352049],[-77.1940905,-11.8351986],[-77.1940919,-11.8351936],[-77.1940973,-11.8351819],[-77.1941038,-11.8351713],[-77.1941119,-11.8351645],[-77.1941219,-11.83516],[-77.194127,-11.8351532],[-77.1941323,-11.8351498],[-77.1941424,-11.83516],[-77.1941375,-11.835163],[-77.1941409,-11.8351669],[-77.1941432,-11.835171],[-77.1941376,-11.835176],[-77.1941362,-11.8351796],[-77.1941333,-11.8351804],[-77.1941304,-11.8351796],[-77.1941293,-11.8351831],[-77.1941295,-11.8351869],[-77.1941323,-11.8351932],[-77.1941293,-11.8351943],[-77.1941262,-11.8351932],[-77.1941247,-11.8351952],[-77.1941246,-11.8351985],[-77.1941292,-11.8352003],[-77.194132,-11.8352037],[-77.1941304,-11.8352062],[-77.1941266,-11.8352079],[-77.1941241,-11.8352106],[-77.1941235,-11.8352139],[-77.1941272,-11.8352171],[-77.1941296,-11.8352211],[-77.1941294,-11.8352244],[-77.1941262,-11.8352267]],[[-77.1909672,-11.837242],[-77.190963,-11.8372369],[-77.1909566,-11.8372317],[-77.1909569,-11.8372269],[-77.1909634,-11.8372268],[-77.1909671,-11.837222],[-77.1909753,-11.837218],[-77.1909878,-11.8372229],[-77.1909799,-11.8372326],[-77.1909922,-11.8372369],[-77.1910018,-11.837244],[-77.1910106,-11.83725],[-77.19101,-11.8372606],[-77.1910342,-11.83727],[-77.191036,-11.8372774],[-77.1910345,-11.8372869],[-77.1910287,-11.8372934],[-77.1910179,-11.8372986],[-77.1910065,-11.8373092],[-77.191003,-11.8373143],[-77.1909936,-11.8373192],[-77.1909934,-11.8373223],[-77.190984,-11.837328],[-77.1909788,-11.8373309],[-77.1909726,-11.8373314],[-77.1909685,-11.8373369],[-77.1909615,-11.8373369],[-77.1909525,-11.8373392],[-77.1909461,-11.8373432],[-77.1909426,-11.8373503],[-77.1909429,-11.837356],[-77.1909472,-11.8373623],[-77.1909443,-11.8373631],[-77.1909338,-11.8373697],[-77.1909251,-11.8373717],[-77.1909172,-11.837384],[-77.1909175,-11.8373917],[-77.1909192,-11.8374011],[-77.1909256,-11.8374043],[-77.1909274,-11.8374194],[-77.1909253,-11.8374217],[-77.1909233,-11.8374183],[-77.1909178,-11.837418],[-77.1909163,-11.8374203],[-77.190911,-11.8374211],[-77.1909058,-11.8374091],[-77.1908985,-11.8374091],[-77.1908973,-11.8374151],[-77.1908801,-11.8374111],[-77.1908804,-11.8374051],[-77.190864,-11.837394],[-77.1908387,-11.8374026],[-77.1908398,-11.8374088],[-77.1908271,-11.8374107],[-77.190813,-11.837412],[-77.1907976,-11.8374029],[-77.1907962,-11.8373746],[-77.190805,-11.8373543],[-77.190817,-11.837332],[-77.1908318,-11.8373208],[-77.1908338,-11.8373057],[-77.1908378,-11.837286],[-77.1908526,-11.8372768],[-77.1908687,-11.8372867],[-77.1908763,-11.8372868],[-77.190882,-11.8372902],[-77.1908882,-11.8372897],[-77.1908906,-11.8372877],[-77.1908915,-11.8372834],[-77.1908824,-11.8372765],[-77.190868,-11.8372709],[-77.190851,-11.8372657],[-77.1908456,-11.8372696],[-77.190844,-11.8372646],[-77.1908351,-11.8372565],[-77.1908351,-11.8372489],[-77.1908392,-11.8372425],[-77.1908485,-11.8372348],[-77.1908653,-11.8372427],[-77.1908713,-11.8372391],[-77.1908803,-11.8372303],[-77.1908888,-11.8372276],[-77.1909056,-11.837241],[-77.1909197,-11.8372408],[-77.1909276,-11.8372532],[-77.1909394,-11.8372545],[-77.1909672,-11.837242]],[[-77.1565734,-12.0679698],[-77.1566083,-12.0679776],[-77.1566337,-12.067996],[-77.1566646,-12.0680366],[-77.1567115,-12.0681573],[-77.1567585,-12.0682675],[-77.1568094,-12.068358],[-77.1570119,-12.0687553],[-77.1572882,-12.0693193],[-77.1575899,-12.0699802],[-77.1578421,-12.0705219],[-77.1580982,-12.0710622],[-77.158341,-12.0715632],[-77.1584415,-12.0717861],[-77.1585441,-12.0720064],[-77.1585549,-12.0720366],[-77.1585508,-12.0720622],[-77.1585341,-12.072093],[-77.1585099,-12.072114],[-77.1584818,-12.0721218],[-77.1584476,-12.0721212],[-77.1584181,-12.0721133],[-77.1583906,-12.0720904],[-77.1583758,-12.0720733],[-77.1583463,-12.0720576],[-77.1582967,-12.0720366],[-77.1582806,-12.0720307],[-77.1582598,-12.0720163],[-77.1582296,-12.071992],[-77.1582042,-12.0719664],[-77.1581867,-12.0719395],[-77.15817,-12.0719127],[-77.1581425,-12.071912],[-77.158117,-12.071929],[-77.1581029,-12.0719586],[-77.1581096,-12.0719887],[-77.1581116,-12.0720117],[-77.1581347,-12.0720287],[-77.1581196,-12.0720547],[-77.1580935,-12.0720543],[-77.1580754,-12.0720779],[-77.1580654,-12.0720936],[-77.1580446,-12.0721146],[-77.1580231,-12.0721238],[-77.1579956,-12.0721284],[-77.1579561,-12.0721494],[-77.1579212,-12.0721822],[-77.1578649,-12.0722385],[-77.1578434,-12.0722726],[-77.1578434,-12.0723107],[-77.1578515,-12.0723631],[-77.1578515,-12.0723946],[-77.1578287,-12.072434],[-77.1577978,-12.0724523],[-77.1577361,-12.0724549],[-77.1576718,-12.0724772],[-77.1576449,-12.0724838],[-77.1576141,-12.0725061],[-77.1576114,-12.0725258],[-77.1576262,-12.0725415],[-77.1576731,-12.072569],[-77.1577066,-12.0726005],[-77.157767,-12.0726464],[-77.1578032,-12.0726661],[-77.1578649,-12.0726923],[-77.1579802,-12.0727343],[-77.1580781,-12.0727854],[-77.1581063,-12.0727998],[-77.1581559,-12.0728287],[-77.158235,-12.0728589],[-77.1582779,-12.0728969],[-77.1582967,-12.0729153],[-77.1583571,-12.0729507],[-77.1584027,-12.0729795],[-77.1584402,-12.0730215],[-77.158471,-12.073053],[-77.1584979,-12.0730962],[-77.1585126,-12.0731408],[-77.1585166,-12.0731789],[-77.1585059,-12.0732261],[-77.1585126,-12.0732523],[-77.1585274,-12.0732903],[-77.1587406,-12.0736274],[-77.1587634,-12.0736641],[-77.1588211,-12.0737415],[-77.1588613,-12.0737926],[-77.1589364,-12.0738739],[-77.1590021,-12.0739106],[-77.1590973,-12.0739434],[-77.159159,-12.073971],[-77.1592905,-12.0740496],[-77.1593669,-12.0740942],[-77.1595265,-12.0741493],[-77.159611,-12.0741729],[-77.1597451,-12.0742044],[-77.1598215,-12.0742188],[-77.1599409,-12.0742346],[-77.1599919,-12.0742464],[-77.1600361,-12.0742516],[-77.1601675,-12.0742923],[-77.1602963,-12.0743631],[-77.1603405,-12.0743749],[-77.1604344,-12.0743854],[-77.1604773,-12.0743893],[-77.1605565,-12.0744064],[-77.1606343,-12.0744496],[-77.1606839,-12.0744903],[-77.1607375,-12.0745257],[-77.1608381,-12.0745467],[-77.1608756,-12.0745519],[-77.1609347,-12.0745546],[-77.1610366,-12.0745873],[-77.1613008,-12.0746791],[-77.1616428,-12.0747841],[-77.1618949,-12.0748667],[-77.1620344,-12.0749008],[-77.162202,-12.074944],[-77.1622798,-12.0749401],[-77.1623643,-12.0749519],[-77.1624903,-12.0749899],[-77.1625386,-12.075005],[-77.1626043,-12.0750103],[-77.1626419,-12.075024],[-77.1626848,-12.0750588],[-77.1627089,-12.0750942],[-77.1627223,-12.0751231],[-77.1627103,-12.0751473],[-77.1626727,-12.0751578],[-77.1626291,-12.0751637],[-77.1625574,-12.0751526],[-77.1624742,-12.0751303],[-77.1622342,-12.0750608],[-77.1620987,-12.0750083],[-77.1619566,-12.0749703],[-77.1618211,-12.0749231],[-77.1617353,-12.0748968],[-77.161628,-12.0748732],[-77.1613464,-12.0748195],[-77.1611895,-12.0747722],[-77.1610849,-12.0747342],[-77.1608542,-12.0746962],[-77.1607322,-12.0746595],[-77.1606597,-12.0746162],[-77.16059,-12.0745703],[-77.1605377,-12.074548],[-77.1604599,-12.0745401],[-77.1603379,-12.0744955],[-77.16024,-12.0744667],[-77.1601166,-12.0744339],[-77.1599905,-12.074409],[-77.1599007,-12.0743906],[-77.1597371,-12.074346],[-77.1596016,-12.0743211],[-77.1594822,-12.0742857],[-77.1593991,-12.0742569],[-77.1592435,-12.0742437],[-77.1591832,-12.0742214],[-77.1591081,-12.0741952],[-77.1590357,-12.0741624],[-77.1589847,-12.0741283],[-77.1589525,-12.0741113],[-77.1589445,-12.0740746],[-77.158931,-12.0740378],[-77.1588841,-12.0740129],[-77.1588466,-12.0739933],[-77.1587648,-12.0739382],[-77.1587165,-12.0738857],[-77.1586789,-12.073828],[-77.1586414,-12.0737677],[-77.158585,-12.0736667],[-77.1585663,-12.0736418],[-77.158518,-12.0735618],[-77.1584483,-12.0734766],[-77.1583866,-12.0734162],[-77.1583651,-12.0733887],[-77.1583678,-12.0733441],[-77.1583477,-12.0732903],[-77.1583235,-12.0732602],[-77.1582887,-12.0731985],[-77.1582382,-12.0731211],[-77.1581211,-12.0730059],[-77.1580634,-12.0729257],[-77.1579936,-12.0728615],[-77.1579628,-12.0728353],[-77.1578515,-12.0727776],[-77.1577925,-12.0727435],[-77.1577241,-12.0727172],[-77.1576731,-12.0726713],[-77.1576342,-12.0726582],[-77.1575537,-12.0726228],[-77.1574846,-12.07261],[-77.1573901,-12.0725717],[-77.1571863,-12.0725061],[-77.1571165,-12.0724694],[-77.1570401,-12.0724366],[-77.1569447,-12.0724071],[-77.1568885,-12.0723736],[-77.1568255,-12.0723054],[-77.1568,-12.0722726],[-77.156788,-12.0721992],[-77.1567974,-12.0721599],[-77.1568148,-12.0721389],[-77.1568483,-12.0721363],[-77.1568885,-12.0721467],[-77.1569274,-12.0721586],[-77.1569962,-12.0721773],[-77.1571228,-12.0722019],[-77.1571997,-12.0721992],[-77.1573348,-12.072176],[-77.1574428,-12.072137],[-77.1575704,-12.0720831],[-77.1576136,-12.0720209],[-77.1576786,-12.0719441],[-77.1577219,-12.0718753],[-77.1577542,-12.0718279],[-77.1577897,-12.0717402],[-77.1578023,-12.0716988],[-77.1578137,-12.0716614],[-77.1578154,-12.0715994],[-77.1578363,-12.0715285],[-77.1578416,-12.0714731],[-77.1578456,-12.0714309],[-77.1578619,-12.0713261],[-77.1578499,-12.0712637],[-77.1578525,-12.0711894],[-77.1578614,-12.0711075],[-77.1578399,-12.0710215],[-77.1577989,-12.0708632],[-77.1577851,-12.0708066],[-77.1577656,-12.07075],[-77.1577012,-12.0706132],[-77.157602,-12.0703855],[-77.1575443,-12.0702478],[-77.157484,-12.070114],[-77.157366,-12.0698661],[-77.1572922,-12.0697114],[-77.1571997,-12.0694976],[-77.1571219,-12.0693376],[-77.1570374,-12.0691461],[-77.1569422,-12.0689573],[-77.1568067,-12.0686688],[-77.1567477,-12.0685389],[-77.1566981,-12.0684222],[-77.1566163,-12.0682294],[-77.1565747,-12.0681665],[-77.1565358,-12.068135],[-77.1564849,-12.0681009],[-77.1564822,-12.0680478],[-77.1564882,-12.0680216],[-77.1564936,-12.0679999],[-77.156509,-12.067973],[-77.1565231,-12.0679678],[-77.1565405,-12.0679668],[-77.1565734,-12.0679698]],[[-77.1907836,-11.8054597],[-77.190451,-11.8048296],[-77.1906012,-11.8048401],[-77.1908534,-11.8053547],[-77.1907836,-11.8054597]],[[-77.1887558,-11.8048401],[-77.1889544,-11.8046668],[-77.1890241,-11.804462],[-77.1892548,-11.804462],[-77.1890738,-11.8042723],[-77.1893406,-11.804231],[-77.1893889,-11.8045093],[-77.1898345,-11.8046325],[-77.19014,-11.80489],[-77.1904028,-11.8051184],[-77.1904933,-11.8053939],[-77.19051,-11.8060163],[-77.1905691,-11.8062211],[-77.1904027,-11.8063261],[-77.1887558,-11.8048401]],[[-76.8161176,-12.3447456],[-76.8160899,-12.3448575],[-76.8160781,-12.3450489],[-76.8161075,-12.3451406],[-76.8161777,-12.3452617]],[[-77.0257869,-12.1542395],[-77.027514,-12.1544561],[-77.0275872,-12.1544645],[-77.0276335,-12.1544733],[-77.0276573,-12.154491],[-77.0276568,-12.1545073],[-77.0276329,-12.1545216],[-77.0259178,-12.1543115],[-77.0257845,-12.1553337],[-77.0260352,-12.1553701],[-77.0260292,-12.1554058],[-77.0273309,-12.1555994],[-77.0282961,-12.1541454],[-77.0283055,-12.1541166],[-77.0283779,-12.1538832],[-77.0283262,-12.1538485],[-77.0282954,-12.1538229],[-77.0282699,-12.1537731],[-77.0282625,-12.1537298],[-77.028284,-12.1537226],[-77.0283081,-12.1537161],[-77.0283303,-12.1536931],[-77.0283578,-12.1536715],[-77.0283732,-12.1536584],[-77.0284027,-12.1536531],[-77.0284335,-12.1536538],[-77.0284422,-12.1536309],[-77.0284597,-12.1536361],[-77.0284858,-12.1536531],[-77.0285019,-12.1536715],[-77.028514,-12.1536977],[-77.0285258,-12.1537312]],[[-77.130739,-12.133737],[-77.1307145,-12.1337205],[-77.1306675,-12.1337076],[-77.1306554,-12.1336785],[-77.1306675,-12.1336542],[-77.1306775,-12.1336518],[-77.1307044,-12.1336605],[-77.1307309,-12.1336746],[-77.1307538,-12.1336903],[-77.1307558,-12.1337048],[-77.130755,-12.1337249],[-77.130739,-12.133737]],[[-77.1306415,-12.1336601],[-77.1306546,-12.1337152],[-77.1306546,-12.133722],[-77.1306601,-12.1337246],[-77.1306549,-12.1337439],[-77.1306058,-12.1337522],[-77.1305977,-12.1337325],[-77.1305907,-12.1337212],[-77.1305791,-12.1337084],[-77.1305744,-12.1336698],[-77.1305642,-12.133672],[-77.1305195,-12.1336343],[-77.1305878,-12.133653],[-77.1305875,-12.1336578],[-77.1306157,-12.1336661],[-77.1306415,-12.1336601]],[[-77.1301474,-12.1331919],[-77.1300623,-12.1331598],[-77.1300285,-12.1331321],[-77.1300113,-12.1331178],[-77.1299995,-12.1331218],[-77.1300037,-12.1331262],[-77.1300084,-12.1331271],[-77.1300084,-12.1331324],[-77.1299826,-12.1331318],[-77.1299558,-12.133091],[-77.1299622,-12.1330751],[-77.1299501,-12.1330661],[-77.1299358,-12.1330695],[-77.1299112,-12.1330442],[-77.1299029,-12.1330146],[-77.1299135,-12.1329894],[-77.1299192,-12.1329794],[-77.1299201,-12.1330006],[-77.1299287,-12.1330072],[-77.1299542,-12.1330059],[-77.1299861,-12.1329975],[-77.1300132,-12.1329972],[-77.1300336,-12.1330056],[-77.1300403,-12.1330202],[-77.1300365,-12.1330274],[-77.1300202,-12.1330249],[-77.13004,-12.1330704],[-77.1300505,-12.133067],[-77.1300636,-12.1330919],[-77.1300546,-12.1331006],[-77.1300684,-12.1331172],[-77.130068,-12.1331355],[-77.1301213,-12.1331477],[-77.1301104,-12.133134],[-77.1301283,-12.1331377],[-77.1301535,-12.1331561],[-77.1301617,-12.1331708],[-77.1301595,-12.1331848],[-77.1301474,-12.1331919]],[[-77.130495,-12.1337934],[-77.1304567,-12.1338202],[-77.1304354,-12.1338299],[-77.130422,-12.1338218],[-77.1304146,-12.1338081],[-77.1304629,-12.1337668],[-77.1304704,-12.1337604],[-77.130495,-12.1337934]],[[-77.1302833,-12.1337472],[-77.1302694,-12.13375],[-77.1302664,-12.1337574],[-77.1302617,-12.1337542],[-77.1302561,-12.1337536],[-77.1302484,-12.133757],[-77.1302469,-12.133715],[-77.1302833,-12.1337472]],[[-77.1302717,-12.1336541],[-77.1302576,-12.1336526],[-77.1302429,-12.1336553],[-77.1302338,-12.1336454],[-77.1302243,-12.1336448],[-77.1302304,-12.1336275],[-77.1302371,-12.1336221],[-77.1302491,-12.1336221],[-77.1302582,-12.1336242],[-77.1302711,-12.1336322],[-77.1302662,-12.1336376],[-77.1302674,-12.1336466],[-77.1302729,-12.1336478],[-77.1302717,-12.1336541]],[[-77.1302815,-12.133635],[-77.1302668,-12.1336189],[-77.1302627,-12.133613],[-77.13025,-12.1336146],[-77.130241,-12.1336137],[-77.1302376,-12.1336084],[-77.1302322,-12.1336081],[-77.1302212,-12.133592],[-77.130241,-12.133591],[-77.1302363,-12.1335707],[-77.1302218,-12.1335569],[-77.1302346,-12.1335471],[-77.1302443,-12.1335471],[-77.1302587,-12.1335494],[-77.1302631,-12.1335533],[-77.1302624,-12.1335589],[-77.1302691,-12.1335579],[-77.1302758,-12.1335645],[-77.1302772,-12.1335553],[-77.1302869,-12.1335569],[-77.1302879,-12.1335645],[-77.1302969,-12.1335668],[-77.1303057,-12.1335684],[-77.1303258,-12.1335841],[-77.1303376,-12.1335712],[-77.1303461,-12.1335687],[-77.1303539,-12.1335687],[-77.1303566,-12.1335615],[-77.1303617,-12.133558],[-77.1303604,-12.1335679],[-77.1303636,-12.1335696],[-77.130367,-12.1335636],[-77.130372,-12.133559],[-77.1303828,-12.1335679],[-77.1303805,-12.1335729],[-77.1303858,-12.1335958],[-77.130402,-12.1336065],[-77.130416,-12.1336121],[-77.1304251,-12.1336121],[-77.1304295,-12.1336237],[-77.1304358,-12.1336268],[-77.1304407,-12.1336334],[-77.13045,-12.1336398],[-77.1304553,-12.1336385],[-77.1304548,-12.1336474],[-77.1304415,-12.1336509],[-77.130401,-12.1336307],[-77.1303854,-12.1336251],[-77.1303778,-12.1336266],[-77.1303706,-12.1336231],[-77.1303549,-12.1336142],[-77.1303431,-12.1336014],[-77.1303501,-12.1335954],[-77.1303471,-12.1335882],[-77.1303326,-12.1335954],[-77.1303302,-12.1335917],[-77.1303243,-12.1335931],[-77.1303112,-12.1336268],[-77.1303045,-12.1336301],[-77.1303002,-12.1336262],[-77.1302935,-12.133628],[-77.1302815,-12.133635]],[[-77.1304835,-12.1335706],[-77.1304728,-12.1335661],[-77.1304726,-12.1335577],[-77.1304675,-12.1335564],[-77.130465,-12.1335469],[-77.1304742,-12.1335355],[-77.1304803,-12.1335419],[-77.1304918,-12.1335398],[-77.1304951,-12.1335355],[-77.1305037,-12.1335428],[-77.1304997,-12.1335512],[-77.1305074,-12.1335543],[-77.1305039,-12.13356],[-77.1305,-12.1335593],[-77.1304995,-12.1335668],[-77.1304877,-12.1335663],[-77.1304835,-12.1335706]],[[-77.1304757,-12.1335288],[-77.1304523,-12.133511],[-77.1304543,-12.1335075],[-77.1304611,-12.1335118],[-77.130468,-12.1335039],[-77.1304825,-12.1335114],[-77.1304757,-12.1335288]],[[-77.1304466,-12.1335011],[-77.1304464,-12.1335065],[-77.130439,-12.133506],[-77.130439,-12.1335009],[-77.1304466,-12.1335011]],[[-77.1304033,-12.133539],[-77.1303987,-12.133538],[-77.1303979,-12.1335337],[-77.1303949,-12.1335351],[-77.130393,-12.1335323],[-77.1303968,-12.1335261],[-77.1304,-12.1335274],[-77.1303997,-12.1335321],[-77.1304029,-12.1335294],[-77.1304033,-12.133539]],[[-77.1304996,-12.131754],[-77.1304815,-12.1317491],[-77.1304849,-12.1317438],[-77.1304819,-12.1317356],[-77.1304695,-12.1317372],[-77.1304178,-12.1316956],[-77.1304178,-12.1316845],[-77.1304094,-12.1316959],[-77.1304151,-12.1317032],[-77.1304125,-12.1317081],[-77.1303954,-12.1317064],[-77.1303618,-12.1316704],[-77.1303602,-12.1316619],[-77.1303706,-12.1316487],[-77.130396,-12.1316251],[-77.1303555,-12.1315881],[-77.1303491,-12.1315996],[-77.130339,-12.1315884],[-77.1303394,-12.1315684],[-77.1303374,-12.1315583],[-77.1303521,-12.1315593],[-77.1303692,-12.1315724],[-77.1303903,-12.131576],[-77.1303967,-12.1315894],[-77.1303947,-12.1315943],[-77.1304027,-12.1316012],[-77.1304017,-12.1316091],[-77.1304165,-12.1316153],[-77.130426,-12.1316076],[-77.1304388,-12.131611],[-77.1304455,-12.1316076],[-77.1304552,-12.1316015],[-77.1304633,-12.1316101],[-77.1304625,-12.1316154],[-77.130485,-12.1316273],[-77.1304821,-12.1316333],[-77.1305087,-12.1316502],[-77.1305131,-12.1316593],[-77.1305118,-12.1316642],[-77.1305049,-12.1316721],[-77.1305054,-12.1316807],[-77.1304973,-12.1316899],[-77.1304981,-12.1316962],[-77.1305079,-12.1316967],[-77.1305124,-12.1316954],[-77.1305104,-12.1317024],[-77.1305124,-12.1317118],[-77.1305204,-12.1317188],[-77.1305231,-12.131725],[-77.1305268,-12.1317299],[-77.1305318,-12.1317327],[-77.1305364,-12.1317366],[-77.1305372,-12.131744],[-77.1305017,-12.1317454],[-77.1304996,-12.131754]],[[-77.1305482,-12.1317728],[-77.1305415,-12.1317702],[-77.1305243,-12.1317689],[-77.1305203,-12.131765],[-77.1305154,-12.131765],[-77.130515,-12.1317602],[-77.1305234,-12.13176],[-77.1305258,-12.1317622],[-77.1305475,-12.1317624],[-77.1305482,-12.1317728]],[[-77.1305103,-12.1317743],[-77.1305075,-12.131773],[-77.1305045,-12.13177],[-77.1305035,-12.1317677],[-77.1305116,-12.1317667],[-77.1305117,-12.1317703],[-77.1305103,-12.1317743]]]}}]}