{
  "en": {
    "duration_seconds": 76.464,
    "duration_frames": 2294,
    "silence_periods": [
      [
        3.146792,
        4.166375
      ],
      [
        5.294333,
        5.617542
      ],
      [
        9.814125,
        10.88625
      ],
      [
        13.89425,
        14.221375
      ],
      [
        17.187208,
        18.218583
      ],
      [
        23.977833,
        25.014667
      ],
      [
        30.367542,
        31.376333
      ],
      [
        38.843417,
        39.962208
      ],
      [
        46.401667,
        47.440042
      ],
      [
        48.649292,
        49.038792
      ],
      [
        52.291833,
        53.339208
      ],
      [
        56.291625,
        56.6295
      ],
      [
        59.387833,
        60.422
      ],
      [
        64.195542,
        64.513542
      ],
      [
        65.928167,
        67.010458
      ],
      [
        75.514583,
        76.464
      ]
    ],
    "segments": {
      "Sun": [
        0,
        94
      ],
      "Mercury": [
        94,
        294
      ],
      "Venus": [
        294,
        516
      ],
      "Earth": [
        516,
        719
      ],
      "Mars": [
        719,
        911
      ],
      "Jupiter": [
        911,
        1165
      ],
      "Saturn": [
        1165,
        1392
      ],
      "Uranus": [
        1392,
        1569
      ],
      "Neptune": [
        1569,
        1782
      ],
      "Finale": [
        1782,
        1978
      ]
    }
  },
  "zh": {
    "duration_seconds": 103.824,
    "duration_frames": 3115,
    "silence_periods": [
      [
        0.0,
        0.647875
      ],
      [
        1.758875,
        2.130292
      ],
      [
        4.468042,
        5.405792
      ],
      [
        7.012333,
        7.883583
      ],
      [
        11.245583,
        11.96825
      ],
      [
        15.817333,
        16.733625
      ],
      [
        18.7925,
        19.590833
      ],
      [
        21.033583,
        21.353417
      ],
      [
        24.853458,
        25.752375
      ],
      [
        26.892083,
        27.761083
      ],
      [
        30.062333,
        30.477417
      ],
      [
        33.908083,
        34.849417
      ],
      [
        39.703917,
        40.051708
      ],
      [
        41.483458,
        42.000333
      ],
      [
        44.198875,
        45.03575
      ],
      [
        46.500042,
        47.377333
      ],
      [
        49.245542,
        49.600667
      ],
      [
        50.344542,
        50.774375
      ],
      [
        53.056167,
        54.026
      ],
      [
        55.61125,
        56.43325
      ],
      [
        57.767083,
        58.155417
      ],
      [
        59.442667,
        59.761875
      ],
      [
        60.600417,
        60.982875
      ],
      [
        62.068875,
        63.203125
      ],
      [
        64.837292,
        65.39875
      ],
      [
        69.096958,
        70.020333
      ],
      [
        71.654292,
        72.47525
      ],
      [
        74.947542,
        75.252292
      ],
      [
        76.713625,
        77.216958
      ],
      [
        78.102583,
        78.436042
      ],
      [
        79.674292,
        80.959083
      ],
      [
        82.583042,
        82.932792
      ],
      [
        83.907292,
        84.919875
      ],
      [
        86.417375,
        86.974333
      ],
      [
        88.301083,
        88.681458
      ],
      [
        89.916958,
        90.944375
      ],
      [
        93.1915,
        94.106333
      ],
      [
        95.002583,
        95.424625
      ],
      [
        96.351292,
        96.72175
      ],
      [
        97.280167,
        97.6365
      ],
      [
        98.226042,
        98.6325
      ],
      [
        99.466458,
        99.875792
      ],
      [
        100.427875,
        100.842958
      ],
      [
        101.305417,
        101.67075
      ]
    ],
    "segments": {
      "Sun": [
        0,
        134
      ],
      "Mercury": [
        134,
        210
      ],
      "Venus": [
        210,
        475
      ],
      "Earth": [
        475,
        746
      ],
      "Mars": [
        746,
        807
      ],
      "Jupiter": [
        807,
        1017
      ],
      "Saturn": [
        1017,
        1326
      ],
      "Uranus": [
        1326,
        1395
      ],
      "Neptune": [
        1395,
        1592
      ],
      "Finale": [
        1592,
        1668
      ]
    }
  },
  "ja": {
    "duration_seconds": 116.688,
    "duration_frames": 3501,
    "silence_periods": [
      [
        1.023333,
        1.425458
      ],
      [
        3.469667,
        4.541417
      ],
      [
        6.805833,
        7.876583
      ],
      [
        10.688292,
        11.031958
      ],
      [
        15.096542,
        16.184333
      ],
      [
        18.905208,
        19.997958
      ],
      [
        21.793875,
        22.156625
      ],
      [
        26.264875,
        27.373917
      ],
      [
        28.711583,
        29.812
      ],
      [
        31.848458,
        32.248542
      ],
      [
        36.027708,
        37.125417
      ],
      [
        38.286167,
        39.359542
      ],
      [
        41.353083,
        41.775333
      ],
      [
        42.742125,
        43.149792
      ],
      [
        46.417,
        46.789792
      ],
      [
        48.820292,
        49.891708
      ],
      [
        52.260833,
        53.339125
      ],
      [
        54.503833,
        54.865458
      ],
      [
        55.582958,
        55.977542
      ],
      [
        57.122083,
        57.504167
      ],
      [
        60.634542,
        61.765083
      ],
      [
        64.207375,
        65.308125
      ],
      [
        66.610125,
        66.98075
      ],
      [
        68.065375,
        68.499708
      ],
      [
        69.5045,
        69.910667
      ],
      [
        72.223583,
        73.310708
      ],
      [
        75.283292,
        76.380042
      ],
      [
        77.572458,
        77.894917
      ],
      [
        80.521458,
        81.613708
      ],
      [
        83.391875,
        84.472167
      ],
      [
        87.341417,
        87.726917
      ],
      [
        88.771375,
        89.102625
      ],
      [
        92.408792,
        93.50425
      ],
      [
        96.837292,
        97.941333
      ],
      [
        99.916042,
        100.307292
      ],
      [
        102.570583,
        103.644792
      ],
      [
        105.174875,
        106.273958
      ],
      [
        107.391125,
        107.739625
      ],
      [
        108.824083,
        109.176167
      ],
      [
        109.518042,
        110.004208
      ],
      [
        112.002167,
        112.358458
      ],
      [
        115.737208,
        116.688
      ]
    ],
    "segments": {
      "Sun": [
        0,
        104
      ],
      "Mercury": [
        104,
        204
      ],
      "Venus": [
        204,
        453
      ],
      "Earth": [
        453,
        567
      ],
      "Mars": [
        567,
        788
      ],
      "Jupiter": [
        788,
        861
      ],
      "Saturn": [
        861,
        1081
      ],
      "Uranus": [
        1081,
        1149
      ],
      "Neptune": [
        1149,
        1465
      ],
      "Finale": [
        1465,
        1568
      ]
    }
  },
  "ko": {
    "duration_seconds": 110.88,
    "duration_frames": 3326,